IdM,IdE
3231,3185
4879,4901
4667,1701
924,1395
257,886
713,4672
2816,248
589,3920
1785,1883
3829,1101
1163,1121
3974,3777
3902,4228
2551,1587
578,2063
770,4920
3830,1715
1427,3887
937,4663
2258,131
444,4969
3230,9
990,1592
3599,1020
4589,1501
3976,426
2603,4663
4067,3102
2935,3284
493,3960
4996,53
3935,2371
3447,1730
819,1233
2564,4372
391,3669
1658,2593
2061,1351
3215,693
337,1194
4866,4381
2916,3411
2469,2524
1320,993
3448,3018
2239,2380
3891,4160
2674,770
2832,3684
2259,3931
1702,4256
3202,2345
4330,3618
492,2376
309,833
3262,1983
796,808
4743,175
18,1711
2188,695
851,4253
2526,737
4280,4534
782,1265
457,2204
690,4162
350,4487
4476,190
3592,491
206,2799
3090,4745
1758,3371
421,861
2284,2038
4482,4070
3528,1035
3068,1940
3652,3751
313,2042
2947,3794
493,1516
1152,4908
428,867
2985,2911
368,270
291,963
4006,1570
3543,4673
416,4218
3592,2402
2475,284
352,1486
795,1636
4332,1924
2501,286
1041,4268
3678,4964
4406,467
1902,2160
2410,1420
3491,793
1971,2597
1018,4478
400,2762
3646,221
4037,2324
3455,2430
3376,234
387,2011
986,785
2166,3781
3363,219
965,626
3766,102
3407,3755
4453,3979
4922,220
2288,14
2025,3184
2559,4591
4734,3551
2361,1970
103,59
2721,3389
151,3018
4329,3152
1507,526
2130,4674
2419,725
4923,213
2136,2771
2162,3766
1935,3874
4326,815
2814,1656
4321,2112
2592,2307
1495,2017
2015,2218
3322,2107
2181,4964
302,3230
4644,3639
1359,4905
1646,913
4370,4391
2554,3364
3518,3729
68,1504
4412,3375
4548,1768
1616,2125
409,782
1692,2262
2164,740
2416,2208
4889,940
4183,1838
4307,3961
1549,4052
3884,4555
4747,2987
4784,315
4138,2144
1579,551
2241,870
1039,2963
3294,1898
152,607
4908,4136
63,1430
4406,2983
1453,3954
2474,4262
301,2105
4593,2230
20,3340
3869,4874
1505,4057
3269,4409
1634,1114
3631,263
166,3758
1816,103
2148,4283
4997,112
4000,2970
4281,3410
2862,1061
1809,3691
1550,334
4063,2585
349,2435
3219,803
2088,4974
4659,4629
703,2313
1565,1856
1708,1368
3502,3505
2371,4873
1316,513
3654,1309
2296,509
2756,4976
2293,2301
347,268
1920,3644
439,273
733,2474
3034,47
905,1740
4530,4534
483,2074
815,4681
1604,2274
2660,2570
4997,2560
329,853
1170,4856
3507,3990
2148,1841
3519,4683
3106,1732
3430,3054
1574,2410
256,696
3286,1570
1792,3611
4495,1221
174,2902
687,4205
1284,3184
4206,4190
1116,1491
3608,1306
3056,1197
2697,2842
1148,4484
2861,412
374,1063
2475,35
87,4209
404,2854
1930,525
1917,2012
2826,810
3981,2848
4405,1075
1272,698
427,3786
4372,2930
156,3274
2178,4950
3854,1223
3809,3203
4771,2665
3708,2038
2492,1338
711,1609
3219,2821
4803,2385
4413,4250
3905,4710
3505,4251
2417,3332
4240,895
3696,3650
573,4592
1637,1548
3067,3781
4175,717
251,1812
3617,2829
4123,4887
2690,3422
2498,2979
1475,2532
2294,595
2866,1827
3716,4202
1278,619
2722,1602
2999,3020
4032,32
2131,1828
1019,1125
3244,1708
3949,3069
3676,1444
3079,1368
3521,2219
329,4182
1653,628
436,3990
1777,1772
1013,4298
4448,1669
3957,3663
4377,2248
1556,2036
2152,2753
1843,788
1303,3016
2527,127
3837,3401
2080,1063
4388,1974
2507,4071
1145,3812
701,797
1152,2197
3077,270
3944,4985
545,381
2112,3220
4847,3297
4965,1621
4249,1121
3955,2723
776,3763
975,395
1660,2348
4891,1286
3678,2045
490,3666
1543,4808
3440,4740
3537,3883
1204,4927
998,1975
843,4840
2968,2064
3260,3281
2835,2382
3994,1024
4742,771
3595,3640
495,4511
4612,1507
3674,1445
663,2173
227,3830
3647,4340
983,325
181,2620
2915,4329
2838,4522
1256,4143
731,4686
3558,4525
3735,4961
3852,675
4205,1146
2316,4341
3699,2440
4424,440
785,1563
430,1847
805,2091
950,3715
1269,599
1767,3246
1672,687
2577,1541
1539,4988
3992,1917
3330,1377
1076,3717
2077,300
2761,1708
4219,2849
464,2268
3282,4318
4162,2142
3437,2510
2702,755
515,1667
4457,1872
3109,1016
3657,2511
2333,3900
3258,411
4429,4245
4637,3037
2307,3993
941,2821
334,2068
4925,3458
709,3117
2678,4348
4453,1688
4142,3511
51,2530
2892,267
3054,3023
2097,2701
1058,4799
2301,2643
2931,2775
2936,3071
4230,3789
1365,3396
127,4947
4120,3392
2143,4221
1773,4972
1807,3849
545,4762
2629,1289
2309,225
742,2229
457,238
491,2084
1851,232
325,2014
2223,2499
2116,702
1247,2059
4051,3431
2709,3530
2626,2167
4556,1718
804,3380
521,950
1326,4789
1180,2249
2569,2983
512,2084
4661,1221
4978,3094
295,7
1202,4899
4505,3346
1959,2953
2035,91
4119,2370
3656,3324
1967,2601
4779,1605
1941,1554
1114,4671
2219,866
1356,1735
1442,353
285,4908
3486,2702
3673,4784
4868,4186
2624,185
4330,4962
3186,3089
2469,3299
4286,2581
4553,3683
3,1041
4201,2079
3975,1339
3759,1087
987,1379
2362,599
3204,4704
2104,3775
4614,2246
62,3904
2912,839
4548,3753
3996,1210
3301,2606
3224,4092
2176,551
4924,1103
3588,3637
3101,3645
26,3091
2819,2650
68,4572
1635,469
4263,1296
1421,511
3411,1978
4225,3724
2538,2247
4278,2724
1531,1906
1178,445
661,3084
2722,751
2905,4194
4882,4998
2380,1264
2520,31
2207,1950
3258,66
1558,2358
3307,1597
203,1783
269,4219
682,4661
3442,3309
4121,633
1640,2604
4757,2032
107,2075
1458,4831
4507,1322
3494,1150
2411,4088
201,2775
11,3389
3061,2355
4839,3204
984,770
2016,4734
2195,2812
434,4594
4929,2066
1267,2126
94,4565
712,3077
3959,3787
2204,1952
1090,578
185,4870
2023,1055
1763,2897
4246,3768
4261,1477
2988,2135
1883,4106
2345,705
268,2828
2401,109
215,3650
4896,4130
4974,4807
3824,696
4508,1606
1989,3625
1690,4792
3847,3941
1754,1543
1623,2452
1880,621
4369,4972
2494,3818
2486,465
4098,3677
2928,163
1499,1544
3530,2653
2477,1343
2008,1571
417,623
130,1343
1209,4234
2837,271
4525,3350
2516,95
3681,242
3433,1215
1001,201
1778,794
3761,3643
3516,1151
312,2631
3038,2656
1382,2420
1861,1977
2602,3691
686,4307
1437,955
486,2017
406,650
3452,4434
1779,2068
3700,2599
3347,777
1280,1191
4657,3908
966,4930
3429,1427
3419,727
3228,3015
3942,3489
2603,1394
1867,3654
3695,3041
3575,3805
2808,2460
2144,2298
114,2771
4238,4625
1871,232
4950,1973
1459,129
3859,2226
3150,2038
75,4421
3926,2430
617,4544
2143,1201
1888,1038
1610,2806
378,1714
3546,1310
974,893
1852,3250
3243,2466
1455,3454
2797,1962
4447,3274
2924,590
2373,4162
4845,4625
2371,2283
1547,4177
3985,2516
1307,2548
2962,2103
2923,1628
251,4957
566,342
1532,1660
4850,1915
4570,3848
3569,1654
365,4100
3908,2852
1967,2895
39,3002
102,161
3567,4284
4898,860
1506,1356
1985,4986
3961,4314
1135,2186
2338,2364
4928,2330
185,1472
3345,4149
2032,4363
645,1450
437,1759
2552,1067
2743,894
4383,429
1098,195
4993,2110
3785,3444
182,4778
1238,3326
3369,1936
153,5
84,3766
839,6
3757,2005
1101,4021
2392,3757
376,3267
1024,4886
4170,2023
2483,2793
1653,1362
4094,640
159,4998
4887,1909
2906,1104
2243,3301
790,4269
2743,2330
2258,1310
2546,2898
1167,520
2114,3847
1813,3437
4094,1564
1141,422
3013,2820
226,4318
1674,4577
3599,4917
2754,87
1554,2723
1461,2487
3257,558
2714,39
2443,497
3648,4041
255,59
2185,245
4901,1049
4198,2316
711,986
4927,1340
1041,2863
4688,2337
4463,984
980,1511
3182,1213
2808,1278
1496,1454
335,951
724,2221
1200,1748
1153,688
1493,2574
4305,493
4679,110
1985,4356
4709,1265
1285,2594
4069,3860
1685,2773
1517,2842
3774,1432
2484,2663
2742,1062
4830,2570
520,3276
33,3243
849,3094
3928,3966
4523,57
4157,719
3304,1741
4692,727
382,1003
2994,1246
4670,2060
4723,2591
2910,2414
4977,4409
1660,2685
4390,956
3338,3754
661,88
1222,3101
3436,177
4339,4061
4918,3487
1543,3149
4704,2756
2913,1927
763,1253
4723,3582
3094,2206
2877,2287
4811,1359
514,898
3930,1337
3943,3573
4520,3744
3562,1348
3764,814
3982,3620
3644,1113
4769,4220
4023,3079
54,1596
1551,911
183,923
529,4466
4237,760
3032,1562
146,966
506,1805
4928,1521
1137,1457
4354,1051
2946,913
4192,3462
704,1279
2027,4294
4238,3861
4891,3667
3514,2782
1713,3778
3667,4432
4554,2064
11,58
4716,1519
3783,3955
4382,3181
1523,4708
8,913
3640,2218
2036,3998
2850,2983
3157,1943
3004,4141
3321,1364
130,818
575,1963
29,151
4843,2112
4537,4944
982,1865
101,4685
555,409
4684,3621
2564,2563
875,2714
4391,1113
1692,3013
4832,4722
3957,2962
1467,2108
1948,1707
3741,4517
4341,4829
688,3460
1652,3628
1576,1172
1456,632
1247,1856
2629,1850
2564,3149
2283,1293
2607,4305
735,491
3400,1070
2012,190
3963,4157
1753,2070
3410,1831
1916,1882
222,4849
246,4172
4986,4570
2622,4270
679,1248
95,2054
2074,1857
3114,4424
767,3443
4977,1296
2389,65
273,227
1747,149
1838,64
1180,397
96,442
978,503
2056,1546
2016,4259
4204,954
4391,2928
1983,1341
652,2238
253,2405
2514,3266
1913,4185
4140,3224
1622,4252
1706,3856
3327,2659
4228,1153
3621,2442
1946,2225
2298,3959
1236,1391
4785,3168
3010,4981
4195,340
154,3014
3748,1619
1484,4461
10,1809
1028,3285
982,3982
2448,2872
139,976
1051,4873
336,4980
4976,4180
2935,4715
4082,1681
1588,2052
521,4277
3254,4374
3424,4674
3403,1515
2443,2382
348,4809
2908,3199
3166,3548
3373,1130
3039,3947
3462,3410
4112,3365
1508,931
773,3843
2482,2880
3012,4125
2759,4930
3097,1013
1300,4147
893,1751
3891,2793
4588,3863
2838,1687
168,2694
1439,1314
2043,4882
3390,4242
323,1521
1400,4227
3345,3753
4193,2363
1726,1057
1369,447
3996,3539
3376,2525
2021,3203
4977,1546
2902,4247
4,1015
4147,989
2521,2727
2102,1439
4605,2867
602,2428
2793,3877
3729,3342
2429,3599
216,878
3880,4823
2232,2020
1730,4368
3953,3764
582,1298
910,2338
590,1551
2184,2351
3606,1366
942,1034
3205,4408
423,3817
3463,1726
1067,1908
21,3156
3733,2830
1214,2542
3622,2459
489,1627
4154,828
1478,659
3425,1577
3732,390
3717,2063
3440,3544
2464,1902
108,2525
1340,426
3571,1836
4819,2966
3337,1453
1631,513
1111,1238
1294,121
265,4849
775,632
4429,1411
2041,712
3802,3334
40,504
651,1795
3411,4884
4606,3221
2748,3471
2407,2106
3360,363
2897,959
4320,303
159,3162
2,533
4843,3059
1818,510
3454,4928
344,2695
1936,1012
4158,1993
4624,1470
2462,368
4536,3593
3767,1711
3950,2730
1758,1663
4412,313
3385,1750
4354,555
2275,3343
1623,3962
3243,2936
4168,3903
973,1236
4361,3906
219,2769
3182,1329
3246,1818
1245,4284
1404,4736
2462,726
3103,3539
185,4470
1849,3899
2046,1206
3063,4058
2218,574
1517,3182
3817,4594
3861,404
3949,3769
2445,409
3138,1554
4900,169
4582,626
4382,762
4857,2957
236,2881
1122,1375
2539,2919
2683,2988
4737,2926
3678,1373
3782,3442
1792,4726
2989,4477
4489,521
2066,3972
4442,1392
4341,3622
1117,27
4223,849
3538,4494
4100,1849
3015,4749
635,1686
1343,4000
328,2060
4837,1322
2290,200
2756,4783
2335,1054
1718,286
772,4071
4382,4847
3832,46
4746,4431
2558,2443
4953,2566
1427,4593
2422,1014
4469,60
2800,3726
2306,4629
1801,887
490,2236
1147,4376
2524,1432
4448,2812
4325,3658
1126,3571
741,4227
2176,4299
1745,2059
4872,4566
871,1343
605,4266
3850,2494
3199,4485
3193,1569
4737,1886
697,2599
1811,2224
4764,1159
1794,4031
1974,2055
3203,958
2082,4170
3558,2957
969,3862
4204,1901
2584,3262
1379,2775
2364,3371
4364,273
1557,3478
2802,374
4054,2581
1666,1401
4779,4351
4145,3524
1646,1023
14,2581
1830,2201
840,566
1063,2385
962,4672
3055,94
1077,2728
3224,1414
1573,92
2968,1326
4861,332
1507,3340
3592,721
4214,3419
58,418
798,1353
843,412
2622,922
4969,4048
3842,4466
3512,2065
1610,4110
1321,23
4401,3913
2447,4660
1249,839
742,2911
3449,4864
4185,190
4565,4400
1269,1730
1448,1231
2169,1701
2471,2313
4675,1371
1762,1615
2144,3869
2166,1998
2654,4135
4746,2133
4093,2650
3047,1113
561,4447
3902,4790
704,846
2516,2935
3253,1912
486,2894
2026,3634
427,133
220,4527
1715,4427
3019,527
4687,1092
4084,3941
4849,857
18,4170
500,2032
317,3586
4177,1863
1622,2978
4106,863
2409,3665
3448,4109
2652,4959
4700,2545
4478,1437
810,3565
2734,4406
4982,4420
601,3275
1401,2861
2536,1727
1800,791
4602,1935
4533,2760
2934,994
3856,1865
2206,1692
622,957
1279,3113
3460,369
2711,2463
689,4806
675,3365
4928,3604
1237,1086
4072,1512
4569,583
1640,1761
2186,3701
1071,2195
2855,1755
4980,390
362,1545
4076,1225
3733,3122
901,2258
2253,3941
519,2263
4536,3454
2054,25
4660,2946
4179,1918
2784,1874
4797,1132
3574,3693
723,4565
2503,1242
3401,1048
3604,2835
1757,4690
4601,2736
266,1771
2095,3630
4625,1156
2184,4109
1560,465
1819,3732
2694,4951
4427,1788
2968,1570
6,511
1166,3679
3419,4802
4380,3150
4923,2342
1507,1350
2377,4424
2740,1655
2080,301
666,152
1268,2372
4077,747
2140,3164
3509,2144
1816,2649
1035,4494
4029,3269
61,4453
595,3006
3678,1222
4518,2460
4359,2371
3201,850
4902,3031
4417,3273
3644,797
1984,1433
3942,300
3854,3934
3416,1313
2326,3597
43,1502
1234,2340
746,1963
3782,2491
1626,3765
1291,2734
2991,3013
2244,4484
2835,306
4139,3373
4903,1675
4019,258
3508,2419
1411,891
3184,3619
2646,4660
1352,2552
2487,4696
1601,2029
2316,4975
878,1099
1443,653
3756,793
3369,3610
4804,2804
1201,2416
1521,4785
4251,4320
2681,2703
1358,4851
2954,1905
1510,4821
3973,4089
3370,2784
1230,1795
1795,1328
801,281
1759,4235
1173,619
4631,2833
4926,2034
3430,2087
4185,1976
4040,2195
2878,66
2323,2182
1262,3993
589,2631
2210,3330
4198,4513
1549,3762
1640,1554
4932,4450
1983,3387
823,2961
2153,3087
1749,2793
521,1544
3302,2234
1503,2637
3227,1972
2127,3412
978,3537
4961,2049
2022,810
1465,2372
4277,4640
3492,519
3823,1009
2509,4363
2184,418
1069,2406
4423,3893
128,3742
3529,2509
3710,1378
4937,4458
3657,1042
1929,4268
3148,940
3687,3609
3022,434
3465,938
3158,1592
2075,469
563,2696
2803,3755
4012,4923
1987,2230
1871,930
2899,4022
2107,3748
1573,3260
4580,118
531,4368
502,908
1212,1828
4054,2249
4059,60
3392,3366
2645,226
1307,398
1824,2430
1360,3164
3380,3863
2401,3377
3450,2385
22,889
1766,1723
2893,156
904,4628
4676,3728
4763,822
2359,1698
1326,2372
4541,1941
4926,393
3225,17
3568,2627
2788,3296
4281,2596
1725,2040
2641,2578
1855,4295
3477,4330
2210,4373
3612,174
3850,177
1801,4948
4044,1779
2142,4953
1245,1085
1480,3991
3644,4313
2252,2742
1790,1313
4667,997
1204,3545
2105,4683
4437,242
601,663
1977,8
2859,167
4680,4225
2752,2442
3303,1645
1149,3778
495,2866
30,993
1670,4523
2865,4447
776,336
3000,1664
4340,4108
1549,429
4792,4294
1908,3784
1754,64
1450,4430
217,1838
2463,1595
2620,3942
181,1580
1875,1898
1909,4271
158,1914
2145,1290
4600,4850
4863,1925
4720,2516
3347,4479
310,4116
1849,3382
2270,3366
305,1692
4314,2167
2907,75
4243,2947
3090,4041
752,751
1273,3866
47,3582
2326,4949
2860,463
3363,3856
1742,756
3863,3719
1630,1588
4958,2559
3112,833
2265,676
2115,1773
3555,4450
1360,2751
618,2830
4561,3385
2898,2608
375,4977
594,4576
2543,305
712,46
2285,3764
3005,3325
2690,4177
2967,4977
248,4196
4862,3468
866,2127
841,1218
3724,4289
1539,1314
2768,3319
1902,873
4108,4838
2054,3138
4981,3498
3052,2932
2428,3770
4881,738
2373,4698
4240,1967
4489,1865
565,3940
3857,2847
2603,2733
575,2470
3293,1901
3008,278
2772,1602
346,2828
2772,4975
507,1026
2249,3847
4347,1299
4659,3915
2049,1183
3181,393
3686,2612
3330,2572
3079,2509
1371,4069
2943,813
4108,1013
3155,2312
1773,3524
2358,3195
3179,4072
711,381
4545,194
1888,1036
1949,1550
2223,2834
4969,11
368,4404
1720,4158
2016,1912
3328,450
1240,3375
3905,2221
4780,2935
1701,1222
4594,1873
4307,2337
1273,521
2499,1923
725,924
1985,3032
689,615
3122,2288
1150,1847
4217,1315
3456,2625
1265,780
3550,4548
3662,1561
1261,2742
1614,4745
2368,4079
2302,1628
2669,127
1160,1479
852,876
3210,469
2402,2485
3142,283
563,25
2090,1717
107,2185
3311,87
1299,1023
1879,1110
4300,1917
4691,2010
1484,440
3333,189
3077,2973
2351,3971
2615,727
4998,309
223,4621
4593,2399
3689,2249
438,4635
2649,2244
2319,2318
423,96
1948,438
4224,3587
4929,3202
3876,1997
4513,943
4164,1460
3738,2934
2257,2987
847,166
4741,1126
914,952
2510,2287
4229,1097
3765,4639
1845,3167
1320,3255
4049,1430
1962,1229
3154,3736
2515,3221
963,4967
3451,3710
1631,1322
4941,200
4398,2066
1569,4861
4734,404
1815,148
2565,3252
4614,3599
4544,2653
4095,727
754,1392
486,952
2407,681
4842,3280
1371,605
3274,3451
3729,3410
2634,3777
648,1050
2419,1979
3161,1722
1262,3722
3444,794
4400,3509
3997,2787
2683,4209
4825,3877
1816,1048
3353,4433
822,3568
1094,785
1927,1417
3680,264
1126,3811
853,3903
4937,1623
3800,2992
2992,257
301,1765
3095,4030
4379,4359
3524,961
1384,3837
2304,2106
1867,3027
2153,750
2413,4910
1748,4147
1454,292
2387,3383
689,4477
1495,901
340,834
3296,1498
4026,4594
3126,790
3956,3046
1291,3915
2522,2773
3092,4939
4154,3782
1445,3759
885,1897
1449,3063
4859,1425
3212,3736
1748,1324
3730,3340
2039,1777
405,3862
994,2975
1336,1829
3164,2519
4362,500
2654,2619
2358,3824
286,3960
4147,3382
1779,103
2338,4530
3158,3473
2626,1914
2518,4137
69,3415
2716,611
491,399
1898,2746
129,1373
1571,4509
2519,1542
3281,4892
1082,655
1929,4721
3141,3385
2635,4163
4208,4440
4365,4273
1314,3117
2382,960
2715,4419
1403,1659
3122,4627
2165,4879
785,3953
1580,1395
2322,3237
4126,37
4569,182
1375,367
1994,3135
3600,1769
617,1353
2730,495
1974,1159
758,611
840,1602
2056,2579
2623,3554
3681,2856
740,3306
1628,4737
520,2776
142,1338
4758,4565
980,1117
2259,3499
2448,556
1953,2552
2089,2056
2051,1208
3131,4787
4666,1788
2848,4236
2762,3447
4343,1691
3144,3694
263,4614
2596,3519
3756,1530
1293,438
1818,3714
3152,1171
1730,2548
4593,3042
3812,3326
3679,651
2492,1308
4393,2568
749,4758
3386,3087
2522,689
145,628
1908,1552
3446,1726
238,1745
3620,640
4150,1812
4813,4526
2822,3941
4934,1087
1492,2368
3924,1835
3749,3202
2671,3153
2089,637
3385,2537
4391,4816
4281,4501
3920,574
1997,2215
1332,2063
3214,4060
3665,3909
1107,918
2990,4341
2265,3311
2243,3491
447,1002
3724,3133
703,1664
467,1276
3398,1605
762,2764
2528,3062
1919,946
610,2866
2455,711
4751,2726
3247,2447
645,112
420,3392
728,2086
1356,4165
1853,818
986,4099
1086,729
4584,3270
691,2861
3306,3108
4788,302
4268,4445
3419,1031
3040,2923
4532,4276
519,2058
616,199
4763,2227
2253,2062
2417,286
1699,4779
295,3960
4256,303
2166,4245
2039,2715
2046,4084
4315,656
4379,1119
4205,2668
3236,3308
4752,3065
4623,2238
2923,895
3864,4244
3380,2438
4134,554
2789,4449
4076,4813
1929,3020
1227,2541
4358,3003
2047,1059
1475,1005
3080,3989
3692,401
1530,2668
4557,780
2301,2586
888,3497
4221,2337
2481,4868
2263,3153
1087,4671
4123,110
151,2150
1070,1185
1529,2300
4585,414
4538,3150
3039,4018
3569,841
4459,309
1885,4480
4580,3730
4729,1379
287,2628
529,2303
2871,4288
3019,1634
1020,3020
4432,4520
1813,4032
1802,1592
125,4382
1965,4902
3246,567
4745,1364
1819,2467
1767,933
1752,4137
2077,4160
4752,2470
1890,3906
2904,4292
4693,452
1634,4404
3326,566
3505,3011
2340,2897
3369,4056
806,3271
4853,4043
722,3975
556,3544
1552,1868
154,1681
238,1404
976,3548
80,1509
2568,4854
4773,4381
4559,110
2354,1810
689,2287
3848,3934
1671,3882
4122,4354
3825,2006
1852,862
3867,1290
1749,1993
2246,3662
3488,2887
2451,644
2248,3031
70,2538
3054,4185
1146,3187
3767,1802
951,4606
3804,1391
3644,1227
3584,4445
356,3989
2606,1946
1979,1716
1902,1429
3340,4159
2568,436
4153,3801
1547,3282
3686,847
4716,76
4679,43
1364,1438
3462,2054
3587,4887
2977,1777
2456,2972
4265,1183
311,946
4989,4674
265,2562
567,624
1178,535
845,4519
4330,595
2506,3618
407,1678
65,1199
193,115
709,3304
4719,1527
1500,990
876,1956
3574,3090
3255,331
3414,956
3336,1517
88,3711
4498,3916
3406,4016
4684,2125
4498,445
1003,4651
545,4631
3407,985
3650,58
3894,1843
1553,2817
676,3120
4641,2706
3405,2450
4932,447
2004,2977
1391,1177
2526,2294
1482,1321
2627,1307
3110,3982
1331,4297
62,1603
1811,2930
2981,515
2878,3310
260,3441
3918,1335
2847,784
555,1729
1372,1882
4851,2295
719,3122
1970,614
44,4899
3139,2750
1602,821
594,1682
2376,1155
515,3408
1790,3343
4866,983
4122,3649
4878,977
4796,1037
3104,1832
2242,2164
2905,3714
1545,4512
2565,2613
1492,1188
3987,1784
2310,2993
483,4415
4355,3242
4643,2828
3487,899
4055,1059
4270,497
1180,291
251,3637
4096,638
1343,3795
743,3287
3255,3841
4124,3022
3947,2574
3926,1320
3103,342
652,4312
4709,3194
2672,3796
2916,2664
2622,3883
4995,2956
3576,2373
786,4211
4565,4978
1127,323
987,1201
4968,4652
3873,3666
2410,3114
1262,1805
4251,3929
1440,282
110,1171
633,3305
3342,1383
3561,4461
981,4981
3682,553
4598,1497
4763,3325
916,1144
1524,1912
701,2002
2266,3097
4745,4042
2743,2186
3496,1867
3022,4263
3735,4842
283,3062
3554,2463
3681,631
582,4476
4973,3975
1028,2312
3380,4653
3161,2369
1174,4551
4000,4846
4852,1604
908,4573
100,2951
4861,3282
136,2110
2018,677
2738,3834
4895,1534
4339,230
3270,2569
8,215
3165,699
1044,174
3325,3098
346,2971
3740,3168
206,4014
4224,2754
2969,3592
3661,3030
1487,4233
3607,706
4243,1164
1,1501
923,1181
1782,3273
405,295
535,1065
1189,234
2080,3576
1746,112
3173,2541
1847,1071
3103,458
4171,817
1638,3159
2565,4258
1246,4387
4690,2780
4697,190
2759,1657
4131,4118
546,2583
3331,434
1416,4920
3879,3143
3668,147
3213,3745
1445,4926
2444,2766
1366,3675
1085,2601
3376,3205
3003,1642
776,2907
3266,2922
3249,3259
4836,1256
4442,541
1966,3618
4409,1328
277,2047
1435,2617
2661,2770
2473,1978
1268,4341
401,3754
4018,3801
711,1246
2448,2580
4012,3664
2709,1373
4495,2369
3640,4082
12,4275
3410,1762
998,506
4503,3277
4133,487
2128,2208
2463,514
213,847
4753,2114
2982,2188
840,4237
3254,3275
2987,1312
1424,1686
1641,1325
3632,537
3309,4611
2046,3553
4491,925
1139,175
2052,2301
2634,349
1690,2729
2905,4841
135,4424
3493,1505
165,4458
3052,4077
4498,2307
742,4266
4441,3365
3933,3980
2907,1904
3518,3564
2877,2860
2370,573
3766,1919
3201,1169
1892,1441
3778,3028
4846,3441
660,2268
855,3815
2813,546
1851,2637
432,4022
2980,1565
689,1875
4330,3419
4510,4749
1346,3836
2294,3865
373,2996
2225,1186
1720,2155
3208,2202
2926,2756
1009,3776
2938,4788
3769,3314
2247,4535
196,3302
3550,1433
3345,1931
873,1035
4474,4420
2812,1209
4102,3400
1373,2785
2663,3246
2082,925
895,1532
3118,2159
3923,1890
120,3002
1324,1061
4822,2921
222,3928
487,4528
4598,3807
3016,3498
4521,4204
3538,2447
2953,420
2091,4893
2115,4958
3351,4714
4651,1532
3113,3299
1626,2942
4986,1303
3278,449
4842,4323
1740,3709
3264,1761
4454,1849
1745,3698
3720,1357
123,1819
3303,2478
4719,4605
4788,4740
1619,565
2381,164
2219,109
4200,3026
1703,3611
1877,1253
1219,2289
1275,4876
3289,3013
1605,1702
2216,493
2057,67
146,1448
1971,476
1399,3672
4167,509
1052,2316
2320,3526
4833,4402
1575,1466
2542,3296
1340,4843
1727,865
45,4457
251,1742
2731,997
2037,3423
2442,1779
1257,2819
1642,1878
1679,2050
2930,271
4124,3966
3407,4565
570,2441
4829,3289
2640,4532
1952,1140
4506,4277
3698,3877
1040,851
395,4542
2501,1343
4734,2769
1006,1093
339,421
2104,2431
647,52
3897,3823
1152,343
765,2957
113,2968
1951,4369
2833,4759
736,807
1265,3854
889,2419
646,3258
1275,2330
4813,4008
290,826
4509,2740
402,3621
3099,951
1493,1221
3154,1180
2313,1941
48,4163
3541,1993
10,1459
3925,4312
2554,582
3323,3081
1040,3696
505,1535
3390,270
2386,671
3812,2991
23,2824
183,26
3943,976
1289,3954
1862,4698
2485,3241
1256,4847
4049,1926
4932,4634
561,500
896,4675
4297,440
390,4139
2911,1120
4885,3677
3127,1776
1789,2689
2665,2866
2702,326
3830,1993
1727,1490
3036,2715
3400,3956
4190,1712
1562,3647
874,3930
1453,3387
1899,1935
4549,3233
798,278
1957,1545
212,3589
4499,1314
2552,2002
107,4954
4330,68
1596,410
1132,3111
4285,2097
1080,1258
141,4691
2297,4585
760,4111
836,3929
1037,1406
89,1679
4895,1089
1334,1526
1510,981
3709,2465
134,4119
2619,450
1252,4814
3323,1560
4592,1126
1198,3036
1995,4549
1341,4658
4613,4193
1357,3699
4346,3154
3349,500
3320,1165
1827,1547
4544,4730
536,4
3142,4676
4243,4653
3987,588
4706,1827
4706,2078
2231,4696
783,1038
2152,4959
3628,4397
3032,219
3466,4625
4001,2192
4181,4428
2080,2073
4429,2550
3343,1023
439,238
2762,1294
4403,1138
1958,3073
4429,3960
4818,3978
1380,513
1587,1920
1971,4929
1531,3891
547,1887
3983,1592
1803,5000
3527,223
1277,3532
4797,111
1811,2766
3037,1423
487,2170
3649,4401
3861,4502
4370,840
3242,301
169,3858
4035,1296
2357,2300
235,1550
277,3437
3738,2627
121,730
4715,960
387,1564
3026,4513
2638,3541
1974,2849
397,1120
4930,3247
2828,4233
1393,4860
3486,1752
4511,4291
2464,2966
1968,2444
1744,2678
4905,1945
142,1336
2812,735
4505,2641
203,2975
3475,204
2339,1658
3171,2514
4401,1711
2932,1682
3692,713
1876,452
4643,1059
2106,2555
3781,437
4991,1358
3147,1343
1055,2075
1371,3377
1537,4392
4604,4400
4482,3534
4496,1038
2783,1338
1602,4994
761,2865
990,1767
4818,2976
278,821
3770,4186
4940,123
3273,4693
3365,4789
2257,1341
3933,1516
912,294
3863,2592
3031,1569
1967,2805
1885,3815
3838,3207
2001,4268
3277,4996
2841,3113
204,3874
422,4159
2582,1710
1086,457
3420,4034
2377,2178
2824,249
3380,4400
2322,418
2295,496
1258,4323
1834,4599
3018,1916
3070,1594
4702,1607
3028,3806
3841,2433
1602,1721
2560,1118
539,4494
2805,4981
4132,1237
537,845
2237,1002
2456,4895
3907,2108
695,3570
3950,49
342,664
3533,1342
4985,549
4495,2752
2550,2610
2869,2848
2,3915
3470,3565
3962,2198
2740,4277
1390,90
4527,637
2322,778
3629,2886
2653,4078
603,1556
3974,280
968,1254
3445,2779
4749,654
3358,2572
80,3377
4568,4325
3389,4536
4077,2413
1949,1766
2566,1887
4492,3597
299,4423
1576,355
2298,23
2608,2518
2108,525
775,1465
948,2837
1962,1946
1709,4708
4340,2658
213,1782
285,3011
1297,2158
2403,4974
4318,3320
3650,4175
4911,2717
330,2038
1069,1501
3688,760
3214,4623
3019,2940
4106,1086
2925,1224
3000,4864
3745,930
2088,811
4281,392
3785,35
1340,544
3556,820
2120,784
3992,4883
4853,3469
2145,1133
1306,2397
2894,2918
4120,2391
1901,3529
1104,1252
1334,3060
4986,410
3141,833
4916,2683
3916,4026
1610,3565
1403,536
647,3884
949,4935
3454,2818
1647,750
2223,679
3599,568
944,4973
4049,2064
2770,4457
3645,1517
4530,2703
2150,4872
3401,2279
938,4955
4821,1258
4361,1977
2205,2616
1915,2672
2231,2228
1058,3756
2816,4984
2228,2494
4677,1747
4097,4146
4664,3499
1872,4545
1018,3011
1141,806
1200,1462
3401,2324
684,1023
3118,305
3302,2137
4033,2178
402,3641
3679,2770
2221,1913
4142,1337
1278,575
4940,2136
3819,647
509,2409
3114,3306
3300,4619
617,3712
1397,4433
2491,2567
3948,4216
232,1898
338,2372
4994,1288
14,4807
4606,3473
4590,3431
3923,4449
4344,9
3015,504
3227,4295
2100,291
313,4504
4267,654
3630,1525
2061,1114
3327,433
3727,384
80,3421
2226,462
3453,3772
807,2766
1963,501
4308,2682
32,4738
2688,3550
714,623
694,2362
241,979
156,4206
3707,2975
3223,759
4701,278
2278,4087
2545,1939
426,1692
3203,127
884,1024
1367,2791
4123,120
5000,4779
22,3083
1279,1921
1606,121
1830,1296
2567,3077
3450,4961
2067,3262
1116,2110
4516,2878
2876,1213
388,1083
523,1614
2735,1004
1986,4992
803,1256
303,4666
3166,4808
2820,2984
4809,2090
1346,963
764,3395
3882,1374
3321,4230
196,1280
2464,4715
4544,2367
89,2188
2479,3576
3770,2005
806,579
2380,1622
2726,3788
1751,2112
128,1505
1071,2057
1179,4036
4773,2859
3344,2367
2585,841
3134,3298
4736,1538
642,689
1340,1629
4241,3521
1972,1226
4789,1669
2514,4943
2490,2135
314,2266
2656,373
584,969
3074,4236
4284,1377
4490,4357
1401,3710
1424,4185
700,3258
2335,1580
3921,1830
899,1274
1980,1951
2686,513
959,2297
3889,1880
2058,2835
2084,1922
627,4666
643,2379
4955,2742
4678,1392
1296,4237
1519,2018
3767,3142
1628,912
948,4882
2369,2445
3035,454
4345,3665
4228,2464
3626,1568
4986,1890
3535,3948
491,943
4076,2419
2977,3276
980,598
2114,2107
2450,4008
3711,4496
3770,2628
2076,2353
1866,4004
3615,1094
3693,2469
2789,3173
1648,4889
2595,3839
2682,2714
400,1301
2307,4784
2801,3106
1612,1206
4460,2531
2345,1409
30,1644
1581,4661
3142,1321
3087,89
3823,2653
3096,342
3709,2859
4021,4882
241,3523
838,4718
4600,1242
1882,2373
861,1063
2485,3550
2897,2708
662,246
109,1345
157,1836
838,2456
3276,3696
4289,3143
4070,3883
3339,381
2053,3187
847,85
4780,2712
3147,3452
4806,2436
316,753
1071,1818
3165,2812
4707,1919
2422,3067
1113,4044
1902,3974
3371,1308
1004,4867
1989,4644
4154,3519
3995,348
2322,724
4455,2012
4142,1135
1215,4038
3676,3927
1948,1812
2240,4126
4000,2534
4711,2739
3970,45
3145,4113
473,1000
1171,2759
228,1381
1404,1876
2275,4522
2768,1727
1197,2972
3122,1536
786,1538
4756,3303
3508,3525
283,2268
4,2593
1256,3726
56,1631
3549,1517
3461,766
4626,2302
3322,3465
1717,3003
3585,2888
4999,1893
3935,3853
548,2341
264,2663
4712,3180
4097,4871
3368,1171
3442,88
1041,4811
2993,918
1170,485
684,2376
649,2238
2473,3021
3843,2054
662,3670
3387,2656
4135,1829
535,2030
158,230
72,1812
1156,526
4767,208
3672,3572
2150,1517
3481,3852
77,4385
2642,2984
1739,2462
2998,4770
4715,3326
3361,2324
4199,3035
2950,109
3678,4308
1813,2783
3290,547
992,4071
2306,144
4774,1881
3125,2964
4059,4046
1799,1313
4578,1741
1661,4088
3948,1447
1274,4937
4318,919
2042,869
1103,3001
927,244
1092,2894
4751,4515
2664,2756
1105,383
1102,342
4317,2341
4539,3570
4775,4908
1151,3515
161,2033
149,4028
2384,2673
1837,3259
288,1670
1967,3527
3312,449
3238,3170
1828,482
1371,2140
2297,2507
1907,123
1052,1716
2012,1643
3193,3052
6,2420
156,312
4256,1497
117,1821
2208,616
24,884
2624,1422
168,617
1283,998
937,4408
467,4151
2729,473
4201,882
4904,3266
3128,1135
811,3591
3731,1667
2043,3185
3194,4196
1141,4856
3589,3750
2208,1004
1936,2185
2359,71
1172,1352
4636,1563
2466,1632
4904,3949
2280,2933
4503,857
963,964
4208,4565
2724,4507
4952,3907
3115,866
809,2509
895,1319
2551,1032
178,1220
2598,445
2569,2376
2240,3069
266,808
1854,1324
1817,1309
2241,3717
4450,2617
980,4256
1653,2157
1275,3660
3299,2710
3687,309
2957,3392
322,4497
4770,2148
1198,1404
3700,4470
3736,2268
3157,550
3678,4480
3630,4745
1887,1856
3804,4048
975,197
4912,200
1295,4874
3751,2179
165,1126
4639,333
1268,3664
3858,3690
2575,4229
2564,4885
3428,4969
1556,4347
4678,4480
1188,742
1676,1541
1139,4930
1216,3330
205,4438
1555,983
1028,3695
3297,4825
1178,495
472,1746
1620,1296
2506,877
4090,838
3221,4010
67,1725
2283,2693
1448,731
3266,1621
2900,1530
425,4468
1421,925
2615,1354
626,2907
1161,1641
3131,432
1211,1219
3182,3300
96,4080
4989,4982
2262,4328
2798,4014
106,4929
3952,695
1869,925
3026,4370
3423,4771
2702,801
615,2652
455,3216
3531,555
4520,3425
1285,1734
1808,3407
153,2184
4133,4808
4502,3905
3200,1431
2648,2813
3376,4844
2792,631
275,1804
942,4194
2597,883
2207,886
591,205
1149,25
3256,1602
1148,4714
353,2369
1578,1917
288,1426
4302,5
314,4618
4752,970
2970,603
1437,1246
2159,2876
3225,214
3877,1684
1723,1132
529,3498
275,1407
843,2892
732,4825
1704,1631
2206,169
2531,1094
4920,1472
3180,3345
4265,2806
4852,4773
955,559
42,2158
4576,3160
1150,4602
1677,1353
4834,707
3721,2969
4987,2519
1835,3390
3330,3258
1187,1419
4791,643
4619,713
1523,1624
1375,1342
1490,4482
3881,4854
2530,3288
2826,873
3493,2857
4108,1330
4507,2319
4870,2769
4018,2922
1514,1168
538,4771
185,2363
2257,1336
3267,3771
104,3235
1022,698
1660,3521
1047,939
507,601
114,2505
495,4140
1104,1440
4981,1793
1150,3546
4445,4866
4165,3638
3490,2711
1691,3015
4579,3814
3886,402
1164,225
3667,765
2741,1367
81,4244
814,4059
254,3869
1255,1619
2767,3797
759,2824
4536,1510
2144,4641
496,3811
2114,2400
2127,2510
2435,824
1570,3845
3578,1837
3991,758
4736,4455
4162,377
627,2127
2996,1391
3329,1756
1131,2676
4179,4791
2678,796
4404,818
3638,3426
202,3355
932,967
2713,3497
3937,2131
4350,2845
46,155
4171,3
715,4327
3080,2712
1997,4976
4017,3632
1163,3389
2639,846
4785,2749
1882,4719
3303,1463
2899,3248
2505,4676
3714,91
2501,218
1316,1172
3590,2136
1410,3780
1216,3825
3262,3733
4465,2397
146,2130
1025,1926
3445,1119
4659,3918
3010,3419
1548,2650
4318,2561
495,2190
3187,995
2941,1255
3555,510
2945,977
3965,4418
3052,1112
6,3738
885,2420
4994,3133
4157,1269
4721,4308
3116,3339
4039,4081
1245,2048
4850,4001
917,2710
3734,1286
4609,1408
1741,1552
1360,3886
2030,3929
640,3675
1971,3583
1886,3624
1785,3106
4446,744
2182,2564
4629,3247
1613,3504
140,3331
4082,1729
3257,4770
4169,3366
3375,3207
2591,835
4992,4961
1782,1319
2701,3638
2042,1399
1063,3734
4176,2830
4366,4809
4504,2700
910,757
4886,1784
1230,3250
2572,2279
3437,808
2373,2277
3879,4109
4686,4285
3244,1779
4364,660
1716,1587
1922,2607
4561,1976
1274,4259
3465,805
1084,103
4020,3799
1190,3047
3914,3721
1876,3717
1565,3558
1464,2045
3213,2812
37,2491
243,2137
4491,1568
421,4638
3398,4590
4823,3490
3353,3486
2446,3376
1561,4785
3114,1154
2234,103
2312,3255
214,4474
4872,2840
2302,1240
4081,4564
3664,1061
3206,433
3115,1133
3458,2814
3163,525
2529,3321
3195,523
1320,819
1791,2892
1521,611
728,1444
4449,2625
3231,2982
4123,4087
3125,471
4463,287
3176,4042
3471,2854
2879,2975
1843,3992
566,2886
60,121
3883,3501
1591,3053
3970,2621
3064,3995
2746,3182
1571,1495
2764,2312
4740,3400
4192,997
1224,3720
675,119
387,799
2651,2956
1401,4824
3280,4509
1338,3188
4330,2745
4301,2883
3871,1559
1503,3702
247,1380
1075,512
3530,2532
2406,4977
2362,3031
3537,1222
2745,4840
4655,2148
832,110
3159,3938
1460,2798
195,4349
1508,2747
4005,4229
3419,328
568,1882
1350,3952
2896,1239
1586,1137
2367,4591
2492,3310
4848,1503
4821,555
2575,664
4128,649
4234,2190
1083,4365
167,2026
1288,4760
4810,3646
2951,1603
2619,4591
2343,2776
4860,2954
3764,3111
4081,823
4705,356
1729,216
2704,3690
3680,4533
859,2135
4773,195
4441,2944
1764,2917
333,4681
3564,648
4206,4357
348,1032
4208,4761
3892,822
4433,2919
4150,421
1355,4325
4310,1492
4684,4593
4909,3860
1145,3
4343,4388
4955,3789
3957,1699
1169,359
1926,638
3969,3723
2320,3373
4618,4489
1688,2412
4132,1262
1627,1858
112,1191
523,4816
1886,4223
4724,4264
4803,969
4434,226
262,2211
4890,1022
2350,3771
2279,1591
4530,2644
3959,4881
3711,4017
2311,1414
1884,2865
1485,672
1824,4920
440,3330
3426,546
2124,4432
387,4356
2308,893
3094,3468
3087,3137
4382,2566
4312,2786
1539,4219
3107,4238
1174,3700
1325,1001
687,1015
461,3970
1028,1809
4341,809
4003,3279
3949,4284
3082,2866
3300,3865
560,3529
4728,2567
3992,2237
56,1082
2162,1763
4295,2886
4534,2330
1969,3565
1619,2501
3460,3415
4399,1525
2125,4430
1414,1136
4903,4311
1777,2216
543,477
2191,3036
3520,4221
1117,3949
4911,2382
4842,884
890,2489
2559,1566
118,3414
4172,1359
4012,3994
4670,404
4079,4505
660,2058
3693,2685
1046,638
3143,1456
4255,2602
2858,1601
1190,2875
231,4933
3768,918
3949,3982
2078,2685
2300,2659
2411,4004
4185,4895
4002,606
3790,1668
2595,895
618,1030
6,2962
3332,3884
1067,684
4828,2107
4422,3388
602,781
1711,3844
3232,4968
2936,4901
2026,4659
1474,2546
2376,3503
1191,3781
2082,821
925,3392
4782,1730
4677,2780
374,1266
2319,868
1239,3032
4926,929
2599,699
189,1352
3521,3223
1300,792
1753,3792
2393,2975
4880,561
3151,3929
2488,983
4899,756
2161,4335
548,445
3128,3484
970,2246
2266,2593
3778,1826
386,3158
904,1000
3678,3419
446,3784
3441,594
1073,3531
1654,2486
4912,918
620,869
117,2350
2806,268
2522,4797
2318,3409
1853,3911
4301,160
1672,737
828,2937
1717,100
3024,3415
591,4068
3615,2158
4614,2646
3460,2630
13,2192
1625,1144
2515,3816
4258,685
638,4099
2921,1929
1185,4715
2314,969
3865,4574
1746,992
2847,2743
1126,4162
852,4509
1795,1600
1103,4979
1504,3186
3346,3158
4721,735
677,2561
3009,3975
3959,1929
3314,3188
4939,2807
4104,3098
1596,2199
3362,538
764,2378
2839,4121
36,3828
3099,3114
1593,129
1028,260
3057,1808
2375,4305
4736,3549
3134,4772
2184,1683
2837,234
1996,3133
2835,2558
3472,1229
1557,754
247,4675
1412,3641
3621,2727
4532,472
213,3226
746,3430
29,3801
1593,4898
427,2842
2036,428
4855,645
1871,1970
362,2746
3713,4397
1706,810
1976,4706
101,862
4844,723
4950,1736
317,1732
4609,64
4317,4634
852,1852
1825,139
4952,2026
2060,3590
1759,2919
4893,184
533,1377
4056,2895
2246,1092
4014,4470
1867,2541
2309,37
3451,3614
3692,409
4511,1846
4589,3581
1291,4596
1409,962
2325,3015
2285,4025
4861,2790
3387,3040
1643,3357
2721,4154
397,504
3660,579
2879,1278
660,4267
612,1531
4759,1261
3132,747
2841,1251
2263,611
3501,1080
3486,3977
2091,1495
1948,3360
971,4487
2537,3807
1451,1629
1426,2782
3785,1494
3854,982
4991,833
2258,374
3459,4773
2731,707
1416,3752
2320,2530
1549,3511
4236,571
4110,3359
2111,781
3814,3678
762,2274
2107,1625
3265,665
4435,3073
3599,3282
4954,2692
3267,1198
4567,1568
636,1631
2739,1243
285,4558
4733,2860
3983,3937
2452,4270
628,433
649,3009
78,3088
1358,3027
2678,1263
3658,68
3472,3350
4703,3578
3426,956
3826,1991
2200,154
2988,1371
3446,1709
3216,2800
2343,1279
1239,2986
2477,3516
4636,4645
3469,4004
1896,2928
3687,840
1788,1428
1100,464
2770,4371
1944,3850
285,4268
98,2362
4429,1546
3896,2658
3104,3693
2075,2502
1712,3457
738,789
3768,3721
3142,2605
1382,4961
421,1021
4405,3623
1642,2172
222,236
288,4328
202,1194
4151,2191
4135,4603
3107,4714
3622,1131
3222,3766
2837,4168
4513,4834
1874,4670
2150,4672
3707,1120
2410,3064
1291,4641
4832,1329
4256,4446
959,4479
3144,1954
4713,2779
4089,4838
3812,684
1608,201
2640,3402
1624,3080
3857,4641
4763,3341
153,4971
2786,1499
4392,3223
4849,3909
1784,4182
3648,404
67,2953
1953,2154
3756,2420
238,1031
3651,1573
1977,1880
1604,2157
3672,2553
1214,4075
703,3512
1811,4072
2890,3978
4104,783
1769,1168
105,3359
1431,2390
160,2781
153,3574
57,1215
607,1724
87,1738
3648,4929
2802,3318
3892,607
4978,897
206,3247
828,3132
4586,3195
1201,2294
3262,3162
3659,2064
3792,1322
3315,3709
1958,4350
230,2278
3582,3882
3924,231
2343,3110
390,1085
3486,3428
2301,282
1476,3436
1966,2863
2327,3820
3600,1339
4576,3462
3695,1544
3775,1257
2391,1105
1438,4271
3930,481
3366,3094
4787,4074
3117,4665
3482,3821
4014,3412
3170,4126
2195,1899
3977,4569
1685,2956
1949,3540
4923,2756
412,4831
2782,1318
2393,2199
3026,1128
2129,4245
3237,569
1223,786
3471,645
2991,3097
1313,356
420,2991
4066,2104
4159,4728
413,1162
538,939
2133,2909
3820,3815
2174,2791
3056,298
1686,4779
2448,4568
2026,3327
3421,778
4119,3410
788,4756
374,1871
4686,248
4816,720
4996,4230
1506,3536
2286,4520
148,3178
4750,658
4063,1517
4301,3828
3220,2944
3187,4161
3930,3764
1827,4040
1436,3788
4271,1964
805,2385
1647,1993
629,484
2587,1827
2198,4886
3263,4249
452,1601
3269,1308
2838,2739
4977,2132
2708,4075
224,1566
4922,1703
3943,618
4332,1649
2785,213
3418,4491
4568,2935
1465,3338
2213,4156
1924,951
4638,2710
857,2816
4446,2440
3665,3834
1094,4529
3675,4151
2121,2344
2731,3507
2153,4346
4030,569
2600,4675
1197,2833
4310,69
4994,4623
2304,875
2558,2401
984,4814
3940,1261
2876,1231
792,3810
2032,3197
1246,2728
233,2855
519,1847
2740,164
4134,4916
4278,1362
4296,311
635,4356
4691,660
1745,4400
4395,206
4571,982
861,2318
4938,1587
3223,2915
3548,4739
4621,4257
4533,2628
1505,3418
4913,4348
3536,1153
4304,952
4873,2423
2693,1426
38,27
1992,492
4889,3467
1201,3529
2885,3682
3354,2163
299,672
2068,1932
3591,2710
905,4194
3461,1382
489,3767
4752,2363
178,3239
129,2108
2889,4057
4078,3577
3157,3205
1661,87
611,2536
986,1727
4556,1371
2925,724
3848,4103
4074,2840
4105,613
2533,1311
1470,575
1568,2284
3396,475
3247,479
2543,734
3645,3536
3869,3836
3265,3906
4173,492
771,1255
3573,4989
3470,806
1149,369
1732,4725
330,1614
4494,1670
1970,1943
3074,4590
2528,167
3907,715
2579,4486
3914,2917
3040,846
1192,1483
3808,4250
1410,751
1464,3650
4832,4750
1659,4103
327,4567
231,462
4173,1488
3046,4078
4582,1037
2950,4183
604,829
2781,1616
556,1098
1772,2524
3935,1339
4711,710
979,1354
3139,2355
2332,1582
4558,3442
3996,4830
3526,2485
84,925
2262,4747
510,58
1683,3418
4914,3425
915,1757
5000,2101
2653,4934
9,3302
3118,531
515,2247
1750,3321
1074,1688
4427,1275
1628,2184
3240,3172
2804,2837
2156,1063
914,4187
3109,4435
118,2572
145,851
1219,4926
274,4057
4843,2091
1548,472
843,2174
4287,3470
4022,169
72,1766
878,4825
3020,2193
525,1842
2410,2619
4135,1329
3577,3101
1446,2746
2808,3473
2765,2829
403,855
1421,4981
3189,4462
2768,989
1753,4405
3836,2331
395,4011
1431,4874
3223,3525
2714,2896
4185,3201
3229,4388
3864,1628
3582,2163
1917,513
3745,2067
346,1353
1929,4641
1144,2199
3671,729
2964,1939
3262,4585
534,3949
3192,348
3772,4049
1490,3757
3041,1738
2732,2364
4504,706
4676,4872
2780,3802
4248,361
2277,146
2532,1122
3269,1118
4379,2463
2727,2619
309,3594
3491,3568
4727,3458
1355,3843
1484,636
3793,1344
3188,2569
1462,2659
3215,2721
1223,926
1123,2567
685,2765
1776,4012
579,3989
2194,2932
4970,1020
1857,811
1901,3961
1382,4116
164,2440
220,3028
3871,3442
1141,3324
2208,3709
3318,880
449,4940
3085,250
3736,27
3932,4650
3897,4879
1769,2288
103,4367
800,4980
4155,2739
1307,507
989,3063
3914,4291
1082,2900
1934,886
4459,1741
3066,4452
3290,4001
1029,4424
1368,3659
1508,908
618,734
2096,2602
3199,1394
1803,2177
2015,117
2441,3532
4098,2187
1599,1349
1440,2940
4389,1497
788,2881
4123,1342
1712,3750
207,192
3308,1185
175,2603
2569,3750
496,696
2647,1527
700,132
532,4225
1492,103
2813,4213
2418,4244
2221,1146
3111,70
2003,1013
3006,4356
1703,3561
4396,3408
3822,1423
4168,4395
4156,1531
3236,369
1942,434
2516,4444
2681,2415
687,4089
4567,4850
527,2591
1320,1560
4485,3009
1301,3065
4591,3947
3106,3971
3578,1937
1346,504
3460,1685
2031,1780
599,4739
706,1962
948,3484
4281,553
3694,2292
4035,4384
3224,1999
3374,4686
3082,1676
4655,1063
4566,4855
4686,380
2560,3012
3496,1778
1915,122
474,1455
4944,4481
3598,847
43,473
1773,484
721,1789
3810,4266
592,4633
4012,2740
288,3754
875,156
3944,420
4429,1590
490,2193
346,3708
3180,2585
390,4100
3303,4010
2747,4614
3458,2085
1403,628
4729,4317
4996,3047
4405,667
2488,2401
3017,1622
1508,214
443,1984
2912,4841
4748,2872
397,2776
3840,4786
929,4304
187,4356
3440,4119
3938,1121
3708,4396
2318,2084
4405,4895
2049,2858
1539,2820
798,455
2710,4208
3478,4913
1364,4503
4751,4480
3514,3020
651,3706
2537,2337
4209,1256
215,3149
3685,84
1663,2326
537,1149
3443,4084
355,841
1205,2118
3833,4815
2409,2956
1387,3925
4996,4143
3067,94
4702,3376
4846,1042
4228,95
999,2391
4771,4400
2423,118
4050,3804
2822,1639
123,1964
2178,1643
2991,4380
3308,1444
719,1518
466,363
17,2502
917,1383
117,2742
4990,4521
3571,1994
4370,1233
789,1109
2772,4969
785,4247
4234,174
4005,1593
3286,4837
342,2273
4348,4638
608,3994
2307,251
3161,3406
4871,4585
3845,4272
1071,191
1983,3325
4413,61
1383,2750
4740,2104
3625,1026
2299,2205
408,1287
4330,4148
4350,4855
3273,4612
2124,1145
643,635
2462,750
1428,1350
2162,1125
1644,2928
3790,1088
4677,3360
2034,1363
3824,3083
2219,1282
3186,3421
4897,2947
2750,1177
3914,3578
1722,2993
2111,657
2785,23
1561,786
2855,2979
3025,3127
1166,4282
3931,397
3320,995
2071,175
2051,1797
1160,4989
4636,3286
539,1144
4883,177
4686,496
3249,3531
2196,696
188,3538
2326,4771
4787,199
1552,3160
1598,803
4016,3232
2501,1311
2773,4338
4686,1470
1529,4031
3797,73
2885,3727
3249,4313
9,3596
3653,663
4014,2034
4371,1372
288,4596
2484,3288
739,1987
1723,2749
3381,2798
2260,2753
4856,520
1408,3708
65,2350
4327,192
3813,1931
4807,1444
3488,4381
3815,4126
1371,836
4772,4577
4565,1560
2518,1451
4185,2629
299,109
850,4646
3638,1879
722,3669
4051,737
2462,3201
616,1694
2210,280
1691,4954
3234,648
2111,372
1139,1310
1533,674
2364,4056
210,1155
3887,2168
913,4442
4695,3532
3195,899
1414,3206
3155,3586
1100,1563
4505,2509
612,3284
1517,2502
4311,2388
3674,2867
3721,4976
1402,2201
156,3571
2978,1544
1545,2470
265,640
1230,4875
3553,745
3871,974
1513,3339
2750,1756
3916,1684
4092,4665
143,2465
1150,1800
39,2036
276,1805
289,723
3550,441
3733,1832
3229,548
3318,1174
3816,2484
2088,3955
2396,2838
3255,1514
3780,1904
3558,3855
3906,3408
2925,4600
3492,4479
3438,2242
4547,3891
1311,743
2403,374
516,3546
4109,3501
2779,1124
229,4504
1196,2159
938,3093
938,2657
637,4027
1283,1544
46,3621
1942,3867
4577,2511
2132,608
320,990
128,909
3355,1190
1789,3784
4951,2377
869,213
2139,4595
2323,4928
2837,1505
1422,1603
1394,2463
4449,3802
3808,949
4332,496
4943,3933
2144,1827
3763,2212
3517,833
2955,3348
1939,3625
657,2870
1275,4954
2411,4372
4784,3067
10,483
4491,4282
4488,1498
3326,3665
4865,2696
966,2419
1562,382
2286,744
1069,948
3437,3219
1972,4494
2573,4208
1277,3448
2741,4423
3642,157
4119,1614
2984,151
2111,2055
568,1388
3866,1509
2739,3068
775,232
1677,227
1097,3581
1499,4455
3762,4337
1889,4975
2065,4469
828,927
993,3733
3414,1066
383,2419
1870,3507
2080,1618
2068,2678
3051,499
2759,2267
3306,754
2016,312
4069,1491
2119,3402
3236,1321
518,819
3854,2933
4472,712
2803,4718
2734,664
1878,331
1554,2928
3350,3439
1755,2175
4262,2112
476,1860
583,986
4540,4524
2196,2117
1192,3231
3528,2349
4230,3475
3862,4351
317,1206
926,226
3245,452
2944,2215
4197,4363
2383,2402
1420,609
3895,3347
294,154
3068,4356
391,1254
814,2899
258,1381
50,1772
217,3391
4920,3720
2999,1424
2119,48
4178,437
1360,1304
53,4551
4645,2862
3090,3900
3497,4215
2136,4384
4396,1651
712,156
2549,4787
4922,1580
1746,346
1498,3869
2137,3367
3143,3268
3506,4567
4075,2425
4087,133
4639,3654
2519,4033
3479,1916
206,513
1182,569
4894,2989
3197,2606
1061,2274
3466,3417
140,1895
4480,3168
362,3084
4704,3089
1777,2794
3733,215
3711,4571
4223,4000
532,3261
3663,1097
4119,1727
2599,3294
3405,2984
2072,1893
1377,89
439,4325
921,3951
3175,2314
3442,4528
2557,4310
3195,4130
2520,103
4325,447
1247,1899
996,3423
4730,4435
3566,4917
873,4524
778,748
432,334
2273,4470
3277,4314
2097,2977
2613,451
2328,1211
4855,3618
729,848
3558,1926
373,3380
2406,2758
4022,891
46,2133
2382,2149
2917,1814
1522,133
4074,900
1017,787
2407,1843
4652,4743
4234,1037
3487,3104
633,2028
125,4898
2176,4136
3585,3467
2382,3666
4600,585
4068,1156
2970,95
4224,4202
4564,1959
544,4111
256,3666
4491,934
7,2602
1233,925
2783,519
2109,4647
3673,1852
3844,4182
888,1661
1612,2901
4265,44
2228,539
911,4299
4132,4075
301,4290
982,4025
3374,3788
946,4396
4895,2585
1621,1489
77,4162
2634,1180
4806,397
3445,4558
291,3474
2299,150
3113,940
2876,550
1672,284
1834,2005
4158,1787
1207,4701
3944,2245
2836,546
2323,4470
1756,3625
2376,4879
861,3053
3343,4281
179,3528
4536,1980
4022,4625
933,1085
2222,1819
4513,1426
469,4285
895,2322
3693,4627
789,4734
2698,2776
1022,2342
3664,2666
4292,4101
2954,1795
2238,1711
3948,2327
1542,3295
652,787
1362,3393
4803,3602
1771,4727
2700,3132
4619,2655
2577,2675
1333,836
854,2219
2891,568
2984,3239
2104,4253
1996,908
4123,329
4620,2403
2251,126
204,4761
532,2829
2564,2483
2824,4417
1785,2477
4860,1553
3407,3343
3987,1172
3980,965
1376,4968
2078,600
1305,2813
401,4730
3573,1546
4734,4900
2197,256
3284,507
1483,2265
1557,3701
2504,4933
4238,891
1820,298
3906,791
4886,2175
2882,2113
4307,2818
3964,2410
4792,1244
4500,218
3212,2490
618,329
1845,1422
1554,1039
551,2033
821,850
2004,1136
762,4538
1496,2396
2795,304
4929,4021
1101,1739
448,2960
4533,2502
78,1903
475,1537
2425,4431
3335,3223
3579,415
1796,3893
2457,2865
218,4830
2585,3168
333,3603
3155,2606
1950,2435
2294,3548
211,736
1398,3292
3469,1687
2181,517
1040,3985
365,2553
2760,637
3365,1415
1433,139
2641,1587
1086,4442
4398,1109
3274,4586
3867,2837
1155,3080
2737,2674
4793,355
2760,2621
2120,1375
2553,1451
1788,4073
851,660
2106,2414
4451,3001
4352,3477
4261,4562
1703,323
2121,4940
3250,3089
187,4494
1262,4423
238,727
3328,2056
3157,1243
2245,3166
1075,2262
59,3586
3428,4577
604,773
1143,3294
1788,319
1017,4328
2751,3329
3802,2566
3349,850
3087,4528
2787,1296
1111,3416
4734,3073
3364,2373
1142,2937
3630,173
789,262
504,4310
1100,3489
2434,3892
1446,1748
429,3447
4596,256
366,2483
3043,3012
2098,3137
1413,1448
4880,4417
1686,3977
1783,4703
4456,526
2175,4259
2918,1280
3266,4198
4595,782
4946,500
295,1402
3696,3329
1963,3866
554,1729
2391,4958
3519,2039
2365,4887
4864,2400
2306,764
729,4523
2040,4322
1191,3069
2615,3120
1679,3278
4746,4164
4144,1061
2715,2644
2403,3775
2560,1898
1548,1254
3534,2868
1105,72
406,2578
2270,4540
2875,4206
3162,1429
306,4817
788,746
4556,2654
3526,3087
577,183
4471,598
3377,636
4069,3710
544,3564
576,2008
4871,3447
690,4458
1923,1193
4699,2091
4952,1996
4514,3477
2870,1368
2070,3109
2493,1231
1018,3570
1954,4093
4276,841
4402,1325
1994,3049
3483,1620
4048,4524
4875,3423
1482,734
3551,4234
3821,2346
367,1669
3542,1765
3067,4506
3697,4744
3935,1551
4491,4134
4018,160
367,3469
1232,1391
2269,4360
3429,1535
254,2506
1235,1293
2561,1139
4375,3249
4979,1017
239,1706
3600,2988
901,2464
2684,1284
205,855
3507,1127
4030,710
869,2433
3674,715
3243,3439
2548,1656
1671,1734
529,3142
3934,4057
679,2358
2678,3313
3749,238
2176,2737
3382,2694
979,2635
3197,2944
964,2818
2746,1302
3525,4734
1277,3514
3571,3838
574,3939
4174,1000
2932,3686
2716,4253
787,2084
1262,4281
309,4324
3366,115
3042,4698
4813,2171
3755,955
3290,3549
1543,792
94,1883
4848,472
1220,666
2359,1432
1899,4847
4851,916
52,158
3396,4369
2524,4327
1605,3419
2559,4338
4264,2945
2650,3781
3464,4610
3835,1382
4806,3455
1996,4969
3859,1771
2004,1031
2932,3823
790,3704
1683,2634
783,1716
384,3158
3136,4777
1847,2467
947,4279
2918,2533
484,4167
664,4839
59,3102
1261,1079
3137,1412
2656,2465
4562,1709
2301,4166
590,3126
531,846
2273,1114
3054,767
4813,4324
4577,4839
3103,1305
492,868
2961,2240
1756,3456
3933,866
2268,289
2896,2495
4086,1008
2068,344
1620,382
102,3197
2331,2083
4,3143
3578,1382
3506,535
2536,2775
204,112
3478,2634
886,3287
2868,4552
4626,2141
3054,1784
4166,4497
468,483
4699,3498
1045,4329
1508,2212
1477,4552
2349,4505
3111,1061
2042,4336
1847,680
1874,1540
3717,4658
2270,3815
1850,1000
3566,4485
222,646
855,4528
2676,1939
2811,1910
4475,552
4569,113
3402,3346
4848,4756
3444,4409
2585,3354
2226,1297
4412,174
1927,4547
4020,734
1231,90
735,1956
44,2064
1782,4105
2304,3305
4943,3728
4280,1576
1224,2604
1965,4689
4368,1467
3059,753
1854,3444
4327,4522
3364,3332
921,3372
334,96
1083,1502
3289,3297
