IdG,IdR
1,830
2,1842
3,446
4,2169
5,4651
6,1402
7,2730
8,743
9,3873
10,1132
11,3084
12,4217
13,2019
14,1114
15,4133
16,2983
17,4189
18,4102
19,3255
20,2183
21,1956
22,2110
23,609
24,4948
25,3333
26,151
27,3859
28,380
29,4453
30,4106
31,2172
32,3935
33,2645
34,669
35,432
36,3663
37,4536
38,3519
39,770
40,4275
41,2153
42,2786
43,1825
44,1416
45,1706
46,660
47,1802
48,4004
49,2617
50,3021
51,1037
52,4043
53,2244
54,640
55,2783
56,2781
57,822
58,1994
59,3751
60,3221
61,4407
62,950
63,310
64,2643
65,3923
66,3847
67,4338
68,3529
69,2074
70,4374
71,4238
72,3220
73,1340
74,2763
75,2225
76,753
77,4465
78,3217
79,1961
80,2653
81,3737
82,5
83,4892
84,110
85,1967
86,4929
87,244
88,2474
89,3080
90,3723
91,4108
92,4736
93,3440
94,496
95,968
96,3478
97,1544
98,1228
99,275
100,4604
101,4599
102,1956
103,3612
104,1143
105,4125
106,4698
107,83
108,2438
109,2395
110,4391
111,2362
112,1153
113,4662
114,464
115,447
116,4752
117,2713
118,2680
119,4074
120,2591
121,315
122,787
123,3287
124,913
125,550
126,3241
127,2262
128,3430
129,4519
130,368
131,603
132,4268
133,997
134,648
135,578
136,997
137,4744
138,535
139,1692
140,2198
141,4723
142,1042
143,285
144,1603
145,2055
146,4145
147,968
148,4734
149,428
150,3036
151,3221
152,3643
153,4235
154,1459
155,4747
156,1012
157,1243
158,1555
159,319
160,784
161,2915
162,199
163,2923
164,1884
165,4481
166,2730
167,452
168,748
169,3310
170,56
171,3420
172,840
173,2587
174,1872
175,1158
176,1822
177,763
178,4297
179,2913
180,1957
181,1055
182,3491
183,57
184,4498
185,1344
186,2767
187,1150
188,2221
189,2044
190,4222
191,3085
192,3368
193,1547
194,203
195,3772
196,1256
197,1075
198,2407
199,4692
200,890
201,1596
202,466
203,1903
204,3273
205,267
206,4025
207,3785
208,2793
209,4624
210,503
211,1417
212,2494
213,4196
214,2830
215,2912
216,2147
217,3307
218,1808
219,3424
220,4650
221,1064
222,2958
223,1782
224,4733
225,787
226,3326
227,4030
228,2375
229,1913
230,1808
231,2191
232,2810
233,4260
234,2196
235,3445
236,1087
237,145
238,3733
239,3982
240,2362
241,1483
242,3281
243,2335
244,2152
245,3782
246,947
247,4814
248,1324
249,2564
250,4819
251,3019
252,2254
253,2564
254,1722
255,4260
256,101
257,3915
258,3818
259,1284
260,3318
261,4110
262,690
263,3272
264,1670
265,1455
266,2247
267,3337
268,3970
269,136
270,3052
271,3314
272,4082
273,3904
274,1042
275,144
276,3776
277,2700
278,3469
279,1626
280,2136
281,4948
282,2918
283,4495
284,1798
285,4212
286,3703
287,490
288,641
289,2208
290,3810
291,2376
292,122
293,2315
294,1039
295,1450
296,1065
297,923
298,2322
299,2446
300,3846
301,4248
302,3143
303,4210
304,406
305,458
306,4135
307,1846
308,1381
309,3627
310,1074
311,4606
312,57
313,1062
314,4148
315,2
316,2946
317,1413
318,898
319,1964
320,3326
321,913
322,1122
323,4041
324,2853
325,853
326,1292
327,33
328,4113
329,3070
330,183
331,3976
332,4051
333,766
334,3065
335,4424
336,190
337,2858
338,1204
339,2937
340,2926
341,3879
342,573
343,514
344,2494
345,1297
346,772
347,3069
348,4078
349,3279
350,3285
351,1552
352,3
353,1191
354,200
355,23
356,2038
357,223
358,3466
359,3734
360,2664
361,2123
362,2070
363,74
364,4406
365,4597
366,3956
367,205
368,2017
369,2537
370,1412
371,3764
372,4798
373,2409
374,2856
375,695
376,2646
377,93
378,4091
379,2369
380,556
381,4948
382,2805
383,1733
384,4296
385,3305
386,4092
387,1324
388,2540
389,623
390,223
391,3051
392,1933
393,3852
394,4419
395,3429
396,3034
397,1797
398,763
399,3056
400,4628
401,1556
402,2249
403,1946
404,1969
405,4719
406,2335
407,4
408,4538
409,3118
410,1538
411,1130
412,4852
413,2656
414,894
415,394
416,4095
417,1338
418,4027
419,1817
420,841
421,548
422,4274
423,1100
424,2931
425,166
426,1444
427,3990
428,2780
429,3924
430,890
431,3372
432,4016
433,4687
434,190
435,4759
436,2559
437,3069
438,673
439,3332
440,2970
441,4989
442,4848
443,3086
444,1599
445,2528
446,1851
447,595
448,2318
449,2932
450,4449
451,1282
452,4644
453,2432
454,3109
455,2668
456,3623
457,3817
458,3558
459,3789
460,4648
461,2101
462,2333
463,554
464,91
465,4885
466,2374
467,4647
468,2022
469,2346
470,4635
471,4610
472,2315
473,1679
474,1618
475,174
476,2388
477,4289
478,836
479,1779
480,2015
481,690
482,187
483,4278
484,4401
485,2851
486,1615
487,4008
488,3004
489,1686
490,810
491,1075
492,4435
493,4337
494,1854
495,673
496,2282
497,4276
498,4268
499,4165
500,4048
501,1528
502,4177
503,2334
504,3354
505,845
506,3502
507,2699
508,1414
509,4947
510,565
511,3235
512,882
513,380
514,2686
515,4443
516,2966
517,2667
518,2920
519,2181
520,2517
521,724
522,2437
523,3326
524,629
525,911
526,3705
527,604
528,1839
529,3818
530,4964
531,4881
532,505
533,2081
534,2009
535,292
536,480
537,438
538,3956
539,482
540,4622
541,1775
542,4063
543,3159
544,2666
545,4175
546,667
547,1345
548,3704
549,3491
550,4095
551,4183
552,1017
553,2204
554,252
555,397
556,644
557,2886
558,4779
559,4699
560,2725
561,852
562,4612
563,1289
564,3477
565,41
566,1201
567,1864
568,3110
569,706
570,2392
571,4234
572,1290
573,3525
574,1954
575,1254
576,2204
577,555
578,3651
579,3294
580,1055
581,4372
582,2541
583,1531
584,474
585,4212
586,1135
587,4829
588,1510
589,4738
590,3308
591,260
592,2779
593,4520
594,1690
595,70
596,519
597,755
598,896
599,3719
600,2825
601,4968
602,1415
603,354
604,3066
605,3353
606,4550
607,2739
608,1002
609,4093
610,1912
611,43
612,682
613,127
614,2725
615,1181
616,967
617,1186
618,2846
619,4442
620,3254
621,3906
622,924
623,2121
624,2942
625,224
626,636
627,2162
628,2580
629,1877
630,3997
631,113
632,4088
633,2071
634,4014
635,2482
636,2376
637,2690
638,3704
639,1156
640,3609
641,3212
642,3745
643,1260
644,1504
645,2688
646,217
647,1263
648,420
649,2263
650,1119
651,4100
652,2211
653,1230
654,2549
655,2231
656,2357
657,2321
658,3783
659,870
660,863
661,1723
662,4762
663,2761
664,2238
665,178
666,2677
667,3037
668,1143
669,4970
670,2106
671,4646
672,3324
673,3382
674,2130
675,4720
676,414
677,1481
678,4971
679,4573
680,4820
681,4188
682,2419
683,3061
684,3317
685,2269
686,174
687,4877
688,1129
689,4829
690,1179
691,3847
692,973
693,2739
694,420
695,4714
696,2008
697,1183
698,2822
699,1434
700,487
701,811
702,3886
703,2070
704,1971
705,4597
706,4562
707,1313
708,1572
709,3623
710,4282
711,4724
712,2271
713,1064
714,4554
715,2697
716,2531
717,1312
718,4861
719,441
720,4282
721,2547
722,2171
723,2876
724,4262
725,1040
726,822
727,3920
728,3123
729,3980
730,4497
731,1093
732,4608
733,4049
734,4755
735,3960
736,1780
737,3208
738,3662
739,4901
740,2262
741,3998
742,2927
743,961
744,943
745,2462
746,1263
747,4525
748,1472
749,3130
750,1791
751,4078
752,4567
753,2508
754,1310
755,638
756,2937
757,3141
758,2744
759,2601
760,4393
761,2714
762,4013
763,2465
764,1894
765,3449
766,1553
767,198
768,4383
769,4625
770,2536
771,4695
772,189
773,2039
774,1080
775,4643
776,4187
777,3091
778,2532
779,31
780,4012
781,4830
782,4463
783,4923
784,4362
785,3593
786,4420
787,2072
788,4758
789,3923
790,554
791,2399
792,2368
793,2122
794,2904
795,2842
796,4068
797,4658
798,1626
799,1666
800,1307
801,4961
802,1835
803,4859
804,1998
805,28
806,2708
807,2129
808,2201
809,3185
810,1564
811,4990
812,2401
813,4255
814,2398
815,2311
816,2558
817,989
818,4659
819,4580
820,1050
821,4997
822,1323
823,290
824,3143
825,1928
826,3276
827,1213
828,1760
829,2027
830,2404
831,1619
832,2745
833,4576
834,2900
835,690
836,3904
837,4309
838,4040
839,957
840,1696
841,2224
842,942
843,1739
844,1501
845,1461
846,132
847,4344
848,3798
849,3524
850,1047
851,774
852,913
853,2862
854,274
855,487
856,1017
857,1201
858,1225
859,770
860,1310
861,3013
862,4551
863,899
864,2245
865,3488
866,1169
867,3472
868,547
869,1053
870,86
871,4092
872,1611
873,1647
874,2059
875,4253
876,1209
877,2514
878,4765
879,4393
880,592
881,2412
882,1722
883,1983
884,2357
885,2901
886,4143
887,2614
888,4048
889,3431
890,804
891,1440
892,1034
893,296
894,3283
895,1017
896,4925
897,1480
898,1026
899,4364
900,1132
901,4455
902,376
903,4382
904,3559
905,2508
906,4592
907,502
908,4449
909,875
910,4965
911,3531
912,3485
913,984
914,4060
915,3294
916,1544
917,823
918,3210
919,3215
920,3116
921,216
922,2962
923,96
924,2231
925,1827
926,1612
927,2148
928,876
929,4306
930,4897
931,3195
932,280
933,4802
934,394
935,4891
936,183
937,2360
938,475
939,2924
940,3516
941,2484
942,110
943,3620
944,3612
945,1574
946,4584
947,1713
948,4181
949,3080
950,1799
951,3397
952,3108
953,3949
954,905
955,1559
956,3066
957,3729
958,500
959,1578
960,2045
961,3258
962,4282
963,4281
964,2623
965,3372
966,4274
967,918
968,1977
969,2590
970,2458
971,3933
972,301
973,3734
974,3227
975,3930
976,921
977,3932
978,4839
979,2985
980,1115
981,1455
982,3450
983,2190
984,4693
985,4140
986,4062
987,783
988,2281
989,3039
990,3430
991,3096
992,1282
993,3536
994,4419
995,331
996,1477
997,2822
998,1677
999,3387
1000,937
1001,3731
1002,1086
1003,2428
1004,622
1005,3872
1006,3763
1007,4404
1008,4873
1009,364
1010,4819
1011,1925
1012,3146
1013,2993
1014,244
1015,1634
1016,2500
1017,214
1018,4650
1019,3405
1020,2024
1021,3987
1022,3213
1023,2449
1024,4428
1025,3332
1026,2858
1027,263
1028,1842
1029,2955
1030,2902
1031,3798
1032,3846
1033,2051
1034,839
1035,2863
1036,1483
1037,718
1038,3496
1039,1320
1040,4293
1041,1365
1042,4955
1043,400
1044,503
1045,2343
1046,1791
1047,3546
1048,3523
1049,2184
1050,4210
1051,2059
1052,4976
1053,1696
1054,3129
1055,4294
1056,253
1057,1052
1058,3699
1059,244
1060,1411
1061,939
1062,4321
1063,178
1064,3730
1065,4340
1066,741
1067,3309
1068,3985
1069,4089
1070,280
1071,4776
1072,3535
1073,4315
1074,669
1075,105
1076,1890
1077,2819
1078,2782
1079,4173
1080,1578
1081,815
1082,2095
1083,4696
1084,4563
1085,867
1086,2826
1087,3921
1088,4302
1089,4501
1090,944
1091,4993
1092,811
1093,4166
1094,3366
1095,4268
1096,2320
1097,4552
1098,1178
1099,809
1100,3975
1101,3708
1102,1964
1103,1105
1104,3114
1105,3183
1106,3763
1107,3309
1108,4717
1109,503
1110,1657
1111,3054
1112,3412
1113,1669
1114,4985
1115,3174
1116,4481
1117,3917
1118,3069
1119,3778
1120,4730
1121,2277
1122,2252
1123,1479
1124,3895
1125,2787
1126,1319
1127,1071
1128,3248
1129,2085
1130,3410
1131,4326
1132,2467
1133,1087
1134,2369
1135,2754
1136,3072
1137,93
1138,3853
1139,554
1140,2945
1141,4579
1142,618
1143,4509
1144,3293
1145,4884
1146,4
1147,249
1148,2440
1149,3808
1150,444
1151,4563
1152,171
1153,4628
1154,45
1155,3424
1156,2668
1157,1721
1158,191
1159,344
1160,647
1161,4268
1162,4725
1163,3322
1164,1829
1165,4324
1166,247
1167,1591
1168,1462
1169,1451
1170,1644
1171,2856
1172,4339
1173,1790
1174,4873
1175,1268
1176,575
1177,2883
1178,1107
1179,1278
1180,2351
1181,4224
1182,2478
1183,3377
1184,4590
1185,1269
1186,4117
1187,1091
1188,968
1189,1352
1190,4050
1191,3777
1192,1478
1193,2880
1194,1109
1195,780
1196,2404
1197,2080
1198,2909
1199,2729
1200,3872
1201,4231
1202,4193
1203,4960
1204,1506
1205,905
1206,418
1207,715
1208,452
1209,1711
1210,733
1211,4015
1212,598
1213,3154
1214,1554
1215,3911
1216,661
1217,3533
1218,981
1219,1820
1220,3687
1221,4605
1222,660
1223,2129
1224,2845
1225,344
1226,3712
1227,3856
1228,1859
1229,1460
1230,1572
1231,2602
1232,558
1233,2475
1234,4102
1235,914
1236,516
1237,3437
1238,252
1239,3340
1240,1746
1241,4448
1242,1719
1243,3900
1244,4139
1245,2930
1246,4001
1247,3299
1248,6
1249,2466
1250,1935
1251,1557
1252,3037
1253,4959
1254,4260
1255,515
1256,965
1257,4893
1258,4550
1259,3537
1260,3778
1261,2051
1262,3721
1263,3757
1264,486
1265,1308
1266,3678
1267,1030
1268,3349
1269,57
1270,3212
1271,285
1272,1845
1273,108
1274,4255
1275,669
1276,2507
1277,3308
1278,2330
1279,2921
1280,1361
1281,4675
1282,1370
1283,4089
1284,775
1285,4905
1286,353
1287,147
1288,2819
1289,2951
1290,4536
1291,3049
1292,173
1293,2643
1294,3809
1295,3022
1296,1596
1297,392
1298,649
1299,4634
1300,4705
1301,4636
1302,1540
1303,1741
1304,3866
1305,1384
1306,2969
1307,1881
1308,3665
1309,1242
1310,4631
1311,2493
1312,3401
1313,992
1314,4950
1315,2006
1316,942
1317,4840
1318,141
1319,1944
1320,3798
1321,1325
1322,4288
1323,4648
1324,766
1325,1757
1326,4123
1327,3288
1328,3286
1329,1243
1330,1424
1331,4552
1332,1161
1333,2772
1334,1219
1335,4423
1336,1387
1337,1975
1338,2306
1339,4144
1340,3062
1341,1394
1342,2399
1343,2184
1344,316
1345,3280
1346,290
1347,2237
1348,4439
1349,2204
1350,3986
1351,471
1352,2475
1353,2169
1354,880
1355,1635
1356,205
1357,4543
1358,1044
1359,909
1360,3034
1361,1853
1362,530
1363,2284
1364,1758
1365,1822
1366,414
1367,1965
1368,1865
1369,4591
1370,848
1371,2438
1372,644
1373,2503
1374,1597
1375,3022
1376,4642
1377,285
1378,2965
1379,3925
1380,4965
1381,3865
1382,311
1383,3848
1384,1873
1385,1792
1386,666
1387,487
1388,820
1389,2957
1390,4932
1391,580
1392,3203
1393,3308
1394,2263
1395,4187
1396,3361
1397,4585
1398,4713
1399,407
1400,4449
1401,4804
1402,1412
1403,2820
1404,3919
1405,1011
1406,3113
1407,1811
1408,971
1409,4430
1410,1685
1411,1815
1412,4670
1413,2285
1414,1030
1415,4371
1416,407
1417,1960
1418,1963
1419,465
1420,3875
1421,1726
1422,58
1423,2983
1424,3339
1425,512
1426,3303
1427,500
1428,2636
1429,1827
1430,2696
1431,2427
1432,4329
1433,4609
1434,2560
1435,731
1436,1400
1437,389
1438,1776
1439,2635
1440,2843
1441,2922
1442,4975
1443,2112
1444,323
1445,2555
1446,4617
1447,1109
1448,3730
1449,751
1450,1462
1451,1094
1452,4132
1453,1693
1454,1035
1455,3610
1456,1263
1457,4776
1458,4283
1459,40
1460,4079
1461,1277
1462,4474
1463,4678
1464,2773
1465,3933
1466,560
1467,291
1468,2662
1469,2698
1470,4511
1471,3841
1472,1371
1473,699
1474,3381
1475,2298
1476,4530
1477,3878
1478,130
1479,496
1480,3980
1481,3590
1482,1110
1483,1026
1484,2540
1485,4291
1486,1484
1487,4881
1488,3711
1489,2112
1490,511
1491,438
1492,676
1493,2186
1494,3917
1495,3549
1496,2496
1497,2166
1498,2595
1499,479
1500,3809
1501,4054
1502,3634
1503,686
1504,3972
1505,865
1506,2748
1507,86
1508,2351
1509,3012
1510,1635
1511,4661
1512,4426
1513,2182
1514,1083
1515,3874
1516,2040
1517,640
1518,1593
1519,2724
1520,825
1521,607
1522,2860
1523,648
1524,2665
1525,3640
1526,2537
1527,3740
1528,1024
1529,3561
1530,3843
1531,2621
1532,3963
1533,4953
1534,2490
1535,4568
1536,4223
1537,1575
1538,646
1539,3801
1540,3666
1541,2641
1542,396
1543,4515
1544,3940
1545,3115
1546,2125
1547,2400
1548,4926
1549,2044
1550,3783
1551,4263
1552,3295
1553,2969
1554,3110
1555,162
1556,4335
1557,2202
1558,3721
1559,4370
1560,2647
1561,19
1562,787
1563,4504
1564,3545
1565,3586
1566,1782
1567,1441
1568,4966
1569,3042
1570,359
1571,846
1572,557
1573,3289
1574,4050
1575,4485
1576,220
1577,4119
1578,790
1579,3549
1580,2703
1581,858
1582,70
1583,3922
1584,909
1585,2964
1586,401
1587,4332
1588,3213
1589,2767
1590,3758
1591,213
1592,4610
1593,1532
1594,1418
1595,3927
1596,3414
1597,4904
1598,880
1599,3056
1600,4126
1601,1182
1602,1242
1603,4795
1604,4199
1605,3575
1606,3352
1607,3489
1608,2599
1609,4955
1610,2703
1611,2408
1612,1617
1613,4384
1614,4841
1615,4605
1616,1825
1617,3607
1618,1033
1619,2698
1620,1622
1621,1155
1622,3341
1623,1100
1624,81
1625,2017
1626,1532
1627,3924
1628,1541
1629,4876
1630,1668
1631,4484
1632,4521
1633,1936
1634,4023
1635,4358
1636,544
1637,3072
1638,2979
1639,45
1640,4561
1641,4183
1642,4247
1643,1102
1644,875
1645,1512
1646,3988
1647,249
1648,3976
1649,3232
1650,2308
1651,3546
1652,1957
1653,2701
1654,4084
1655,4503
1656,3968
1657,506
1658,1169
1659,4705
1660,4169
1661,4690
1662,2436
1663,910
1664,3198
1665,2333
1666,3851
1667,830
1668,3297
1669,535
1670,1684
1671,2303
1672,423
1673,3853
1674,3992
1675,3243
1676,4593
1677,2019
1678,2462
1679,1536
1680,4112
1681,4131
1682,4829
1683,3680
1684,619
1685,4439
1686,3390
1687,1612
1688,2289
1689,1235
1690,2088
1691,4453
1692,3589
1693,4814
1694,3567
1695,3023
1696,3389
1697,2422
1698,672
1699,4444
1700,3785
1701,2658
1702,2974
1703,2010
1704,4378
1705,668
1706,2796
1707,598
1708,4963
1709,4219
1710,3045
1711,2821
1712,1485
1713,4485
1714,1449
1715,4718
1716,1880
1717,4520
1718,4796
1719,3280
1720,1989
1721,3575
1722,2833
1723,464
1724,609
1725,1571
1726,14
1727,1673
1728,649
1729,1114
1730,1321
1731,1727
1732,3035
1733,310
1734,3120
1735,4552
1736,3566
1737,4391
1738,3368
1739,983
1740,2068
1741,661
1742,427
1743,4756
1744,3846
1745,2108
1746,1264
1747,1499
1748,2694
1749,4788
1750,1932
1751,2963
1752,3268
1753,1586
1754,4996
1755,691
1756,3404
1757,768
1758,2229
1759,4629
1760,2628
1761,4229
1762,1171
1763,1492
1764,136
1765,4481
1766,4657
1767,4368
1768,2538
1769,3890
1770,2637
1771,4345
1772,3513
1773,4768
1774,4468
1775,605
1776,1283
1777,1989
1778,973
1779,2935
1780,3957
1781,4153
1782,1820
1783,4605
1784,1366
1785,3286
1786,2544
1787,2620
1788,3320
1789,1795
1790,74
1791,2335
1792,2458
1793,205
1794,4179
1795,2458
1796,3739
1797,61
1798,3815
1799,4263
1800,1773
1801,4316
1802,2022
1803,4718
1804,2264
1805,701
1806,2694
1807,3839
1808,1356
1809,2272
1810,2731
1811,2719
1812,560
1813,4094
1814,2986
1815,3594
1816,4605
1817,1494
1818,3259
1819,451
1820,2126
1821,3748
1822,559
1823,3402
1824,2814
1825,3220
1826,4215
1827,983
1828,931
1829,2155
1830,2734
1831,3115
1832,2560
1833,75
1834,1543
1835,3071
1836,4705
1837,1969
1838,4274
1839,2843
1840,2185
1841,1002
1842,1299
1843,1392
1844,4914
1845,3993
1846,1930
1847,1785
1848,2575
1849,2387
1850,1858
1851,3510
1852,1680
1853,2721
1854,414
1855,4517
1856,3639
1857,822
1858,2679
1859,173
1860,2792
1861,4113
1862,887
1863,1022
1864,3373
1865,2257
1866,2374
1867,4320
1868,4531
1869,3342
1870,4528
1871,3354
1872,4394
1873,2859
1874,3123
1875,3342
1876,3875
1877,161
1878,2037
1879,1039
1880,71
1881,159
1882,963
1883,266
1884,462
1885,2496
1886,886
1887,1189
1888,3403
1889,3438
1890,731
1891,4190
1892,1704
1893,1171
1894,4699
1895,97
1896,960
1897,3492
1898,805
1899,3275
1900,1786
1901,1995
1902,2797
1903,4347
1904,1162
1905,3048
1906,1138
1907,3300
1908,3515
1909,1467
1910,4370
1911,1600
1912,1074
1913,3523
1914,4435
1915,1524
1916,4746
1917,2538
1918,358
1919,4820
1920,2862
1921,717
1922,1018
1923,1260
1924,187
1925,686
1926,1937
1927,3636
1928,4821
1929,748
1930,1466
1931,3017
1932,2018
1933,4638
1934,2294
1935,797
1936,1153
1937,4804
1938,3502
1939,1830
1940,3067
1941,362
1942,2391
1943,3380
1944,3886
1945,4485
1946,1288
1947,866
1948,3929
1949,4025
1950,1489
1951,3170
1952,825
1953,55
1954,1191
1955,4882
1956,3223
1957,2771
1958,1132
1959,3844
1960,2269
1961,2538
1962,4751
1963,4070
1964,1802
1965,527
1966,3901
1967,1493
1968,62
1969,3253
1970,2803
1971,2330
1972,656
1973,2341
1974,1510
1975,650
1976,1608
1977,4667
1978,2089
1979,3154
1980,4558
1981,3512
1982,486
1983,2792
1984,4199
1985,4962
1986,2518
1987,295
1988,4394
1989,4438
1990,2092
1991,4185
1992,683
1993,1667
1994,4800
1995,3495
1996,2160
1997,636
1998,3478
1999,1703
2000,3508
2001,3288
2002,887
2003,1191
2004,1838
2005,1659
2006,4010
2007,1902
2008,4745
2009,2747
2010,4772
2011,3786
2012,4477
2013,2316
2014,2217
2015,625
2016,4173
2017,1858
2018,444
2019,3369
2020,301
2021,3174
2022,3492
2023,475
2024,1219
2025,4744
2026,1756
2027,797
2028,930
2029,2457
2030,2712
2031,210
2032,4240
2033,783
2034,121
2035,4134
2036,2222
2037,393
2038,4265
2039,3770
2040,4048
2041,4618
2042,4206
2043,3021
2044,2167
2045,961
2046,4897
2047,108
2048,1857
2049,112
2050,4779
2051,4532
2052,547
2053,2870
2054,1942
2055,639
2056,2305
2057,4383
2058,4190
2059,186
2060,527
2061,393
2062,1656
2063,682
2064,4257
2065,3681
2066,4232
2067,3755
2068,489
2069,3394
2070,3164
2071,3064
2072,4084
2073,1882
2074,4946
2075,1127
2076,3497
2077,1923
2078,4020
2079,292
2080,764
2081,2857
2082,1559
2083,1497
2084,3261
2085,4939
2086,2169
2087,4110
2088,2702
2089,17
2090,49
2091,3614
2092,165
2093,1896
2094,4552
2095,1813
2096,549
2097,2660
2098,3455
2099,3023
2100,4971
2101,4449
2102,2554
2103,3855
2104,3623
2105,4977
2106,3083
2107,4991
2108,4865
2109,4117
2110,2738
2111,2869
2112,3806
2113,4390
2114,2092
2115,4044
2116,4266
2117,429
2118,4327
2119,89
2120,4767
2121,3537
2122,894
2123,1152
2124,4221
2125,4933
2126,3701
2127,1043
2128,3664
2129,3172
2130,98
2131,2844
2132,1077
2133,90
2134,1054
2135,3884
2136,4887
2137,3165
2138,3901
2139,4385
2140,2117
2141,539
2142,3771
2143,1807
2144,2699
2145,2911
2146,1101
2147,3604
2148,809
2149,3949
2150,1302
2151,3297
2152,4863
2153,2049
2154,2949
2155,4279
2156,2273
2157,158
2158,98
2159,289
2160,3802
2161,4448
2162,2679
2163,4903
2164,4019
2165,2958
2166,270
2167,1728
2168,3632
2169,1583
2170,3416
2171,4900
2172,2281
2173,2260
2174,4643
2175,835
2176,4285
2177,2810
2178,3606
2179,3805
2180,425
2181,3640
2182,785
2183,3996
2184,1041
2185,351
2186,1756
2187,4827
2188,145
2189,2808
2190,1216
2191,1760
2192,70
2193,694
2194,1057
2195,235
2196,2025
2197,2105
2198,1114
2199,1104
2200,2611
2201,732
2202,2824
2203,3824
2204,2586
2205,1966
2206,2438
2207,4996
2208,4580
2209,2397
2210,65
2211,4217
2212,3044
2213,2561
2214,2167
2215,4187
2216,38
2217,4256
2218,1501
2219,2511
2220,4524
2221,1777
2222,2140
2223,14
2224,2135
2225,1903
2226,1145
2227,1701
2228,2443
2229,3019
2230,31
2231,2844
2232,135
2233,4924
2234,1456
2235,1219
2236,68
2237,4424
2238,4572
2239,3779
2240,2832
2241,1985
2242,3291
2243,70
2244,1445
2245,4144
2246,3270
2247,4910
2248,2762
2249,3874
2250,3125
2251,4280
2252,1531
2253,4343
2254,1879
2255,16
2256,2987
2257,4086
2258,1999
2259,274
2260,4876
2261,89
2262,2754
2263,634
2264,3370
2265,2942
2266,625
2267,1984
2268,1628
2269,1774
2270,2169
2271,1354
2272,2857
2273,3935
2274,4180
2275,4772
2276,997
2277,3626
2278,924
2279,3455
2280,1065
2281,4266
2282,2040
2283,2835
2284,4670
2285,2720
2286,4509
2287,1597
2288,64
2289,4280
2290,3708
2291,3188
2292,2612
2293,56
2294,717
2295,353
2296,2954
2297,849
2298,4249
2299,2596
2300,4714
2301,4947
2302,4465
2303,1492
2304,4007
2305,1486
2306,2008
2307,127
2308,4997
2309,2145
2310,2578
2311,990
2312,4214
2313,4551
2314,1038
2315,2943
2316,2679
2317,1694
2318,2921
2319,3512
2320,1271
2321,919
2322,4811
2323,1375
2324,4571
2325,2515
2326,1167
2327,2568
2328,68
2329,202
2330,2406
2331,1943
2332,2494
2333,4598
2334,4108
2335,3644
2336,805
2337,653
2338,576
2339,2027
2340,2034
2341,1001
2342,3535
2343,1187
2344,4706
2345,1521
2346,319
2347,225
2348,118
2349,1764
2350,4178
2351,369
2352,2164
2353,4643
2354,1389
2355,2615
2356,334
2357,4339
2358,2189
2359,3413
2360,3810
2361,2789
2362,935
2363,4958
2364,1495
2365,2396
2366,114
2367,3761
2368,3171
2369,3473
2370,4002
2371,3095
2372,858
2373,2951
2374,407
2375,12
2376,1930
2377,804
2378,4364
2379,3014
2380,1803
2381,4745
2382,73
2383,1594
2384,2092
2385,3148
2386,2053
2387,3446
2388,1529
2389,4968
2390,115
2391,1984
2392,4380
2393,4186
2394,1845
2395,2286
2396,2042
2397,1644
2398,2543
2399,2790
2400,3507
2401,452
2402,3109
2403,2132
2404,2681
2405,4797
2406,3713
2407,2356
2408,3253
2409,413
2410,837
2411,2419
2412,2965
2413,615
2414,4727
2415,2895
2416,1198
2417,2079
2418,1343
2419,1534
2420,3114
2421,2682
2422,3948
2423,754
2424,1819
2425,4578
2426,4799
2427,221
2428,4229
2429,4155
2430,2025
2431,2745
2432,3284
2433,947
2434,2302
2435,915
2436,1035
2437,1580
2438,158
2439,105
2440,2893
2441,3873
2442,609
2443,230
2444,1783
2445,3400
2446,4557
2447,3620
2448,3566
2449,26
2450,2548
2451,501
2452,2429
2453,2590
2454,3450
2455,3326
2456,4655
2457,1856
2458,2731
2459,1785
2460,529
2461,1430
2462,1897
2463,28
2464,2901
2465,3718
2466,2411
2467,1720
2468,4763
2469,4349
2470,4936
2471,3516
2472,2748
2473,4765
2474,1028
2475,2207
2476,349
2477,2446
2478,4995
2479,3471
2480,3786
2481,2174
2482,616
2483,3625
2484,4323
2485,4896
2486,230
2487,988
2488,1318
2489,3139
2490,1571
2491,1818
2492,4092
2493,3842
2494,803
2495,4943
2496,2389
2497,3131
2498,3207
2499,2260
2500,2541
2501,4321
2502,2229
2503,2922
2504,3826
2505,160
2506,2041
2507,381
2508,3539
2509,898
2510,782
2511,3887
2512,2311
2513,4933
2514,1212
2515,542
2516,2172
2517,1715
2518,1516
2519,1734
2520,3820
2521,1812
2522,977
2523,3782
2524,3686
2525,2760
2526,4616
2527,1305
2528,2089
2529,2879
2530,4504
2531,1214
2532,1959
2533,4102
2534,2253
2535,2428
2536,1282
2537,605
2538,1706
2539,2026
2540,1526
2541,2471
2542,547
2543,3537
2544,4699
2545,1373
2546,1143
2547,3707
2548,832
2549,2551
2550,3994
2551,2929
2552,3750
2553,304
2554,3688
2555,2442
2556,302
2557,4064
2558,4651
2559,2640
2560,1389
2561,4013
2562,1964
2563,404
2564,4022
2565,2671
2566,805
2567,3349
2568,4881
2569,1384
2570,705
2571,1465
2572,4853
2573,4062
2574,4270
2575,4862
2576,2518
2577,4275
2578,2986
2579,4228
2580,3580
2581,3004
2582,4693
2583,2849
2584,1656
2585,2801
2586,3754
2587,3287
2588,1880
2589,3415
2590,2951
2591,2340
2592,4081
2593,4982
2594,4524
2595,2582
2596,1032
2597,2260
2598,659
2599,4857
2600,3547
2601,4167
2602,4861
2603,4229
2604,289
2605,2948
2606,673
2607,4006
2608,4851
2609,4468
2610,1237
2611,247
2612,4251
2613,688
2614,1327
2615,360
2616,877
2617,4342
2618,2846
2619,1309
2620,1129
2621,1450
2622,261
2623,2141
2624,52
2625,1644
2626,4531
2627,3861
2628,1821
2629,932
2630,3578
2631,2964
2632,654
2633,2617
2634,2402
2635,1334
2636,3958
2637,4978
2638,1976
2639,1697
2640,496
2641,3329
2642,3238
2643,1819
2644,2655
2645,897
2646,2236
2647,4539
2648,309
2649,567
2650,1671
2651,4690
2652,2781
2653,2688
2654,66
2655,4262
2656,2154
2657,3414
2658,4104
2659,2619
2660,3561
2661,911
2662,2673
2663,1149
2664,47
2665,168
2666,802
2667,3594
2668,581
2669,3537
2670,348
2671,639
2672,3027
2673,1265
2674,2974
2675,4738
2676,547
2677,3856
2678,70
2679,3441
2680,2673
2681,3994
2682,4879
2683,2421
2684,3184
2685,3799
2686,3305
2687,3757
2688,3160
2689,4262
2690,60
2691,273
2692,2771
2693,4432
2694,275
2695,4287
2696,2515
2697,3744
2698,2176
2699,4379
2700,339
2701,3979
2702,158
2703,1989
2704,1400
2705,4750
2706,3590
2707,1632
2708,2915
2709,647
2710,1672
2711,2002
2712,2754
2713,67
2714,4971
2715,2076
2716,3535
2717,236
2718,49
2719,1789
2720,4362
2721,3776
2722,4769
2723,3101
2724,3995
2725,2775
2726,1435
2727,1128
2728,877
2729,2371
2730,1306
2731,1988
2732,4318
2733,116
2734,3626
2735,1739
2736,3566
2737,2712
2738,3342
2739,1854
2740,3936
2741,4210
2742,1615
2743,1707
2744,876
2745,2746
2746,1857
2747,1299
2748,2154
2749,4745
2750,4439
2751,1999
2752,2540
2753,4742
2754,4948
2755,1207
2756,212
2757,4962
2758,1378
2759,1646
2760,1446
2761,1511
2762,4051
2763,4045
2764,3252
2765,1669
2766,4393
2767,669
2768,3556
2769,3082
2770,4905
2771,96
2772,3529
2773,1351
2774,1902
2775,2989
2776,871
2777,907
2778,314
2779,4054
2780,1629
2781,2749
2782,2809
2783,4857
2784,2674
2785,2374
2786,4963
2787,125
2788,3256
2789,1777
2790,1418
2791,4171
2792,1495
2793,2699
2794,478
2795,951
2796,1873
2797,249
2798,2005
2799,1981
2800,449
2801,3036
2802,754
2803,1604
2804,4303
2805,2591
2806,1415
2807,2306
2808,1149
2809,861
2810,1805
2811,526
2812,4042
2813,1837
2814,2643
2815,1143
2816,4455
2817,4360
2818,4120
2819,3006
2820,4720
2821,2043
2822,2774
2823,4207
2824,2790
2825,1805
2826,4148
2827,466
2828,4727
2829,4672
2830,4249
2831,4976
2832,38
2833,4590
2834,4468
2835,4979
2836,940
2837,4683
2838,4604
2839,3430
2840,1486
2841,3832
2842,3995
2843,1354
2844,1209
2845,3190
2846,3413
2847,976
2848,1167
2849,4365
2850,3531
2851,3425
2852,3051
2853,78
2854,3273
2855,2113
2856,4230
2857,4931
2858,4927
2859,1362
2860,1489
2861,3233
2862,1836
2863,3756
2864,1307
2865,2335
2866,528
2867,3967
2868,3802
2869,3593
2870,4801
2871,718
2872,103
2873,1396
2874,1840
2875,4609
2876,304
2877,4538
2878,1554
2879,3323
2880,3360
2881,1289
2882,120
2883,2903
2884,416
2885,2087
2886,280
2887,4215
2888,4440
2889,1807
2890,3263
2891,1471
2892,1779
2893,2660
2894,757
2895,3572
2896,3121
2897,612
2898,4401
2899,1959
2900,3094
2901,2563
2902,1348
2903,1957
2904,2453
2905,3319
2906,2297
2907,2740
2908,1629
2909,3038
2910,3758
2911,1345
2912,4916
2913,663
2914,4453
2915,1315
2916,2721
2917,3365
2918,1814
2919,4373
2920,971
2921,1761
2922,3850
2923,1918
2924,4949
2925,1181
2926,1306
2927,750
2928,4843
2929,319
2930,4311
2931,3383
2932,3617
2933,1578
2934,3776
2935,1506
2936,1489
2937,226
2938,4832
2939,1083
2940,4881
2941,2549
2942,150
2943,3583
2944,1192
2945,3441
2946,1427
2947,2108
2948,3436
2949,4847
2950,3202
2951,1066
2952,2259
2953,3874
2954,4222
2955,224
2956,2918
2957,2963
2958,495
2959,4394
2960,253
2961,2679
2962,1248
2963,4992
2964,166
2965,2776
2966,3984
2967,3571
2968,981
2969,2009
2970,2552
2971,4837
2972,48
2973,206
2974,4984
2975,2872
2976,126
2977,4604
2978,3008
2979,4663
2980,3221
2981,3598
2982,4293
2983,1305
2984,1577
2985,4564
2986,3322
2987,1762
2988,1575
2989,107
2990,1779
2991,1772
2992,289
2993,3168
2994,3481
2995,467
2996,2167
2997,553
2998,4488
2999,3094
3000,3429
3001,2287
3002,4001
3003,4337
3004,2768
3005,999
3006,4759
3007,1266
3008,4386
3009,4630
3010,2787
3011,4387
3012,3939
3013,74
3014,4503
3015,4095
3016,793
3017,1832
3018,3045
3019,2590
3020,4971
3021,4559
3022,1421
3023,3784
3024,4415
3025,868
3026,3453
3027,940
3028,3298
3029,1932
3030,4119
3031,1203
3032,2186
3033,4901
3034,332
3035,2749
3036,4036
3037,3203
3038,2573
3039,1511
3040,4613
3041,3049
3042,3833
3043,1554
3044,2459
3045,390
3046,1033
3047,46
3048,4803
3049,3383
3050,2325
3051,2022
3052,1576
3053,3520
3054,2503
3055,411
3056,1224
3057,1178
3058,4346
3059,2773
3060,915
3061,3933
3062,1417
3063,525
3064,3165
3065,2270
3066,2382
3067,2223
3068,3490
3069,4661
3070,4842
3071,2736
3072,724
3073,2890
3074,1757
3075,1366
3076,1227
3077,1404
3078,877
3079,4806
3080,799
3081,3517
3082,2429
3083,463
3084,1063
3085,3124
3086,2683
3087,4928
3088,380
3089,2115
3090,3484
3091,4891
3092,1288
3093,1640
3094,4585
3095,1195
3096,207
3097,256
3098,1071
3099,2146
3100,123
3101,3283
3102,1971
3103,3034
3104,931
3105,3926
3106,1510
3107,4829
3108,3639
3109,4799
3110,4048
3111,1037
3112,2227
3113,1945
3114,3665
3115,3333
3116,2470
3117,4807
3118,1241
3119,3408
3120,3083
3121,312
3122,155
3123,4459
3124,4365
3125,4849
3126,3151
3127,2387
3128,3598
3129,3103
3130,3547
3131,4402
3132,721
3133,2815
3134,2462
3135,1444
3136,2217
3137,3952
3138,605
3139,3297
3140,1894
3141,4668
3142,496
3143,3262
3144,2308
3145,812
3146,1201
3147,1329
3148,1623
3149,3283
3150,3920
3151,1770
3152,1202
3153,4015
3154,1815
3155,192
3156,4480
3157,69
3158,3252
3159,178
3160,4195
3161,1056
3162,3362
3163,4768
3164,4754
3165,2127
3166,2393
3167,575
3168,3944
3169,2896
3170,112
3171,216
3172,3549
3173,2250
3174,4603
3175,2388
3176,4882
3177,4103
3178,492
3179,2843
3180,194
3181,1910
3182,2217
3183,3172
3184,4989
3185,4846
3186,1404
3187,2315
3188,881
3189,2004
3190,2626
3191,2380
3192,2872
3193,2169
3194,4813
3195,1791
3196,2145
3197,1145
3198,1700
3199,608
3200,810
3201,180
3202,3337
3203,4322
3204,3127
3205,4158
3206,1089
3207,643
3208,3899
3209,908
3210,505
3211,248
3212,3313
3213,2785
3214,3033
3215,2762
3216,1426
3217,3000
3218,3102
3219,4605
3220,3377
3221,1055
3222,325
3223,2115
3224,510
3225,1528
3226,1338
3227,1122
3228,1793
3229,2278
3230,2684
3231,754
3232,1094
3233,4154
3234,712
3235,3600
3236,3714
3237,4036
3238,141
3239,2715
3240,2456
3241,4417
3242,954
3243,3749
3244,481
3245,1439
3246,1869
3247,2987
3248,4162
3249,304
3250,4468
3251,3123
3252,2385
3253,4888
3254,480
3255,2268
3256,1437
3257,1148
3258,919
3259,534
3260,2416
3261,3014
3262,2356
3263,2914
3264,407
3265,3306
3266,2231
3267,3426
3268,21
3269,3808
3270,4871
3271,4447
3272,4256
3273,3692
3274,611
3275,34
3276,2748
3277,285
3278,2167
3279,3453
3280,404
3281,1486
3282,4858
3283,3490
3284,4952
3285,2021
3286,788
3287,1718
3288,1347
3289,4602
3290,3914
3291,3653
3292,523
3293,2415
3294,1634
3295,4424
3296,914
3297,3042
3298,4390
3299,1925
3300,4732
3301,2392
3302,3348
3303,3054
3304,2850
3305,801
3306,1184
3307,4542
3308,810
3309,4343
3310,1341
3311,1888
3312,4899
3313,734
3314,1295
3315,900
3316,711
3317,277
3318,3377
3319,2670
3320,3797
3321,2346
3322,94
3323,1089
3324,3011
3325,3275
3326,619
3327,4126
3328,4340
3329,4421
3330,3733
3331,2113
3332,3023
3333,1868
3334,4012
3335,2364
3336,1045
3337,4954
3338,956
3339,3274
3340,4344
3341,3929
3342,2040
3343,2390
3344,1249
3345,3778
3346,1831
3347,443
3348,2254
3349,2052
3350,2804
3351,2
3352,3497
3353,3845
3354,919
3355,3442
3356,4
3357,2537
3358,4774
3359,2913
3360,181
3361,1571
3362,2072
3363,2113
3364,157
3365,4536
3366,2510
3367,3541
3368,2712
3369,4767
3370,1578
3371,3213
3372,2450
3373,1267
3374,3869
3375,1466
3376,620
3377,2243
3378,3994
3379,1854
3380,4644
3381,1972
3382,2596
3383,3041
3384,2686
3385,1771
3386,3722
3387,4102
3388,3589
3389,1679
3390,2102
3391,84
3392,2113
3393,2254
3394,14
3395,1386
3396,4995
3397,1622
3398,1184
3399,817
3400,3894
3401,2329
3402,4619
3403,982
3404,4627
3405,784
3406,1694
3407,474
3408,566
3409,1953
3410,960
3411,3181
3412,4584
3413,1153
3414,4385
3415,4789
3416,1507
3417,2757
3418,1553
3419,2945
3420,289
3421,4617
3422,4792
3423,3791
3424,1269
3425,3330
3426,3764
3427,4066
3428,1650
3429,1176
3430,429
3431,4318
3432,133
3433,2250
3434,1846
3435,4468
3436,1125
3437,4058
3438,711
3439,2226
3440,2351
3441,1960
3442,4860
3443,27
3444,3548
3445,3795
3446,2905
3447,4867
3448,1396
3449,91
3450,3592
3451,1538
3452,507
3453,3103
3454,2388
3455,4815
3456,2359
3457,4345
3458,3061
3459,1179
3460,3692
3461,147
3462,1919
3463,3809
3464,4327
3465,3884
3466,1266
3467,1304
3468,4137
3469,1802
3470,3099
3471,3229
3472,1764
3473,3841
3474,1433
3475,4588
3476,4552
3477,3324
3478,1076
3479,318
3480,4223
3481,3097
3482,4544
3483,1213
3484,1985
3485,4822
3486,2100
3487,694
3488,3579
3489,2028
3490,3074
3491,1033
3492,162
3493,2955
3494,2747
3495,1522
3496,2673
3497,1437
3498,2250
3499,40
3500,2383
3501,4834
3502,3486
3503,3968
3504,3278
3505,155
3506,3142
3507,228
3508,2364
3509,1445
3510,1232
3511,545
3512,3395
3513,383
3514,1477
3515,3776
3516,2912
3517,1103
3518,474
3519,2632
3520,570
3521,4388
3522,518
3523,2815
3524,2407
3525,266
3526,4782
3527,307
3528,1359
3529,1116
3530,2198
3531,1855
3532,1014
3533,1439
3534,4027
3535,1301
3536,262
3537,259
3538,3303
3539,843
3540,4058
3541,2553
3542,2331
3543,2840
3544,4710
3545,1814
3546,3460
3547,882
3548,3991
3549,126
3550,49
3551,4864
3552,4620
3553,2352
3554,3662
3555,4498
3556,3770
3557,3940
3558,1976
3559,654
3560,3706
3561,4770
3562,3122
3563,1817
3564,4727
3565,3397
3566,1712
3567,3057
3568,2968
3569,1481
3570,3301
3571,3438
3572,4740
3573,4138
3574,4226
3575,2440
3576,4570
3577,1492
3578,2911
3579,2512
3580,73
3581,1220
3582,869
3583,501
3584,2575
3585,941
3586,2134
3587,4259
3588,4005
3589,3716
3590,2352
3591,3382
3592,2836
3593,4492
3594,163
3595,3553
3596,1489
3597,657
3598,513
3599,785
3600,3659
3601,4853
3602,130
3603,2124
3604,268
3605,2009
3606,3366
3607,3494
3608,3829
3609,1167
3610,1977
3611,1260
3612,1923
3613,1130
3614,3214
3615,3111
3616,3029
3617,1046
3618,116
3619,2201
3620,1954
3621,970
3622,2960
3623,2492
3624,2250
3625,1027
3626,2642
3627,1631
3628,4396
3629,3500
3630,4508
3631,3604
3632,4962
3633,4519
3634,3082
3635,3022
3636,1083
3637,1135
3638,4137
3639,513
3640,1321
3641,4710
3642,3115
3643,3733
3644,4992
3645,4911
3646,3043
3647,4977
3648,1135
3649,437
3650,324
3651,428
3652,3667
3653,3130
3654,345
3655,4159
3656,477
3657,4541
3658,2758
3659,3123
3660,3466
3661,2680
3662,2989
3663,2955
3664,4483
3665,902
3666,199
3667,1653
3668,4958
3669,3286
3670,894
3671,3129
3672,21
3673,596
3674,2314
3675,513
3676,2618
3677,949
3678,3111
3679,2612
3680,3759
3681,565
3682,722
3683,4590
3684,4958
3685,2318
3686,4806
3687,842
3688,348
3689,2134
3690,3595
3691,1976
3692,2092
3693,4123
3694,4267
3695,2295
3696,4644
3697,3205
3698,4355
3699,2915
3700,4181
3701,4601
3702,4102
3703,1899
3704,4054
3705,2710
3706,733
3707,4757
3708,1433
3709,3658
3710,4487
3711,245
3712,4136
3713,928
3714,3871
3715,4344
3716,3013
3717,2541
3718,2790
3719,2791
3720,981
3721,1999
3722,3859
3723,4986
3724,1413
3725,4802
3726,1454
3727,377
3728,81
3729,3419
3730,175
3731,376
3732,4655
3733,1587
3734,3883
3735,4042
3736,2205
3737,3979
3738,1719
3739,1775
3740,947
3741,3324
3742,2308
3743,2817
3744,4372
3745,3536
3746,1694
3747,759
3748,694
3749,290
3750,1304
3751,3262
3752,4722
3753,4077
3754,586
3755,292
3756,250
3757,1183
3758,687
3759,757
3760,4834
3761,3967
3762,2981
3763,3935
3764,703
3765,3088
3766,1785
3767,2578
3768,3962
3769,2823
3770,4169
3771,2499
3772,1484
3773,4403
3774,1355
3775,254
3776,4990
3777,2256
3778,4717
3779,2943
3780,3566
3781,4522
3782,2322
3783,1105
3784,2917
3785,2832
3786,3894
3787,326
3788,3794
3789,4598
3790,3634
3791,408
3792,492
3793,4780
3794,4289
3795,3157
3796,1484
3797,2451
3798,4940
3799,2282
3800,3187
3801,4549
3802,1429
3803,541
3804,3572
3805,476
3806,1129
3807,1142
3808,3210
3809,3589
3810,2218
3811,3187
3812,4866
3813,4315
3814,2367
3815,3247
3816,2955
3817,4871
3818,2707
3819,526
3820,1854
3821,2185
3822,231
3823,4318
3824,1662
3825,679
3826,3243
3827,235
3828,2071
3829,1328
3830,3226
3831,1186
3832,2886
3833,3087
3834,4289
3835,2077
3836,4530
3837,3117
3838,4649
3839,3151
3840,191
3841,1511
3842,28
3843,4329
3844,1793
3845,4713
3846,2536
3847,1500
3848,3973
3849,2981
3850,3768
3851,843
3852,2286
3853,4035
3854,917
3855,3110
3856,3408
3857,2964
3858,4390
3859,2997
3860,891
3861,4125
3862,2329
3863,4956
3864,4605
3865,2704
3866,4640
3867,1103
3868,4201
3869,4994
3870,2572
3871,912
3872,4462
3873,4134
3874,693
3875,471
3876,3239
3877,1241
3878,4140
3879,3758
3880,1895
3881,131
3882,3014
3883,1694
3884,2164
3885,3913
3886,1355
3887,2274
3888,4503
3889,2955
3890,383
3891,2146
3892,3177
3893,2572
3894,1382
3895,4640
3896,3520
3897,2721
3898,1792
3899,1576
3900,2365
3901,4686
3902,3005
3903,4997
3904,367
3905,1767
3906,2142
3907,3670
3908,2073
3909,3325
3910,732
3911,669
3912,1696
3913,2135
3914,2426
3915,477
3916,4072
3917,3756
3918,493
3919,1766
3920,3923
3921,4779
3922,1331
3923,2321
3924,2781
3925,3390
3926,4368
3927,3075
3928,3915
3929,1963
3930,2926
3931,1485
3932,397
3933,2676
3934,3260
3935,2917
3936,1670
3937,4102
3938,3506
3939,1105
3940,2939
3941,4883
3942,1232
3943,4182
3944,3845
3945,3234
3946,3896
3947,1558
3948,2146
3949,1358
3950,2881
3951,4740
3952,1616
3953,229
3954,324
3955,1262
3956,3130
3957,1006
3958,2149
3959,1229
3960,1236
3961,1460
3962,1255
3963,860
3964,4418
3965,4700
3966,3766
3967,4846
3968,4137
3969,3368
3970,3563
3971,3956
3972,4630
3973,4339
3974,2956
3975,3860
3976,3999
3977,260
3978,847
3979,125
3980,3131
3981,2577
3982,4941
3983,1298
3984,4016
3985,1166
3986,3293
3987,4389
3988,3623
3989,2863
3990,4965
3991,2071
3992,4026
3993,3381
3994,4141
3995,3562
3996,2195
3997,4384
3998,432
3999,174
4000,2631
4001,1655
4002,793
4003,4796
4004,2295
4005,1408
4006,2007
4007,4779
4008,3683
4009,3521
4010,1887
4011,2823
4012,166
4013,3816
4014,50
4015,1911
4016,4594
4017,4476
4018,1649
4019,1194
4020,1077
4021,35
4022,2223
4023,742
4024,4615
4025,2909
4026,3129
4027,4838
4028,4659
4029,531
4030,2416
4031,2686
4032,710
4033,4957
4034,3795
4035,2816
4036,2038
4037,866
4038,366
4039,407
4040,427
4041,2011
4042,4268
4043,3938
4044,4392
4045,4105
4046,2591
4047,1038
4048,4499
4049,1714
4050,4707
4051,1401
4052,3972
4053,867
4054,2600
4055,2558
4056,2166
4057,2895
4058,826
4059,311
4060,1942
4061,3317
4062,4624
4063,4124
4064,3292
4065,1834
4066,1572
4067,4086
4068,273
4069,611
4070,4417
4071,1862
4072,4138
4073,3706
4074,1493
4075,2144
4076,4768
4077,1581
4078,1228
4079,4593
4080,3669
4081,532
4082,610
4083,4954
4084,262
4085,1052
4086,1084
4087,1240
4088,2329
4089,4012
4090,2276
4091,1757
4092,2713
4093,2848
4094,2508
4095,2203
4096,4210
4097,1193
4098,1466
4099,1634
4100,4476
4101,2984
4102,4849
4103,3871
4104,176
4105,3968
4106,4231
4107,3585
4108,2346
4109,1991
4110,1410
4111,1162
4112,2804
4113,4231
4114,1467
4115,141
4116,4224
4117,4353
4118,1170
4119,3008
4120,905
4121,2474
4122,2328
4123,4741
4124,526
4125,4992
4126,873
4127,3830
4128,1845
4129,4721
4130,4140
4131,1352
4132,4037
4133,4631
4134,3612
4135,3661
4136,2565
4137,4589
4138,301
4139,1220
4140,699
4141,4117
4142,817
4143,4044
4144,4521
4145,2845
4146,1235
4147,3796
4148,4116
4149,3178
4150,4854
4151,1861
4152,4768
4153,460
4154,234
4155,3722
4156,4167
4157,3663
4158,986
4159,2509
4160,1150
4161,919
4162,44
4163,2942
4164,903
4165,400
4166,2337
4167,4368
4168,67
4169,63
4170,2575
4171,2488
4172,1947
4173,2319
4174,4195
4175,4642
4176,724
4177,4390
4178,576
4179,5
4180,4306
4181,3506
4182,3224
4183,2155
4184,2177
4185,4402
4186,1617
4187,4534
4188,3224
4189,2103
4190,2236
4191,1191
4192,1352
4193,3544
4194,4988
4195,4883
4196,1834
4197,3323
4198,3733
4199,1677
4200,4983
4201,3767
4202,3548
4203,4485
4204,2681
4205,1596
4206,4315
4207,1272
4208,1131
4209,4235
4210,2661
4211,1418
4212,979
4213,4380
4214,4880
4215,2515
4216,1076
4217,459
4218,1905
4219,2376
4220,1385
4221,1646
4222,1698
4223,2383
4224,1219
4225,3647
4226,1815
4227,4003
4228,286
4229,4880
4230,3519
4231,2203
4232,611
4233,4596
4234,483
4235,687
4236,3972
4237,1682
4238,4165
4239,4181
4240,4720
4241,469
4242,1549
4243,634
4244,3872
4245,3564
4246,1667
4247,2534
4248,4545
4249,2263
4250,2936
4251,2757
4252,3371
4253,4925
4254,733
4255,4767
4256,1098
4257,3099
4258,3054
4259,4028
4260,434
4261,4166
4262,2718
4263,4659
4264,1525
4265,921
4266,3796
4267,4157
4268,78
4269,1221
4270,977
4271,2000
4272,1032
4273,3228
4274,305
4275,921
4276,3772
4277,821
4278,4950
4279,76
4280,2141
4281,3072
4282,1442
4283,1905
4284,438
4285,2111
4286,2619
4287,3021
4288,4655
4289,3922
4290,4901
4291,3776
4292,4135
4293,3927
4294,445
4295,2210
4296,883
4297,4164
4298,2317
4299,1561
4300,4514
4301,2118
4302,950
4303,4082
4304,4992
4305,2568
4306,3483
4307,2443
4308,3978
4309,2623
4310,1534
4311,2103
4312,2169
4313,4838
4314,1940
4315,4851
4316,4682
4317,4384
4318,857
4319,1303
4320,462
4321,1321
4322,656
4323,3559
4324,4151
4325,626
4326,2351
4327,431
4328,395
4329,1617
4330,4801
4331,2685
4332,2330
4333,37
4334,4640
4335,500
4336,4904
4337,3949
4338,4645
4339,1703
4340,3836
4341,1573
4342,4557
4343,4685
4344,2897
4345,4820
4346,4713
4347,575
4348,3430
4349,820
4350,1060
4351,3012
4352,3036
4353,1213
4354,4417
4355,2022
4356,937
4357,2919
4358,3901
4359,2248
4360,2955
4361,873
4362,4253
4363,4157
4364,2343
4365,2008
4366,2697
4367,1681
4368,2081
4369,4713
4370,4224
4371,4972
4372,282
4373,4549
4374,3923
4375,3253
4376,1246
4377,3683
4378,471
4379,1009
4380,3278
4381,4466
4382,1462
4383,215
4384,3041
4385,3095
4386,4456
4387,1003
4388,2918
4389,2110
4390,93
4391,2849
4392,3355
4393,4698
4394,3950
4395,403
4396,3352
4397,1796
4398,2274
4399,1294
4400,681
4401,83
4402,1349
4403,3971
4404,2390
4405,647
4406,4020
4407,2440
4408,2108
4409,2728
4410,4650
4411,3263
4412,2842
4413,4508
4414,4058
4415,811
4416,4088
4417,4492
4418,3651
4419,2427
4420,1131
4421,1935
4422,2841
4423,2650
4424,1111
4425,3508
4426,1012
4427,3584
4428,2791
4429,1054
4430,853
4431,1829
4432,1989
4433,2607
4434,846
4435,153
4436,4631
4437,334
4438,4913
4439,2087
4440,2987
4441,2241
4442,3313
4443,1041
4444,913
4445,3437
4446,1485
4447,3303
4448,1492
4449,2379
4450,258
4451,1452
4452,1491
4453,1060
4454,1051
4455,4112
4456,3310
4457,1102
4458,3415
4459,1213
4460,1955
4461,4739
4462,3974
4463,1168
4464,2875
4465,3861
4466,4881
4467,501
4468,2195
4469,4287
4470,1153
4471,3153
4472,4940
4473,739
4474,195
4475,3615
4476,4522
4477,1218
4478,4091
4479,3975
4480,768
4481,2093
4482,3152
4483,1766
4484,736
4485,2953
4486,3019
4487,2085
4488,1728
4489,3897
4490,4953
4491,4499
4492,1284
4493,3423
4494,1441
4495,1683
4496,93
4497,2950
4498,2971
4499,3349
4500,1930
4501,1576
4502,3206
4503,1905
4504,4477
4505,3819
4506,3719
4507,4157
4508,1679
4509,1376
4510,3368
4511,2441
4512,4949
4513,4829
4514,2855
4515,1219
4516,3229
4517,1587
4518,2968
4519,259
4520,3785
4521,1577
4522,3126
4523,2415
4524,2928
4525,655
4526,1516
4527,1925
4528,981
4529,2407
4530,4747
4531,2124
4532,1039
4533,2591
4534,2933
4535,3860
4536,2119
4537,371
4538,374
4539,2126
4540,830
4541,549
4542,3669
4543,4658
4544,2105
4545,4213
4546,56
4547,1295
4548,1093
4549,4205
4550,4561
4551,172
4552,4551
4553,4751
4554,4821
4555,3947
4556,4644
4557,549
4558,3213
4559,3877
4560,3346
4561,2513
4562,1507
4563,1586
4564,4767
4565,1012
4566,4003
4567,3431
4568,3493
4569,2376
4570,3989
4571,984
4572,4009
4573,4247
4574,1046
4575,1579
4576,1351
4577,408
4578,3388
4579,2617
4580,4101
4581,380
4582,1152
4583,3064
4584,1884
4585,3506
4586,3134
4587,3582
4588,195
4589,1876
4590,3353
4591,2921
4592,2215
4593,3223
4594,3092
4595,2421
4596,3706
4597,4087
4598,35
4599,3628
4600,3868
4601,3049
4602,3614
4603,2176
4604,4067
4605,1800
4606,1193
4607,3505
4608,2018
4609,4553
4610,3567
4611,2363
4612,2655
4613,339
4614,1657
4615,3806
4616,4404
4617,4054
4618,3558
4619,3202
4620,3432
4621,4135
4622,1092
4623,1799
4624,4560
4625,501
4626,4481
4627,3094
4628,4902
4629,4151
4630,678
4631,3258
4632,2898
4633,4947
4634,897
4635,4652
4636,4829
4637,4755
4638,626
4639,3827
4640,1531
4641,793
4642,1001
4643,2732
4644,3005
4645,1519
4646,4392
4647,2164
4648,3247
4649,2229
4650,4091
4651,3024
4652,3628
4653,4968
4654,2060
4655,3700
4656,53
4657,3662
4658,3732
4659,4661
4660,2291
4661,2048
4662,1537
4663,2963
4664,1841
4665,1209
4666,3770
4667,3995
4668,1768
4669,47
4670,1371
4671,2819
4672,1532
4673,4949
4674,4692
4675,4591
4676,1004
4677,665
4678,2200
4679,2358
4680,1435
4681,4263
4682,1851
4683,4130
4684,112
4685,3503
4686,3380
4687,1133
4688,1778
4689,2658
4690,1738
4691,4057
4692,3359
4693,3862
4694,276
4695,2577
4696,4325
4697,2594
4698,4904
4699,1329
4700,3535
4701,4052
4702,65
4703,3764
4704,4233
4705,2823
4706,4137
4707,2412
4708,3807
4709,450
4710,489
4711,2357
4712,3576
4713,1721
4714,3814
4715,3463
4716,4428
4717,4622
4718,2600
4719,4956
4720,1234
4721,3410
4722,2927
4723,1066
4724,3484
4725,196
4726,1214
4727,3639
4728,1409
4729,4181
4730,4288
4731,2397
4732,1362
4733,4756
4734,3725
4735,4677
4736,1383
4737,247
4738,4013
4739,3944
4740,3496
4741,447
4742,699
4743,307
4744,4454
4745,2657
4746,2755
4747,1015
4748,651
4749,2371
4750,4843
4751,1303
4752,4202
4753,3729
4754,1330
4755,1424
4756,604
4757,3497
4758,2006
4759,4499
4760,4170
4761,1299
4762,4060
4763,3405
4764,443
4765,3292
4766,516
4767,2328
4768,3442
4769,3812
4770,510
4771,2790
4772,201
4773,4917
4774,4556
4775,766
4776,1243
4777,2852
4778,3339
4779,2827
4780,1380
4781,3245
4782,1476
4783,4843
4784,3314
4785,1248
4786,3216
4787,1319
4788,3953
4789,4760
4790,835
4791,4102
4792,1086
4793,3717
4794,2699
4795,3368
4796,4727
4797,4579
4798,2580
4799,3214
4800,4148
4801,1800
4802,1207
4803,4965
4804,1287
4805,776
4806,2074
4807,2117
4808,40
4809,106
4810,122
4811,636
4812,4982
4813,424
4814,3749
4815,3283
4816,625
4817,2595
4818,2035
4819,800
4820,1783
4821,3450
4822,569
4823,293
4824,1171
4825,4912
4826,1771
4827,680
4828,3155
4829,3107
4830,2538
4831,3285
4832,3474
4833,3342
4834,3280
4835,2312
4836,3059
4837,1515
4838,4105
4839,4106
4840,2493
4841,3639
4842,3986
4843,876
4844,505
4845,1601
4846,1829
4847,4383
4848,2134
4849,867
4850,3633
4851,1167
4852,1400
4853,2980
4854,2303
4855,2517
4856,2194
4857,4998
4858,4306
4859,1795
4860,1893
4861,4833
4862,1191
4863,2062
4864,3604
4865,1710
4866,3719
4867,2910
4868,177
4869,1957
4870,374
4871,1360
4872,3375
4873,3267
4874,1778
4875,3731
4876,4130
4877,124
4878,3918
4879,1676
4880,4677
4881,3473
4882,881
4883,3680
4884,1274
4885,491
4886,4759
4887,1495
4888,2562
4889,1220
4890,3095
4891,4737
4892,54
4893,2057
4894,2430
4895,4982
4896,2357
4897,959
4898,4772
4899,416
4900,4937
4901,744
4902,4970
4903,1045
4904,618
4905,738
4906,3650
4907,2061
4908,3509
4909,2712
4910,30
4911,125
4912,757
4913,4407
4914,4374
4915,3864
4916,2963
4917,951
4918,1703
4919,3136
4920,2817
4921,1875
4922,177
4923,122
4924,1826
4925,746
4926,1341
4927,3151
4928,995
4929,1202
4930,1299
4931,2135
4932,4308
4933,2364
4934,4572
4935,4232
4936,2814
4937,1183
4938,1369
4939,4124
4940,2961
4941,4400
4942,3411
4943,2347
4944,2180
4945,1559
4946,4607
4947,325
4948,2630
4949,4504
4950,4501
4951,212
4952,3438
4953,3600
4954,1120
4955,1071
4956,898
4957,1866
4958,679
4959,1505
4960,1741
4961,1127
4962,1978
4963,2559
4964,1729
4965,1324
4966,1720
4967,2073
4968,2634
4969,892
4970,2393
4971,4091
4972,2024
4973,4980
4974,4828
4975,3916
4976,2248
4977,1209
4978,1381
4979,4704
4980,2723
4981,4735
4982,1547
4983,1386
4984,1790
4985,2011
4986,4877
4987,1385
4988,4952
4989,3871
4990,4141
4991,3491
4992,730
4993,2802
4994,780
4995,3772
4996,2481
4997,3440
4998,1236
4999,1546
5000,4921
