idS,idI
5,983
410,251
280,647
1912,1787
1911,102
832,1768
86,1557
157,2467
539,64
2154,1842
827,1189
1792,201
1528,1512
1800,1222
949,2311
446,1401
2195,861
178,2481
2411,1352
424,1956
2232,1588
364,1971
1600,1137
1567,1982
2076,216
989,24
2482,1605
1582,1265
1355,1081
1859,1857
2350,1166
1965,1541
717,1208
1687,691
1248,199
2345,391
793,844
1861,244
1886,1055
315,1492
595,1732
167,776
2257,1501
1923,2467
263,1074
2348,2153
2465,116
2092,215
1825,1815
2476,489
688,1459
1540,1505
573,1903
163,1124
188,1989
48,1776
1794,1409
995,2006
1646,2404
2296,1797
999,1841
1502,596
2422,231
1529,236
2467,1820
2109,1519
192,154
1781,755
2265,1776
356,1783
2221,483
1880,1786
2035,1975
72,959
449,1954
2191,1027
104,2150
1281,1120
890,2151
1518,191
763,435
1178,224
197,2059
1173,1093
294,453
809,1767
142,1972
2403,1824
2241,133
310,286
1458,1405
1797,228
51,846
12,243
2237,1807
539,617
2017,1768
10,643
1770,1741
1601,899
1271,1496
2373,925
1951,476
1756,1217
1664,1150
2225,51
767,1936
533,829
1221,2068
917,1334
201,2210
382,928
990,1443
1201,218
842,1402
1404,1327
49,1854
2309,1178
2101,10
2453,2262
2096,1049
413,1169
522,853
2039,593
1457,378
1457,480
976,1321
532,1788
1261,1828
1418,1482
1053,2053
395,670
1218,1373
560,1730
273,1500
1830,903
2236,1579
1189,1194
2070,1038
836,483
2344,454
433,2258
480,443
1731,206
1277,741
869,2498
1358,745
900,305
586,678
1864,1066
216,1046
587,2220
1606,169
1858,735
2391,1432
1213,394
989,256
1051,2300
1118,492
1290,690
1228,265
1447,1944
1354,1622
308,28
1345,1125
932,1469
507,40
770,1666
1541,1545
1167,2366
1932,1739
57,904
1637,1145
1710,613
422,2201
742,1373
1831,798
962,397
334,2080
250,748
213,2413
960,1741
819,1447
478,1186
756,1480
882,1755
1935,283
1156,298
1791,1064
1616,2455
88,2497
1335,2374
1169,1720
551,768
2160,758
619,2093
1241,59
2227,1394
104,2087
866,179
357,1973
2098,355
617,1975
1635,1662
2169,1867
403,747
740,2411
2352,1765
1789,717
802,1776
134,134
1196,2393
403,503
1040,1499
153,2091
1304,200
247,299
121,585
1744,1601
2274,2348
1498,1269
1591,2386
828,1023
2422,34
2045,1496
881,1783
2256,771
1152,145
1735,813
1849,789
1660,1013
1196,663
504,2078
1720,210
17,2377
2200,138
1347,271
131,2009
2072,1750
464,2327
2264,455
178,2002
750,2443
54,1186
37,376
1668,764
956,2264
178,327
1933,162
186,299
779,2342
851,1135
1685,120
100,1274
1382,1836
1531,623
782,2122
622,1083
307,283
1899,1355
1862,337
1031,1365
1043,2310
633,1105
1797,995
1113,2184
19,786
1017,2130
559,31
2485,170
2330,83
1005,2266
1477,1074
1262,2387
397,1501
1907,2347
961,232
1078,1705
149,2188
2040,821
590,1583
1256,2153
2245,1250
1361,671
779,2105
1402,758
2277,308
2477,1371
722,537
851,597
1535,1243
540,69
1047,1346
150,310
462,1655
1740,228
597,550
1692,1710
2316,1734
702,1899
749,180
839,2052
1718,751
1366,2209
1610,1078
1555,1599
1703,1188
1274,2266
2092,844
603,723
2317,1267
1805,1701
1673,1303
1943,2027
910,1794
1329,1847
2286,1351
1475,1668
862,770
223,1438
1323,1643
2044,446
2347,905
394,492
2325,867
680,528
520,781
422,1542
448,2054
226,2195
2077,1677
267,786
1009,1406
1974,357
1081,678
946,1876
2203,1701
1148,1651
439,376
1134,2057
1588,1047
8,1368
2402,938
917,1076
2468,2258
41,1846
1959,2403
2449,2270
2477,1975
1290,970
607,62
1893,1342
32,2075
855,2071
540,75
2002,843
1629,1639
1312,717
1827,1028
2462,1333
1628,2122
1810,2161
1349,282
1797,242
1813,571
924,1665
1084,1682
145,799
445,2407
771,776
1611,949
238,2042
567,703
1132,1703
593,764
1038,44
1823,1757
1751,2218
2414,1591
632,1021
32,31
2360,1773
1649,1828
785,1553
301,1316
2143,1040
1590,519
942,1348
1702,979
533,2172
85,975
885,1045
617,2004
1521,1755
2428,1044
1591,1709
229,153
1707,1934
2045,292
1695,309
1387,396
1135,1324
2195,969
563,699
589,2440
1463,2482
1477,19
575,1148
671,2011
113,1768
1064,871
304,715
1586,912
430,1169
227,2172
936,1445
2136,1503
689,1920
174,384
1482,1091
645,1992
768,1774
550,2017
1311,570
1984,938
688,1965
2326,49
2081,1816
1549,783
136,384
997,713
1873,436
141,1222
598,459
2054,1132
1234,2369
2136,97
652,1489
482,2011
2256,2089
1538,870
1590,270
777,460
2122,1402
1120,1786
369,2451
2087,166
420,1483
630,1096
2028,989
49,2260
118,2409
441,2498
635,1354
767,1864
2326,1357
1895,72
415,970
448,1107
1126,1047
1018,170
951,673
1133,1078
1153,657
1359,812
2056,2114
1719,2120
2402,2068
998,2019
1161,488
1993,2015
965,1858
632,777
183,32
1375,2166
1415,1565
385,2133
1284,1145
266,1290
1691,2176
1024,339
2395,786
2448,918
1527,2187
1571,1205
423,694
2027,559
1509,2455
40,281
895,1929
1905,513
416,401
1212,2050
960,783
288,2111
1254,2346
2082,2220
960,1378
1492,210
2216,461
2268,1498
1297,23
1606,2356
1625,264
882,1148
1954,1891
1829,282
1720,1702
2102,223
2240,842
793,1484
1887,1417
1692,2100
2261,2114
1513,1024
1875,128
1766,542
2001,538
742,878
2425,917
2225,1120
1599,1071
1578,2118
1009,1104
1041,1884
2227,1544
2013,1901
1071,1617
1048,421
2485,463
1074,1073
1831,651
553,326
1292,1334
995,573
2161,189
593,1798
160,302
556,2489
2152,621
548,1318
2062,185
226,1680
1163,2451
399,516
2250,2220
1349,1324
1839,8
1494,811
2349,1893
799,1593
1714,1546
2382,1297
1103,1011
660,921
2227,77
267,2279
111,942
1461,1042
1223,1954
1453,163
854,303
2329,990
262,712
2117,964
1748,1741
1966,2098
1951,247
1036,2118
1992,1874
1172,1807
144,2042
2491,2069
726,1978
421,518
615,573
941,573
1545,1765
937,105
566,1360
1587,1077
888,1117
2385,244
1433,875
1367,1286
1942,1927
331,118
905,1623
1633,410
1448,2243
191,358
2357,1721
1720,2490
1362,739
1038,2223
724,1910
1005,750
361,20
1844,723
52,1944
568,1695
1178,68
2037,1035
358,2407
2481,1508
202,276
53,699
921,442
578,211
336,932
946,2248
1297,1288
909,781
1788,1341
889,1864
768,857
69,1327
2469,1234
378,147
136,313
1763,1732
538,1258
2337,2037
2000,583
1121,1596
16,945
90,2500
1903,769
1583,533
483,2358
406,619
1771,915
1818,2427
1812,1376
1372,37
1753,1256
2198,1058
122,544
1568,1109
567,512
1460,2110
1162,957
1641,848
1127,2365
361,2347
902,1162
597,865
408,2344
76,2129
501,1741
1914,505
1677,819
924,288
77,938
1865,2342
935,948
736,572
1508,1191
2065,1326
1415,1399
2087,2204
1744,364
1509,1575
138,1446
1663,63
1932,362
1175,1469
1042,1609
561,107
1457,635
977,954
2180,1592
285,1538
1614,1775
963,531
2000,304
880,1162
1335,371
689,2129
652,1079
1004,767
2454,1378
2193,2254
1526,1341
383,1650
2382,1583
92,2193
1504,589
988,2106
858,1962
1334,2493
1347,1593
2236,1245
1519,1431
195,803
1162,2134
768,1521
2293,1680
2147,1329
1689,1677
1124,1422
685,805
640,1922
8,512
32,1956
636,1057
348,700
586,2399
148,124
2378,231
1948,2298
2332,748
568,1083
745,2221
2198,461
1695,1510
976,864
2003,1261
1688,1803
1188,2015
223,527
446,2500
1919,7
249,1291
1130,901
2422,415
1889,1950
2136,1914
2020,1940
779,1351
1472,1608
87,2472
2249,711
418,1489
2344,679
1378,197
1187,603
1374,2432
1731,1176
1699,978
2308,139
957,751
1531,1477
784,651
191,2196
2049,1816
1009,2303
1571,2096
1097,495
197,2387
1991,2387
289,1834
2286,2465
1017,2451
830,288
2351,17
216,1613
105,3
720,256
1573,2068
1481,129
853,1962
2413,2432
296,467
2332,26
473,2488
763,2015
345,961
1470,1435
700,1034
1943,1574
1703,2286
1006,310
2203,1403
1718,557
2292,1902
677,2352
806,1729
1176,1651
1469,1718
1219,719
503,290
2068,1069
2118,1703
32,2004
1910,1922
396,835
182,1244
803,2204
416,23
1013,758
439,1828
1304,2107
2322,1401
1882,635
149,1794
1828,1676
729,263
2448,833
1936,2277
1195,430
118,948
1247,2160
248,1898
89,1689
1191,1604
1967,1558
2387,1436
297,1398
19,363
1718,1836
330,571
991,776
1408,1374
753,621
2017,2496
585,2304
1542,2324
1533,2092
163,1986
640,665
1960,1476
2262,745
914,1760
1395,1492
389,1760
647,2096
1203,123
1485,210
1434,1341
173,169
2163,1223
297,1048
739,1104
2373,1676
801,382
616,1178
1729,249
28,897
1752,1862
2045,180
607,1819
1905,1942
1556,2209
224,1628
1231,1590
1049,285
2080,424
1832,2291
1650,1393
2350,2279
1136,1501
324,402
2042,882
1913,1266
567,2482
53,2491
1937,672
972,653
1041,757
1997,1701
2308,1501
301,842
948,331
1088,300
1580,421
1071,1871
1531,1064
2040,737
2231,2228
65,685
1012,1171
580,348
350,418
2042,2134
566,1572
945,265
1407,2397
2301,409
919,1501
2214,829
616,334
133,1122
115,1125
239,2160
116,1167
2264,1733
1816,493
1970,406
343,432
422,252
2050,26
738,2
1009,1753
161,78
2423,300
2194,1703
976,1816
2285,1960
523,1655
1621,2349
1222,1230
1265,2363
1246,734
2071,1865
1010,177
509,271
961,2021
1232,2190
991,1984
691,2138
1641,2138
299,2479
1957,49
2332,676
845,2402
1360,1273
1790,2112
1991,199
2134,1701
2444,514
1155,1348
1929,1782
1887,1976
1476,2199
84,1474
23,1126
442,2401
595,491
2344,1587
1912,420
376,942
1141,1568
1644,282
1231,2138
2209,314
753,2437
1413,1584
1998,928
630,2024
1816,465
878,2128
2303,1266
2367,789
1461,1530
1139,604
1976,1146
222,320
1755,836
1256,1591
6,129
2311,1317
1831,414
320,162
1428,20
2198,314
859,1205
639,1845
1451,1253
2408,2216
684,2
78,430
2354,2376
1489,840
539,108
377,1282
1797,1486
776,2139
62,2129
147,91
114,595
1143,1629
1308,1935
2231,1167
669,617
1951,254
772,21
279,2437
530,781
1512,1038
2347,2405
2196,855
124,1896
1078,1855
2481,429
511,1999
1359,1478
201,89
344,2243
946,2178
1637,930
305,1076
2087,787
625,95
656,869
2040,651
2392,361
483,2368
2279,447
2306,1359
778,1400
1298,1856
981,1374
1355,214
785,2113
2125,1678
1957,2151
1937,1991
1874,2189
1425,7
1482,183
1334,949
2137,1246
238,83
347,2222
2155,1947
1151,1034
93,851
2266,2361
302,1425
2395,2218
1163,317
2492,665
2282,2407
1797,761
1121,875
418,1332
2052,1690
2489,575
1520,137
687,561
1169,2286
806,1805
730,2332
1908,601
1142,99
1322,1076
71,755
1621,480
1619,375
969,645
1135,1434
1861,1325
681,1291
598,743
743,477
587,647
2304,512
1480,895
2307,1633
2090,1672
271,1634
1779,1597
327,998
1252,410
1704,1415
824,974
2337,303
2074,1033
1217,2043
1211,1335
724,33
339,1960
1782,402
1619,1655
1460,941
1518,1298
613,1554
2281,704
306,1786
1299,547
445,1723
1512,439
2117,2193
2080,364
2090,103
2205,629
1986,291
1413,366
393,1892
103,632
169,189
820,409
1757,1868
415,2490
867,1312
1393,977
186,130
997,502
851,803
1346,2052
24,1748
340,60
548,1081
1509,2195
2358,935
776,4
617,778
821,7
397,98
1836,1641
22,1565
1947,849
2415,486
1579,2105
960,1189
1760,2348
1301,77
2240,1682
1379,2228
833,1793
217,1517
1166,771
1393,347
1690,2144
508,1755
1544,1447
1164,407
742,1842
2459,356
925,55
951,489
1516,746
881,11
1613,861
1724,2493
1986,1705
413,1899
805,1643
761,2491
76,2191
984,2440
1059,1270
2124,2239
1266,474
814,1965
1493,1260
2364,14
873,764
448,836
2098,1491
459,1297
1101,1700
843,1463
1971,1320
1624,2304
2117,155
1105,1878
679,2329
2006,2458
690,1686
964,1873
1593,961
1239,1660
805,779
1488,1826
43,1287
1146,283
1877,2296
2126,1582
2261,1429
1409,1139
2445,1457
537,1135
2220,142
1126,35
1329,240
1024,1216
368,1013
1399,1868
2334,1056
2223,713
908,1091
1174,1938
1737,1682
1531,1930
1911,1617
2286,2076
504,1841
991,763
414,105
42,833
2032,2024
1142,891
2235,662
2110,840
2493,1317
476,10
817,824
1209,1418
2316,646
1768,1966
1695,59
2487,487
240,90
503,1673
198,2076
1950,1201
192,2485
589,1442
1365,1145
799,1445
1233,504
81,1367
1074,715
924,538
2106,20
1919,1289
442,432
1076,39
1094,2018
1357,381
2465,553
2317,352
1302,1010
41,1524
489,1245
183,2194
532,1347
1240,1212
1970,128
1300,415
459,1103
329,1961
1627,2307
1680,1093
1480,466
1848,900
2312,1205
1761,776
291,1688
1383,2422
1899,670
269,44
1688,1344
260,81
1998,860
2267,2301
746,1741
2430,851
2118,2221
786,1004
1167,7
701,1425
2484,1950
505,2297
1984,1063
742,1006
1034,1254
2401,744
545,1838
1458,1214
259,1105
2397,66
1508,1791
1876,2343
179,1415
662,1278
1144,1424
2460,344
1858,268
602,1065
2453,2070
2059,1958
2375,1196
2420,451
1379,2366
458,2291
2134,132
574,1065
1552,649
682,1376
220,552
1140,2380
325,512
1821,1844
619,650
313,2030
330,1760
1205,1560
1371,1630
250,788
712,106
1296,623
980,92
582,1119
1445,2343
887,931
1416,730
130,1345
1408,551
847,265
2228,1719
1221,1034
171,2428
769,1006
816,735
1602,1931
929,1000
1549,88
1077,762
151,1890
1599,887
1096,1179
408,61
1323,535
318,1923
134,809
471,1405
439,446
738,1827
2188,276
1928,1767
69,506
632,2411
628,1656
1345,1970
2038,164
1685,2153
439,525
2155,1107
1562,1647
605,2270
2319,1874
2015,192
338,1667
424,2493
1802,2350
225,1143
1859,257
776,36
581,1378
833,1233
1129,2068
1723,2424
2072,2304
264,1222
1466,1832
1385,1720
659,1624
2313,891
556,206
951,1215
2167,322
1919,2464
778,1788
1928,642
2374,738
1950,61
1926,2
1129,1807
1061,1614
2291,1210
69,447
821,103
1609,2354
1788,299
637,2440
2083,656
2026,1268
1328,753
1281,597
2440,1666
81,1125
458,2173
166,660
574,2380
2047,1965
2223,1309
2440,940
295,2407
2188,2077
1084,2433
305,2103
45,1431
1441,2442
1153,492
124,1794
15,1681
774,131
39,492
942,933
692,1875
1496,1249
1800,726
2383,2044
541,1207
325,2312
349,1320
360,573
2064,65
578,135
1195,495
1617,495
2473,1797
635,1678
67,1841
941,2212
241,241
918,925
153,348
1175,1498
1210,1135
924,643
2271,2243
1517,1992
538,435
1584,1259
2493,877
1587,1419
1483,2490
1771,1538
1501,290
1102,28
1302,1383
2137,1753
1427,593
1955,2080
469,721
1358,543
2365,1533
219,1777
1245,929
1803,1287
143,1220
278,694
2323,600
1176,1570
1887,843
246,1952
498,1652
1992,2091
51,166
1083,1011
2129,871
124,1426
692,2303
1950,1017
781,2216
983,127
1866,1080
802,84
2482,1132
1018,2222
285,1003
286,1959
472,1413
322,48
135,536
2439,568
1735,1114
1240,523
2195,2415
391,1545
1960,1948
1140,2111
1463,2115
2486,103
418,1551
671,458
1004,727
1213,1838
859,379
2287,2146
412,335
2186,2386
626,886
881,281
1810,787
1143,1450
2461,1031
1408,1776
806,2410
1687,2387
1598,210
1266,2460
1355,531
1455,885
2257,843
1134,1849
2435,1257
775,1853
1620,515
2275,1841
2031,1698
706,486
938,346
1934,925
2344,1423
2483,2238
2350,295
1782,2392
1641,94
1363,2406
1412,442
697,390
968,2453
1991,339
1959,344
1888,369
1571,385
212,2191
1840,1987
1459,695
264,1576
1045,1113
1664,741
1123,896
923,2186
2382,542
679,2021
877,1449
939,812
1993,1563
2172,1007
304,1215
2330,1741
1187,259
1882,1645
2474,2106
68,1392
613,332
588,1808
922,1860
614,836
681,2108
1724,835
2182,1648
682,774
384,909
1318,97
664,221
1908,1219
1328,2068
21,1371
602,2253
1263,830
941,1157
592,950
547,581
1791,1967
313,2479
2424,661
893,2157
1716,2483
2035,1309
954,2259
21,481
414,1346
2199,625
104,2252
1799,1498
373,1905
1272,893
1166,2260
1845,606
1384,1610
1102,143
1297,2417
435,530
2492,2002
1322,1330
1178,1866
1060,1257
565,2118
1619,1707
1329,2170
1216,1755
2479,410
337,2219
2294,1887
1434,719
128,1615
298,1611
2435,1039
150,925
1702,2285
255,1471
1870,1361
2084,1272
2114,479
1483,226
717,1500
962,388
646,1829
2376,1867
1846,262
2249,2189
1928,1915
1117,43
1164,992
1389,1374
1024,676
970,2348
317,401
1126,1022
1581,1203
1074,956
41,794
475,1792
2037,1669
1373,901
1486,2419
569,1790
1561,1268
207,507
1325,2287
1848,1399
244,845
1339,2337
2423,1182
2090,698
326,2023
338,923
1944,2467
1368,2061
1174,1237
1190,1607
477,2464
1734,904
902,1059
1447,2130
1356,1557
393,2460
2453,1904
1093,2475
2368,1885
2128,420
2494,1854
1125,1544
491,1410
1920,2301
2384,1228
231,917
1938,1306
835,1290
2175,2362
183,2386
2212,1409
2071,1401
1378,2140
848,34
1155,2470
1900,124
1810,416
987,1125
1976,1427
2331,2284
1753,1588
2372,450
1041,1463
745,1693
1376,728
1802,71
1767,2239
34,1873
719,1913
374,1070
2340,1191
1768,148
1052,1730
1730,921
2256,1536
711,586
1539,2410
35,949
2301,1675
1380,2018
684,327
1607,1457
516,1066
600,53
595,114
2110,1967
203,2446
565,976
557,935
288,475
1665,323
499,1077
261,822
1854,795
39,616
1565,1758
1268,766
191,737
1195,1649
1337,642
1052,959
2485,897
792,688
2185,1353
84,1212
2243,1665
2438,1367
2431,593
129,1629
1474,2336
562,1275
414,1591
151,711
935,678
2248,428
270,2395
886,1462
245,2222
1748,1959
508,450
1775,272
1871,360
806,1470
786,269
2462,504
1029,326
948,1898
1432,2427
889,1186
1432,1780
2131,530
549,20
841,795
1541,1878
1534,624
328,1809
1943,1741
795,1389
1742,923
2468,1552
2124,250
1854,802
311,2475
1956,966
1505,1019
2266,2287
792,1992
2310,933
2106,2019
357,1221
907,1971
2162,1855
589,1919
1087,2226
2298,1567
517,743
1525,1780
638,63
1615,172
272,112
1015,2084
1826,2125
1762,762
1044,913
546,208
2468,1089
1902,346
736,845
1727,996
1453,1646
970,619
1172,1871
1373,1566
1715,2214
1226,2388
899,1412
223,1782
535,2352
127,2412
2044,230
1160,1111
1398,262
206,1938
1249,361
1527,521
935,1688
952,1777
296,2155
976,987
1298,1585
715,1966
206,1818
883,1708
513,509
1058,1935
431,155
1035,298
1618,1539
2434,1561
1404,155
451,1931
1875,36
336,2375
1134,343
439,12
1437,1173
2290,1408
2305,131
1451,2331
1457,2011
809,2361
1571,1816
1647,525
1413,2281
433,1772
1817,2157
835,1621
2280,2014
1434,2060
2482,1019
1985,1264
2070,777
1294,453
372,355
8,874
1432,359
275,2143
846,548
1514,1929
793,2314
657,679
2296,1316
1400,1659
533,1342
231,675
2006,536
597,1484
2376,2495
1880,1168
649,913
1936,1497
112,151
1957,634
1472,1670
850,449
50,1506
1906,1989
874,2309
295,722
445,1598
2078,590
2087,1256
710,1549
2098,1747
1694,2465
974,1929
1952,1910
965,1346
456,2
158,112
1423,1254
1246,1594
1820,2463
233,1167
152,1853
943,1503
1828,1827
1441,1412
2021,1016
2278,684
2359,1897
1710,203
271,44
1280,1807
1579,477
2451,1029
480,563
2003,2080
1351,1622
1596,325
621,1564
539,669
17,508
2354,249
2279,1594
1228,679
665,1708
1875,54
429,879
636,2323
462,1893
2386,1717
1840,589
1454,1993
2023,184
142,837
1703,759
1511,556
1030,1314
695,499
2068,528
714,281
1847,321
1539,2020
910,1783
1439,1961
1898,434
1711,1365
81,523
2288,830
1849,436
1340,2405
816,141
337,883
2355,1390
2173,620
575,1129
161,242
1341,301
24,2493
1978,1568
28,1532
2308,446
549,1900
2451,1003
734,810
933,2009
208,1764
906,577
141,2261
1724,1514
443,1098
1561,2349
716,2059
561,772
1575,1829
2269,486
1579,688
2037,605
53,13
2490,297
1842,1287
1253,1920
564,371
844,173
194,1181
312,1061
816,1417
1815,2057
424,1874
1222,1773
2162,2239
2403,832
2099,629
1054,1591
1003,1346
689,1025
1772,333
862,1674
262,549
1300,2237
2472,2328
1891,2396
921,2186
2298,1300
1853,2261
2374,2069
1491,1870
2201,561
1835,2333
1408,2486
921,835
2185,2427
1361,219
413,830
1478,144
1290,1252
52,826
272,2148
791,272
2402,1903
1265,2314
871,166
741,715
698,1335
1803,407
2494,1904
1657,1050
210,1810
206,1150
1553,1256
767,1725
1625,1411
1330,584
2106,1511
1443,727
1769,1696
2422,2253
1221,325
953,556
670,560
1363,260
1214,1311
1144,1669
1354,1765
1839,17
1262,318
1381,544
2495,2420
1157,1259
2279,2413
403,1821
233,161
2334,1969
1000,811
1110,412
2492,1263
787,1693
918,1169
226,1664
2351,1676
224,412
1343,300
1102,124
1589,1604
1376,2413
1520,1713
1003,604
1539,1336
6,1598
1893,1025
1783,993
1680,2474
680,2470
1214,1891
2133,1341
2173,702
2112,1683
1830,211
1561,1045
921,1208
719,950
1457,1562
1002,295
941,2371
2476,1694
1448,747
482,1733
455,853
266,1070
465,1099
1754,1519
1040,1733
1932,108
1459,1028
479,61
137,1413
2481,1844
697,1374
1865,1658
1488,653
183,1456
626,29
281,1018
2287,1220
1664,756
1552,1810
164,638
1657,2058
2309,1244
131,1410
2091,1156
2024,1659
2138,802
765,1242
1813,506
1394,1610
474,2361
120,224
1912,2256
1289,993
1075,962
1298,1487
1550,1851
22,693
456,2181
2320,1346
231,1785
1198,1259
1549,910
1404,328
424,646
525,2374
2115,1626
2109,102
594,1680
425,352
1095,1322
1006,968
1249,1498
2054,204
1811,565
1353,2185
365,344
1330,2189
1398,1126
1148,859
18,627
660,1432
278,712
2184,1472
703,2443
2400,2310
1035,831
555,795
1376,1592
746,12
1923,334
1917,2213
887,2127
634,782
1649,1593
1456,182
683,2321
293,1413
2473,2078
1940,872
2048,433
1238,928
876,1932
1934,1755
1540,2128
860,1760
1301,1355
1777,724
950,1486
1397,863
224,2238
1037,1522
2418,37
14,2434
456,860
2217,2231
96,2064
342,46
715,1275
551,2344
898,472
625,2118
603,369
1095,1589
1966,1013
196,234
1083,1680
1617,1531
957,2130
1649,1328
931,1317
1135,2180
1886,1683
2324,2241
277,2225
1135,463
1133,1863
1266,351
929,744
2239,1386
1210,530
1738,998
2445,641
33,1769
1049,1245
429,968
708,2014
2008,454
1140,272
1997,1875
860,913
183,565
321,1008
2098,1703
786,1733
1340,894
2023,1861
808,839
1575,544
109,1133
778,2030
1925,1425
1826,1386
50,1692
1341,1769
779,557
234,215
156,1007
1257,2335
1928,1410
2002,1660
1218,797
1909,1285
195,2113
201,1438
1473,960
154,585
1065,2474
2481,1839
854,1455
1314,264
2130,521
2058,667
931,228
1172,2258
963,1095
1843,293
1930,2079
726,1811
993,1413
1198,682
2336,667
365,1789
1961,1484
2172,1934
34,196
2095,1971
82,1
859,1733
1633,1615
2167,1526
1165,1501
877,2099
2069,381
485,1058
1828,1792
617,415
1579,1777
431,1311
817,906
392,2059
260,1975
2306,1618
2257,1114
694,925
135,1277
910,406
2260,1977
857,543
175,2279
1620,1300
1829,2495
1360,661
111,2074
1471,1949
2174,2156
2005,1194
1498,414
1641,1057
2450,2438
2259,1123
123,2211
1754,1142
1543,756
2423,344
2330,817
497,346
1245,308
1950,1165
1251,491
1065,2082
2345,2149
481,1674
2420,2487
1901,2455
402,1260
2106,819
1004,2118
265,529
2226,945
1481,1864
1949,2052
616,2213
1458,2444
415,499
1274,201
248,1494
1897,1140
1642,1848
9,1846
717,192
1526,1028
1120,1262
1979,1422
2483,1872
2149,741
2408,284
342,1631
2026,1730
2282,1776
1492,291
1274,1053
780,949
595,1578
2376,892
2220,1545
1452,826
2333,1886
2044,579
1411,2219
216,428
1430,1352
2451,1662
1350,2434
1823,330
2333,1221
2011,1253
1210,1030
683,287
1117,1178
1645,791
1499,2283
1389,692
1523,540
1415,673
1773,1396
2458,1199
286,2044
2310,777
790,616
2048,1147
1744,2116
588,2048
826,1129
1741,746
2232,2190
2088,421
1686,1700
1156,1861
697,2337
2387,2310
1225,832
567,1885
2167,1542
412,604
1495,216
1190,1039
1635,1416
103,804
14,1632
1409,2347
1973,790
1783,1933
1791,427
2176,747
1053,2097
863,1902
765,336
358,1201
1892,1281
2408,489
277,1381
1154,1879
2051,1759
1236,240
1055,1712
1565,1635
1425,1676
210,573
618,2270
1673,1444
1495,748
1731,379
1143,826
1618,797
588,658
448,1093
2171,824
2404,2128
1216,2216
2277,1927
270,1972
2325,1856
91,1621
1355,385
755,995
146,2480
2342,644
840,1308
788,1998
1373,1688
583,1836
1842,2155
1480,1263
2256,2085
2399,2281
2277,2110
1539,1258
339,2074
2348,1326
471,920
791,867
1040,2160
1225,1010
540,276
871,59
760,512
926,900
198,2285
1903,1879
2038,1120
417,1767
1326,273
656,598
2409,424
548,344
1133,113
29,901
1210,22
2162,167
1136,481
1419,402
625,954
1013,1635
908,2470
749,2474
1067,2437
2466,1521
2317,2324
2422,2241
630,2040
450,416
1491,241
2258,2216
2322,1496
1638,1373
1392,602
1819,808
1838,2483
629,2027
1999,321
1952,714
2242,336
1175,235
1024,1912
1557,2457
556,189
1315,1378
1799,502
670,437
2345,1489
741,2318
281,1023
1397,1777
380,1034
686,187
2146,1485
1582,1383
599,247
950,1951
1542,245
2158,2212
1842,2171
602,2202
1872,865
493,78
1994,1226
1485,1775
1467,1892
51,1766
1362,237
1938,1707
326,1238
792,1023
2016,838
2329,2211
2207,630
1300,1285
2344,1722
187,653
2241,1878
669,854
461,258
1522,584
876,1236
1755,2429
1128,1337
969,247
271,53
530,901
1470,1818
70,1528
1002,2129
1884,1299
823,373
1385,1096
1481,2351
1721,476
1351,1363
2421,146
1548,697
1916,1386
606,925
515,392
2452,2442
212,261
1743,1744
1760,1965
1811,501
1280,146
725,1064
2351,2434
2422,886
1312,1394
1488,290
2465,458
308,374
1283,417
1416,96
2079,732
1476,289
2207,214
428,868
2179,451
179,1122
885,2271
239,2446
666,792
792,278
2060,1358
154,1647
878,487
925,2170
211,1155
1853,944
541,2361
1138,64
887,292
1486,408
28,2293
829,847
504,667
184,1153
224,1949
1784,2354
2119,575
902,687
1565,139
2019,148
290,1025
149,1552
1552,2427
205,2463
1150,2292
2346,2068
1700,1493
2444,2492
1317,228
166,889
2428,2281
1043,1899
1517,2126
1399,591
162,2108
479,1642
2113,1396
674,1362
625,1801
215,640
386,1926
1583,2432
2000,1922
164,677
1435,925
1741,684
1020,1701
1194,1801
1629,867
2184,1388
69,263
1852,238
1980,2201
859,264
1605,2127
2387,1945
1473,2196
1837,361
1410,369
2241,1153
1983,924
2347,615
2020,166
2404,2414
1660,269
1603,1453
2490,1397
682,2345
741,1783
528,1058
243,1561
1146,1099
2203,199
981,2307
2006,181
1632,349
2249,1699
1556,548
372,913
2500,2012
2497,1272
896,189
62,2124
63,789
1330,1873
2150,537
2171,788
697,319
1300,1523
236,80
2359,1113
165,2006
1958,1810
2429,1252
752,1770
629,1061
449,1606
1674,1644
105,2400
28,1352
807,1386
496,1196
279,150
2253,1306
968,1996
547,2428
1718,207
1159,1299
714,1889
1643,2088
2144,978
2136,1685
1331,1120
37,548
1764,1031
1642,543
2069,2278
1394,519
1014,337
1487,734
1716,43
301,1931
1515,468
1150,2201
1549,1774
1422,2250
957,651
1163,215
1867,1653
2134,2068
2199,2332
287,1389
626,2174
1744,1598
651,1602
2351,638
549,2157
2094,268
1574,736
417,1405
2402,956
2108,1809
434,511
852,452
1006,2486
1783,158
1113,280
564,2029
1927,2066
1183,839
55,1207
1325,1261
476,1349
53,1036
699,28
1185,2436
127,1839
988,1804
154,1410
2400,2303
1029,1165
2436,2430
1637,732
1122,603
1339,507
1083,823
1917,791
88,930
626,1578
2114,495
1600,1453
177,2460
829,1887
573,1452
1466,2433
905,1295
751,1770
967,1394
2184,587
1387,2246
808,291
849,680
604,1583
2059,2135
1886,1264
784,337
1243,343
777,218
624,82
55,794
50,1572
730,2403
619,1787
965,1623
1915,1911
915,2065
2254,2203
1400,912
818,1005
291,1304
2369,2247
13,2252
384,2132
182,1949
1896,2371
824,686
1081,48
1140,43
2288,1107
1932,1586
562,1084
308,864
1588,637
802,1971
314,118
1773,2346
1420,2016
2335,2160
857,609
1639,171
575,1888
211,508
205,1622
1199,955
403,1838
72,1632
1757,100
206,1199
1538,1965
2279,1938
1774,743
666,1789
1635,1434
2091,2011
1628,94
1843,784
751,2012
362,326
105,1053
1839,1499
981,2012
704,1916
1744,1907
714,886
338,2414
104,41
939,125
502,2126
415,190
212,863
243,1390
20,495
1436,1047
613,963
2069,34
970,586
2400,1629
851,1695
478,1972
1227,2053
2055,422
2454,202
1007,2298
326,1699
521,244
2048,1898
334,490
1541,1146
544,1688
1592,1941
1234,1491
890,2024
590,787
197,2
854,335
2445,1713
2065,2455
1206,2134
377,2169
273,735
164,822
87,980
1836,1747
67,2159
1102,1398
299,26
1001,252
1628,1673
2098,2275
1650,526
787,1804
2151,2174
1219,370
2086,295
236,889
2408,1626
1163,1928
2417,556
1465,1415
161,1641
1801,1548
199,2184
127,595
1528,1497
1590,269
2296,2356
517,185
2115,2477
2007,69
225,1681
1311,1474
893,294
1476,46
87,237
1768,2420
2471,10
1829,2029
1724,1439
776,645
634,1875
2098,122
2311,1138
1145,1729
229,1748
2125,151
2133,726
1879,358
414,737
1960,1650
499,274
1888,1927
859,941
867,1138
149,1995
2487,2117
111,1398
1653,2231
78,1912
682,541
1532,2461
2440,523
1782,421
1491,1637
1770,1953
1123,1878
339,1310
442,2023
558,2229
1290,831
753,1087
1364,1324
488,2034
2335,128
2278,1727
1639,1753
1578,121
1873,1634
1072,1885
1361,1195
609,1276
2364,2133
1332,2342
2109,891
1599,2258
2329,1337
1557,2499
754,714
1578,280
1187,1917
1386,1125
311,2018
1941,382
1767,1307
1313,1583
1423,2183
1973,1267
1701,1891
2491,45
1758,1612
912,843
204,221
2386,998
13,1147
206,230
403,1537
1580,1660
1664,2041
2063,665
2167,2052
1222,1392
1703,1235
304,361
2145,133
1639,749
382,1456
1552,771
450,910
1947,1533
853,144
779,705
2234,1402
44,1983
233,1867
1453,2424
2243,544
1258,1517
645,16
1262,707
405,446
2486,2197
764,1013
1028,2343
1358,1627
2032,1080
1773,1674
2407,1562
1511,1712
1117,1350
1399,2434
1558,1476
183,467
1665,82
852,240
18,1305
272,641
835,472
1377,1981
469,1075
773,422
505,2050
858,2100
117,2078
1521,863
676,2181
2294,336
44,1965
2195,2006
1830,157
1498,2291
1698,802
1554,2292
261,1425
680,2075
2264,1348
273,1584
1429,1847
1269,1348
828,1397
479,2006
1234,310
1364,527
1431,1446
533,1491
931,1428
1959,815
1571,1234
2424,1063
2382,1350
1974,664
2495,1051
2138,1441
142,1228
2078,1168
2254,1686
2429,145
569,1900
1722,1572
1421,400
943,2446
2227,2251
455,1569
143,1589
344,925
1208,1162
190,1484
2096,974
1901,1451
2181,958
1623,355
2179,1517
2442,802
2029,1794
1665,560
724,445
1953,720
184,435
1792,1737
212,811
682,213
2348,432
774,2281
770,154
1491,72
2480,1239
1504,1409
2466,1258
1309,2355
1633,2474
1455,292
2009,1125
839,2060
1176,1026
56,1765
1805,1978
1861,1702
433,2332
2088,1690
1303,1324
815,723
915,1781
1007,1359
1534,525
116,122
895,801
1894,358
1449,289
775,1735
1272,709
31,651
1475,1097
966,1650
1836,708
895,1672
1368,2011
2340,1268
1554,249
1650,1157
993,559
1837,1598
1873,1065
1520,707
1470,1494
1763,1314
654,2108
1669,875
241,505
2395,295
245,2111
2329,319
1970,324
622,1333
1505,560
1905,1557
2394,1996
2219,1224
2145,1419
2438,2436
489,2286
2057,937
1795,1725
2452,1030
242,1117
1524,2420
773,2457
2423,1457
1687,975
2455,2132
794,1896
173,1300
1960,1076
21,2174
347,2044
745,1809
891,34
438,271
1303,1705
559,2381
385,2102
1200,1921
2149,104
2372,795
1243,1943
1440,2027
704,560
2219,953
441,551
1773,1277
783,1794
2362,1160
1743,1872
1341,864
1234,2131
2091,628
1720,2006
1353,329
750,2074
765,2085
345,1840
1833,837
61,1938
1106,1747
1090,1259
254,518
1644,168
1790,1167
194,1658
1505,1616
857,2101
2217,1312
1340,1651
1392,2135
465,1834
1825,1423
75,2176
937,1767
594,949
2426,2048
1026,1996
2334,1868
689,385
1091,814
65,1943
1132,647
1910,345
1610,840
355,641
1321,496
2310,580
557,1027
1094,1700
1472,1602
2300,154
2124,1503
1426,1220
292,1911
950,1095
14,1951
852,314
531,974
550,1096
2311,2458
776,1090
1696,1427
306,1504
1928,28
1001,138
1544,2106
2122,2453
651,50
992,192
2265,1589
2069,1709
795,1463
138,842
2033,21
2477,1646
2380,1178
597,1831
799,798
25,1029
2221,739
2178,980
642,1338
172,2191
1115,556
2043,1619
2189,2249
739,1832
2367,2453
292,913
2365,1513
1798,1752
871,2093
816,506
2190,1311
11,267
225,2061
2205,1332
1156,96
949,1524
2428,643
1367,134
1900,2232
724,1679
2079,1856
1864,1731
93,301
964,1154
1558,81
22,272
2365,2207
304,1416
1276,26
701,1632
1703,950
461,270
1674,733
449,154
1995,579
273,1056
1878,2049
2074,797
1332,1645
2349,87
273,933
1996,1201
404,382
35,2070
80,627
469,348
91,1272
687,752
747,1544
2295,219
82,1791
1348,2340
2240,857
2154,1184
450,2369
300,2433
2110,1178
944,2463
1521,425
598,182
959,862
339,616
1378,2191
1322,1107
855,58
415,2136
1407,1148
1944,1084
727,1312
1969,277
1349,299
671,542
2111,740
2434,1693
2416,1526
2235,1431
1480,2188
1619,2375
1969,1713
1022,144
167,2461
1938,1113
2039,773
1945,1761
852,2288
1861,791
2160,1054
673,878
2255,1836
129,138
1841,697
1702,1828
1547,815
2005,1705
322,1272
1943,207
1546,704
1716,1482
2345,337
1840,1351
2424,393
2453,2002
2254,783
2388,1786
1491,2401
1738,1318
2046,1049
415,93
1603,22
565,95
67,2493
1369,1146
1006,1489
377,712
1876,788
1279,1021
359,1382
2494,1595
184,879
586,407
264,988
152,914
1194,2442
200,957
2039,1329
2454,1838
400,2066
2400,843
601,246
1850,535
88,1483
1101,1088
1287,373
2038,338
888,1481
1041,1913
1632,4
1102,235
2488,539
2354,1171
1490,726
662,312
620,2374
526,1810
1866,1802
1107,1843
1828,943
2108,292
901,965
1050,1658
936,2289
177,1402
673,1896
622,347
2012,449
26,2195
1589,1234
1383,669
2072,1250
885,1463
764,2441
709,2328
2372,1094
714,2443
877,356
1239,2417
876,2420
32,756
2426,12
1860,998
2228,927
620,1177
30,1992
401,994
1330,1511
1501,389
666,257
2348,1396
1301,2261
1121,1499
1241,2406
448,1417
1486,2432
129,694
927,1080
1694,455
2283,425
1058,1091
1412,2044
910,2250
618,2174
1298,1084
1703,2039
1260,2082
1716,2185
1808,1490
2427,95
170,2061
1889,2259
2339,142
2327,1945
1145,269
1460,2062
556,415
1330,18
1643,1330
1622,406
322,2323
1323,1208
1310,2145
2164,233
804,209
472,470
311,356
1597,1119
605,294
471,2404
949,999
795,47
2250,969
340,716
755,2080
621,1771
854,615
1270,1377
1637,500
437,199
1694,1595
987,1139
2149,432
1139,1260
879,246
1639,1209
2182,864
608,1638
1518,168
1291,359
230,1747
893,1927
2450,531
1011,38
1368,2228
2023,212
242,1213
369,477
1434,2100
1990,1613
2183,492
2350,2409
21,374
1727,847
310,105
767,1508
2309,2329
2397,697
296,1165
1699,2386
833,1078
2219,25
1276,453
448,2356
110,1678
397,363
253,2431
55,2458
1079,913
1942,727
1272,112
165,538
494,1691
2427,18
1540,1993
290,121
2133,82
781,733
1517,1208
1683,12
2070,2341
1984,1606
1619,1026
2377,1807
208,202
367,1893
37,1347
1500,244
597,590
379,537
1180,2066
1305,671
2108,1761
1227,554
2045,1773
318,526
1330,947
1028,1974
1083,999
1898,2439
911,2185
1521,605
570,2184
1917,12
461,1800
847,1957
1190,735
818,1291
847,1034
756,2222
173,547
180,1660
65,1734
865,680
1936,1663
596,366
847,631
1528,1436
121,1349
753,2263
1572,132
2217,1911
2479,1461
1173,2215
2343,560
2282,1472
1254,1851
1501,2261
404,508
1641,1531
1645,2409
2024,661
402,1178
527,1740
2329,1396
1905,339
2295,1993
1774,546
195,1945
2391,885
215,405
1588,940
1933,2401
1736,206
1960,1312
1961,1175
1941,1683
492,1286
1307,1013
2290,2188
1748,2430
2389,1421
2454,1220
97,1241
440,1225
506,2080
2044,758
558,2397
1748,2044
2121,226
496,1599
320,1281
2024,471
2286,851
788,825
1847,358
1600,2365
1575,746
1936,1164
194,80
541,708
90,2138
3,396
406,795
1306,687
1115,767
287,2150
930,32
2288,417
1624,2347
1151,2443
1749,669
630,2428
1843,40
960,1412
160,227
1253,1434
184,344
642,707
2450,1800
878,40
1791,1536
1730,2302
613,414
2302,1188
832,1393
669,1669
413,1164
373,1842
2163,749
1644,689
978,1029
528,780
402,2280
122,2443
2311,1944
1938,625
1618,86
2314,1695
1749,1429
1513,2493
2013,593
1926,1253
611,1482
2237,25
945,2323
493,1950
18,1682
321,1182
1264,1139
936,1962
1996,840
613,282
1631,1264
833,1222
1576,2094
879,517
182,785
1829,1312
1503,1941
1182,1045
1563,118
2241,230
1316,178
1067,1071
501,290
1025,984
2139,963
1513,109
224,667
353,1115
2436,1313
1262,1566
1180,1311
715,455
535,637
1385,1216
262,826
2187,37
1281,2391
2225,167
2453,1199
1441,1532
317,2284
1176,1203
121,704
1822,1209
2184,2326
1716,409
1648,9
630,237
936,2102
1110,2042
445,2137
2420,723
1288,2069
1010,1937
141,26
1280,819
614,1929
2261,891
1625,563
673,1066
345,1129
1279,86
1577,141
2376,1296
1656,1585
1969,1623
744,2295
1078,1740
1266,944
1798,1313
2168,1593
1208,2020
207,2047
1432,62
2382,2033
155,502
2060,1103
1113,2358
1306,1983
1350,1661
2468,669
1656,76
1199,1144
1292,438
1185,2041
435,2021
635,894
376,2478
838,2200
862,1504
2169,18
433,84
1218,724
501,1930
2125,405
1879,2367
859,725
294,2212
1991,886
135,545
2140,2284
2496,2417
151,61
1293,928
1277,554
1979,485
525,411
1124,2422
655,2391
86,1990
1887,1574
575,2458
316,1087
2493,2265
523,429
1789,712
2190,2071
1310,1221
154,1340
2233,801
549,127
475,36
1568,1581
116,2483
1888,1446
951,1193
2367,400
2418,675
1984,2062
2490,54
140,2022
96,1900
187,519
488,1475
181,470
970,202
103,1242
1663,2066
2386,1788
1637,2377
719,718
1826,626
612,244
1571,1992
1883,1304
738,1004
930,1239
2297,1683
185,938
161,571
703,467
1802,17
442,1503
238,2224
1615,1721
215,2363
2399,1742
817,1608
2338,153
1814,870
391,1730
1234,2466
893,2454
749,2176
1983,161
1287,1885
1903,2260
234,1756
221,1046
1002,1387
1581,1305
1020,1259
688,1767
1233,1517
1458,961
969,828
968,884
1006,1804
839,927
2181,1114
1966,1097
176,1567
2144,534
623,737
1637,1219
342,1602
1592,497
513,501
686,1592
64,1372
142,208
530,962
1882,1203
2039,1512
29,1945
335,431
59,1448
1035,1304
1721,707
2206,2221
906,1579
2435,663
2126,421
1235,96
1822,288
1143,1385
844,2233
835,1037
371,2061
2190,945
632,442
2487,1319
2167,598
1630,2332
2265,2233
2111,646
1720,2467
720,132
786,1120
1922,2110
1606,2106
1911,333
2047,1132
1727,791
252,87
1073,2301
299,1972
1686,1553
2436,96
511,378
2222,1940
2200,1371
1226,1200
886,2349
2110,1641
1225,1256
1370,2436
2209,1227
995,2184
649,2177
2319,322
228,575
1096,2370
1463,1768
546,396
961,804
920,419
2283,2327
2214,1935
1234,949
2447,440
2247,1100
1263,2074
2262,573
1312,1294
2045,310
1119,1826
980,695
946,898
951,29
949,1681
1610,1015
2317,2003
1607,772
797,994
1605,479
2406,1734
1473,2385
307,1693
866,1335
1077,1390
1278,1703
1590,2466
2079,1247
1440,1308
2440,1629
2229,1011
1913,48
1386,208
453,932
2026,2046
1259,975
1517,2390
1175,1768
1896,130
1286,1574
161,1177
886,824
748,1809
973,1742
680,1150
1846,137
688,1593
2369,2397
1081,1472
1558,2033
2127,1003
741,2034
882,2068
1759,1577
987,823
2165,2097
393,809
1581,2338
396,1635
1240,452
863,2437
2402,266
2155,1052
420,396
1414,887
1573,855
803,2228
1832,958
34,374
613,1944
1104,1880
44,1300
2226,2389
1075,807
1416,812
623,465
1734,547
296,2000
1245,408
17,1574
1595,1540
1057,789
471,428
1854,2295
2331,872
463,1117
1424,1026
1624,2026
595,1164
598,2210
1128,2073
2100,493
339,2254
467,567
250,1765
1275,1831
1079,1152
1959,1797
2062,203
311,374
1476,1346
1292,905
1992,1412
1008,1368
1308,93
1392,2187
878,997
1312,607
1394,2281
1742,1197
1860,1270
2425,1676
1830,14
2365,710
1869,2113
1677,2153
567,2271
450,1042
2357,441
1749,2354
1960,2192
1565,2365
445,1124
869,1224
854,2184
156,1530
982,1232
1823,2089
1274,104
465,2153
2137,2477
288,688
2378,151
2218,297
2154,2083
2400,200
440,1211
2167,2203
790,1599
1607,1943
2299,280
1866,1522
1602,1691
302,1757
1630,1198
203,1569
1868,1622
744,2384
1697,1145
654,204
718,679
2160,1974
768,420
934,1567
653,114
802,848
1614,1303
2273,1939
91,97
809,1445
856,1361
1832,374
1938,2449
1157,1059
544,923
1755,2065
1404,971
2349,759
513,1691
699,1843
1375,2226
2284,1538
43,513
2370,132
2271,231
183,250
782,1311
2360,766
763,2355
2191,886
1817,2317
358,2451
445,532
439,1829
1652,1115
1187,482
222,2483
117,526
1121,2361
702,2348
323,1667
2204,1817
1326,379
1205,2182
1432,762
170,1816
77,1851
933,1874
260,802
410,1575
2217,1235
686,1560
2106,2345
1087,2485
626,1567
1318,861
556,1288
924,1051
1989,589
536,1586
1487,235
1913,1544
2368,1629
624,2158
836,1855
2082,984
1857,1988
115,63
2278,2038
1473,2363
356,1816
753,972
1308,605
1725,694
1349,418
50,969
2106,235
2201,969
979,736
900,2038
1896,2191
1024,1456
2168,905
1822,1072
652,2402
1082,17
1936,290
542,2156
420,762
85,1064
1588,1784
645,467
1636,1001
1918,1918
952,482
1957,1055
602,854
1591,1484
1480,567
1494,619
1299,1052
2025,1115
382,228
792,193
1604,722
739,1941
306,1922
1443,1792
35,599
1974,698
1429,1318
1449,2017
2109,241
1787,2030
2311,1663
1251,205
576,944
1027,688
1863,2461
2441,428
864,2339
1929,1358
1996,2239
207,1165
52,2412
1827,914
1123,1832
499,2168
2465,1085
1128,37
1073,728
1706,1968
1569,227
70,17
1349,513
1434,1722
1465,508
1027,2172
1710,1406
462,2300
238,1456
1169,2281
319,186
727,2180
2470,1949
569,842
2225,1456
2252,788
2393,2113
1659,947
1232,1548
849,1909
151,281
1001,1287
121,1588
2033,2497
1745,2107
905,1792
243,452
603,66
2306,63
2411,717
1828,163
610,1776
376,1342
1972,54
720,45
1377,180
121,1948
1970,2168
681,2172
1606,950
2162,2141
1493,2296
1080,281
2302,2091
1003,2123
1725,2088
2086,1865
1192,2357
964,319
2050,1110
2271,2134
676,1963
524,812
1924,2041
1697,1126
2219,756
357,2351
1852,1771
1772,1516
481,1394
23,814
713,1652
2445,2432
359,1140
443,1997
570,2457
2316,1768
322,836
699,1067
2356,720
522,551
636,1312
205,730
58,1377
1438,603
2320,2335
789,389
1008,334
1104,84
1026,1819
954,1652
461,1088
1179,1998
853,1782
2160,2408
2357,2060
2484,906
909,1810
2117,1589
77,1888
844,2494
2013,150
816,294
1405,628
2213,969
1756,2237
115,2169
177,1558
2209,926
1767,414
1254,106
479,16
2229,1268
2322,1546
533,448
1076,152
674,2187
1056,342
1714,633
1898,1003
615,255
1536,57
1740,1905
2022,1523
1983,705
1768,1547
111,1158
2054,2125
2352,215
1259,1221
1565,2404
1582,113
112,2348
2015,2074
2056,1698
301,1899
345,2016
2119,1827
1929,207
353,420
1529,2168
207,702
145,179
1608,2419
1839,556
712,822
678,1697
1475,893
147,539
1798,1013
1694,2251
9,926
1584,1990
2122,1304
713,1882
120,1868
897,1717
1232,795
905,868
1800,2282
1084,1368
1475,1461
2295,1292
1844,1127
2441,865
463,1747
2018,2339
1048,715
606,1169
627,1471
341,465
1950,2079
1739,2372
2056,721
1533,869
2171,2127
1022,414
136,1465
1330,1591
543,1211
1140,460
1647,496
794,1577
149,113
774,670
429,319
1569,1879
105,996
2120,558
1404,176
982,1157
1679,483
776,938
2293,2182
1205,1735
349,531
1049,1931
1184,1127
1808,253
68,620
909,1438
1272,44
1654,1429
477,408
460,1677
1480,197
1328,359
1596,2329
1989,1789
140,781
2388,2337
2179,130
1339,149
1224,1029
2389,78
224,1317
5,2040
1071,2334
621,551
722,5
2436,989
1297,779
2159,1072
806,2459
2188,1472
210,994
1152,310
568,2088
147,1564
2479,627
228,2456
906,381
2453,2251
2393,1560
78,1970
256,660
608,2406
1463,1676
961,774
1501,414
953,1855
1905,612
1514,300
1134,2238
244,1528
1699,599
1234,1067
1277,315
1999,1989
2051,1997
1208,2150
843,2171
2430,1240
1566,1452
1456,1699
632,936
1463,1655
2116,565
2443,201
677,1227
2184,505
1979,2335
1677,347
2000,1321
1015,1649
1492,403
223,428
2035,1858
169,183
248,1372
440,221
2050,1174
2336,920
1264,924
79,922
83,1235
1781,1390
123,2282
1169,1397
1689,1164
794,789
1597,3
1238,1029
207,1002
538,2339
587,976
1602,2304
1452,2117
1407,975
1713,857
1288,1535
1902,917
1317,750
151,1275
208,1471
1497,2465
2370,547
1235,1718
2344,2060
1704,215
1121,2355
1327,912
2282,75
771,280
862,2305
922,1419
1446,2228
1135,1860
2015,312
766,939
592,1996
1167,1043
2446,646
25,1987
1112,113
32,2352
1991,2405
217,436
1461,289
1742,2448
580,2112
687,1285
2115,2240
2473,966
1578,2364
393,458
811,1104
702,1725
892,1096
886,1891
628,1618
2084,2031
1944,2113
1647,2497
2056,857
433,645
2094,2383
596,866
984,1971
1102,1917
575,2117
1144,1692
377,1091
2176,742
124,411
742,1943
495,1995
76,2022
65,2149
119,116
1995,996
1595,1330
2396,978
1513,1143
496,1544
1283,881
1721,1091
296,1261
672,773
282,897
640,2214
1168,822
1601,2358
2232,214
2374,14
805,2260
2185,2333
619,914
1708,2465
599,2039
316,209
1852,246
1144,724
2243,2430
2445,415
1151,1443
945,1581
2192,1148
2015,840
405,2383
2233,1671
574,527
1790,1401
454,2464
2234,2420
1994,400
2192,1587
1663,1773
133,1493
1806,2394
59,775
989,378
2468,348
2172,2321
408,811
1367,2277
1806,733
244,2066
2352,2128
32,987
2275,298
390,1991
2082,1551
330,610
1422,1556
1023,1816
1932,364
2191,844
1876,474
458,1655
744,968
296,1072
554,1235
785,1896
568,2154
762,1814
2237,1445
228,1300
1893,1700
1043,65
1886,1501
450,2066
2127,981
1517,1983
1989,2495
210,932
27,1240
408,676
2194,1340
1521,1208
1260,2169
2188,2007
1858,1005
821,1081
2003,1543
845,2385
369,440
2475,661
2105,559
715,2241
1558,771
1362,1374
1351,749
446,298
131,930
428,2020
1201,880
1920,528
908,2487
841,1462
966,1280
703,1031
916,2479
720,1102
2049,1991
1972,705
334,1566
1130,1344
1130,2465
894,966
2198,2203
1822,338
425,2088
878,690
2099,1653
421,2449
697,1565
1708,2079
1688,2074
946,1637
551,1444
1398,2190
1453,1000
1042,379
1150,146
2125,2038
1661,2241
1050,1044
1100,1825
237,742
231,1906
965,2180
1376,301
2115,2266
564,1006
2426,1903
796,610
2206,724
428,1939
2145,1655
1487,870
1806,966
1582,618
1321,1855
386,1591
631,1866
2050,75
1675,1190
1662,1766
1670,1827
1677,1939
9,421
1541,1760
732,1554
2493,2220
747,149
53,122
2034,2200
981,898
1231,533
2340,38
316,444
2350,250
814,157
2244,2134
1394,1160
693,245
2470,2208
1971,575
673,1430
1066,201
1965,1324
1246,353
1328,247
825,1655
606,1141
2,746
1043,371
1865,344
1492,18
266,1340
635,727
1113,2459
2284,1852
379,1003
1048,510
153,1707
1916,1375
294,1436
829,2040
1305,1825
2240,616
477,767
323,1084
2180,1413
1356,127
2411,1309
1936,152
956,370
1396,748
414,717
1754,1593
1568,1467
1435,371
1200,1010
1076,981
771,2151
1381,2031
401,1733
1207,88
1368,960
1699,276
217,1960
2419,695
1107,1623
153,1890
216,2290
345,135
213,2125
1258,834
748,1648
554,341
2224,757
2036,1487
1749,2478
357,2252
1673,2203
830,688
1467,1455
1768,2007
2121,2251
218,2147
1118,875
462,1628
2358,1132
345,1811
691,566
1454,765
1990,1608
199,2090
314,817
1986,615
1936,1880
239,68
2262,2477
2240,2195
1410,2041
2222,2164
863,2462
2187,2412
847,2344
324,1536
1588,1920
585,1347
622,2001
622,1978
2074,81
472,2004
967,2244
1973,2092
636,882
1491,2001
433,467
464,1644
287,1656
2393,1779
854,211
706,1921
945,1900
837,2362
1688,549
1829,1898
2029,1112
1826,2003
1268,513
1491,55
1471,2220
1703,435
1238,930
1955,1878
2020,1750
1445,2367
667,2500
825,821
368,1404
1473,380
306,1899
1811,1222
1619,1149
2462,1950
460,1576
2267,670
2170,1597
406,1635
1256,127
2305,2388
2096,2481
415,1691
863,1984
1248,2142
1223,1325
157,889
600,798
407,281
2122,490
304,2420
1544,932
1397,514
1335,2013
1102,2300
408,1613
433,1189
2269,2184
2097,2347
988,2087
1096,2061
1009,154
1066,2147
2404,1610
2376,979
49,2331
2367,1667
207,1711
1960,1540
818,889
1309,2334
1719,866
10,8
2060,1421
2330,898
2278,2123
1568,1494
2330,2247
2488,2077
1189,2461
1432,2048
516,313
818,54
1284,679
2403,1532
1858,504
2110,87
969,471
1320,2109
1951,1145
890,824
228,373
2008,1351
1242,870
1122,1102
262,941
154,1701
2139,2311
1708,94
2258,1103
1445,701
2007,708
572,1074
1659,819
1363,2091
2469,1077
2162,2436
2154,202
2196,2471
110,24
875,1655
1956,1373
1088,52
511,2470
438,1907
2181,2361
1922,1074
2144,1873
146,1920
690,450
1531,1080
2020,1405
2145,147
1751,1836
16,2013
711,1392
668,66
942,1595
2063,1208
1207,1878
1778,1803
718,2303
2398,785
103,694
2191,925
1402,674
876,452
860,739
1789,51
2313,396
1446,681
2325,1545
817,2224
1299,1090
2370,1391
364,1512
1625,1046
1775,1700
2222,2463
2166,151
382,1097
657,1477
2246,1860
1271,2286
1184,480
1127,2136
2247,2198
1467,1962
1111,245
2402,1437
798,947
1981,2347
77,857
59,2324
192,766
1107,2362
1625,796
918,118
1770,1066
2377,707
1012,1627
2238,1001
112,642
225,860
652,790
1955,876
1493,347
1414,593
2461,1712
1203,1867
117,1266
611,1085
1633,1772
481,2301
1395,1044
1034,580
2352,1721
1679,328
1979,1535
1677,880
2470,857
313,2114
1373,2142
275,1931
1183,1812
446,2489
735,1482
2025,2154
1947,2053
1592,438
1688,1775
1919,1993
1085,1078
1014,2183
13,1565
612,289
240,1614
660,117
1139,163
1818,1951
20,1062
1201,2413
308,490
2439,2288
642,1324
760,1194
2098,1565
422,2185
2348,990
1864,1294
1516,159
1614,134
2274,1597
1227,1765
2247,435
1127,1744
1241,1404
1020,2474
1802,73
1449,2163
671,995
31,592
615,1487
615,2093
111,495
1652,979
156,2039
1352,2141
219,1318
1390,1163
1840,495
1958,649
480,879
1332,1038
916,2233
360,2271
1597,1403
2424,1019
2354,2425
326,621
2049,2119
782,2029
641,1065
673,223
334,1312
43,891
1006,2453
1325,2224
676,1590
298,680
765,1595
876,1567
945,2145
1317,1540
393,2465
2463,720
940,1767
1987,2361
526,1301
5,1159
1980,1286
1475,107
1232,1807
1461,128
2397,1206
1830,531
1157,1498
2242,2205
614,250
1627,1421
2230,511
742,1476
240,1770
2231,1417
548,215
1353,337
1046,2307
937,2042
357,1575
227,843
1658,2224
2000,190
945,1524
985,2060
564,277
2239,2310
872,1922
561,2177
2137,2370
