IdM,IdMo
1624,380
3483,3230
1129,3796
2402,3800
1094,117
381,1792
3598,789
1537,597
792,644
3971,2824
4879,1500
930,3365
4946,4063
1407,4616
4919,4134
4613,337
484,2707
2118,1851
928,4097
2745,1883
1869,3817
2244,3350
1707,4567
4967,58
2754,1587
4175,971
3600,887
3156,384
803,1409
3592,1104
4136,2569
2128,1129
4667,3888
3087,4508
1954,1783
1568,2542
3932,2788
4742,2192
4061,3859
3128,3880
3099,4419
2829,4366
587,4664
2037,1522
7,557
634,2627
731,1755
2518,3985
3785,2595
895,4542
162,3981
4942,4064
4710,563
4733,4967
1498,256
2638,2236
3821,2484
4228,4825
3450,349
827,3542
2656,109
583,1618
4838,186
1589,3540
2781,3051
4287,4554
2705,1632
1883,53
3871,4315
4307,3037
2097,2700
1476,2742
2031,4202
4423,264
195,2529
4701,1024
34,2082
758,744
523,1850
872,1877
4420,3136
2496,1378
3576,3317
1476,2635
3548,1241
2176,3290
917,3815
4787,4950
1126,593
1698,2713
2140,3376
2902,3433
2669,249
1327,3003
1355,3609
418,1117
362,4906
298,2249
4566,4355
1203,2287
3789,4324
3030,1941
2935,1275
624,202
3994,905
1392,2092
2094,3848
643,2588
3737,1851
1972,4503
370,2966
998,4966
936,3361
624,3131
2944,836
3229,936
2466,4019
2559,754
3484,3531
2189,3881
1342,2233
2637,3344
4043,4412
3153,1742
4414,4007
3194,1679
2835,719
642,2306
3483,3602
4139,2544
1353,1030
3550,4541
3207,488
2574,4183
1173,162
4969,4711
1524,1135
1630,3700
2990,2475
3774,4253
3125,4444
451,2372
4117,3622
4736,1197
172,926
2426,2765
1913,50
264,1671
3778,300
3170,3963
2500,649
475,3293
4037,1733
3516,2282
1445,126
2560,2076
4408,4448
1536,340
4723,2693
2101,4976
1616,2507
4153,1639
3719,1008
2946,3208
4261,1722
3104,1934
1471,4685
4560,462
3278,2376
4517,756
4907,2350
31,331
4782,2632
3099,1147
1721,3719
3974,735
329,2605
423,2330
3152,2779
3756,3922
4081,756
2637,2280
4647,4517
4430,3727
780,2447
3566,4844
4881,121
806,4109
567,1634
789,1536
2608,2904
501,1888
4097,1131
4995,3014
2447,645
4790,1065
531,3109
2476,880
1235,1702
4811,3408
4333,4883
1585,120
3059,4965
3600,2061
279,3731
3198,986
2682,4516
301,2787
3280,3766
2809,321
4799,824
3726,1901
2468,86
187,4752
2028,1276
4243,2145
2276,3841
678,617
1994,6
4347,2881
3534,1077
2320,809
247,3561
2649,493
4583,2571
4631,1152
4099,4897
3237,843
698,987
1698,3818
260,1544
268,2334
1161,340
1167,1667
3443,2979
4956,4248
3666,3128
966,4948
3535,218
501,1285
3718,2653
3508,469
1063,885
1077,4877
169,420
3297,2746
2772,2880
4831,695
580,2357
3660,4735
2357,3999
3023,4962
4495,4272
2058,1423
3390,710
4698,1909
2420,2260
768,3420
4240,1173
712,1096
4039,3162
2344,3611
232,1038
2299,2971
3325,2105
2203,1583
4907,708
1461,3357
3113,3306
287,4191
365,2083
4277,1549
2805,1417
2203,2422
4743,1065
4229,3672
3850,866
1502,4631
2916,659
1222,2228
4656,4406
132,455
2307,1044
803,866
3046,924
26,2466
4228,2176
3762,2754
775,883
3130,2983
1422,912
3772,2389
2006,1519
1809,2513
106,2827
2578,1921
226,316
2803,3286
4370,3974
2401,558
3510,2326
1564,3386
1476,2600
1243,2114
4811,436
2657,2381
3985,2081
1756,3441
4507,2691
3084,3019
2022,2726
874,1178
1051,4096
4076,2137
3756,820
3112,828
2708,1148
3024,884
1664,560
3635,2301
3997,1374
3756,2774
377,1147
4690,4858
4855,193
2075,1393
4763,3466
2037,2608
126,4774
970,2872
4253,228
3009,2556
2507,3416
4030,4609
3938,1082
2363,4012
758,4455
1971,1774
1674,496
4995,1772
3079,627
420,3598
2194,3438
587,2914
3330,1630
134,4301
2988,194
4337,2051
48,4281
1205,146
2877,3386
1534,2541
3940,3309
530,3465
3841,915
4875,4199
2487,652
2351,3533
1562,4764
1507,4291
641,605
3356,1503
2269,1970
3307,2758
3671,4442
2885,1571
4444,1393
3130,3889
2949,2279
3590,1184
2701,4378
2081,143
4682,468
1160,3818
4792,103
1093,358
3819,4529
2669,10
2576,365
4338,3156
3176,3251
4366,3244
686,1274
2820,2844
904,3302
3035,3270
693,1733
3445,3949
775,2743
3508,4783
1290,2936
3711,2828
3618,4703
531,4148
1491,1619
1428,3820
1398,4059
3604,1318
2104,4464
2421,3252
4685,3472
4560,527
824,4733
2421,2277
4485,1888
1790,2594
45,4661
232,3680
1306,3945
1097,3685
3517,2323
860,2151
671,4938
3764,4993
4070,67
3307,155
1004,3117
722,1741
3092,4935
3648,567
3080,3422
2964,4537
569,2421
40,1448
557,4389
3759,3723
1087,1937
298,64
3739,4605
2538,810
3878,824
1033,3573
297,3712
3056,2827
3908,4403
3211,1212
2684,3863
1383,1793
1846,383
187,3219
2323,4220
3412,93
1067,2940
1467,1406
3182,1165
4215,2812
1972,2479
10,4267
3446,2296
2574,2394
998,4964
481,2315
3887,2613
1697,4918
3388,883
2166,205
1904,1865
4683,1298
1377,774
2143,1219
1237,3167
4361,2651
486,3327
1939,3658
183,382
1686,1108
715,1018
1282,568
3629,1801
2259,4801
992,1821
2956,1999
2216,709
951,236
972,78
4828,58
2145,4540
4452,1572
2641,3282
349,3659
3208,420
1870,1139
244,1941
2132,2684
4221,3574
4289,4952
1644,4090
1729,2775
1556,3304
3167,4225
2471,4227
973,2707
1247,962
561,58
369,236
4425,331
550,2600
923,4105
2008,2824
2854,971
570,2317
4232,4264
4469,1226
4486,1476
1731,3699
1080,183
2295,3864
2758,984
2972,3158
3821,3634
4929,2215
2523,1882
695,931
35,4956
2964,2838
1225,2160
102,381
4110,80
744,4120
3897,2166
2313,1361
793,4605
795,3438
2814,3420
2246,368
3755,2189
2239,3128
219,464
3025,2723
1961,3020
857,3677
1684,3777
4579,4946
2827,4915
2513,4485
90,2370
857,3779
289,915
1597,4615
1393,1310
27,1435
4074,4750
3601,833
1164,1646
3776,409
4741,1687
4170,767
3256,2378
1153,859
1256,4038
1709,3771
1121,3256
2522,1661
1992,2959
3231,2184
1519,865
464,2826
1445,3016
4841,1447
96,3932
1885,23
4196,4700
1438,294
3322,901
3916,4295
3538,289
4419,1799
1003,862
1364,4793
1718,3352
755,1747
2701,670
1043,1357
4623,4771
3346,3753
2657,1795
301,1856
4380,575
2831,4907
891,663
283,2302
2200,4836
3284,1746
1062,290
1578,4942
3003,668
3511,4498
2921,4444
2485,2764
678,1280
1184,4401
4229,1009
2250,2112
38,4141
3157,4485
2812,4112
594,4728
3738,3053
2398,39
2829,3221
2026,1108
597,1881
1193,2055
2266,457
2291,1281
1243,2970
3473,3842
3011,4902
4378,840
2329,4170
2202,2267
3652,4439
3222,2796
1309,4249
1419,806
4008,4535
4412,4093
3948,2030
572,3607
2672,811
3933,3206
4877,708
1428,4933
1717,104
2519,3511
1113,389
2146,2733
3853,3599
2954,3075
839,1042
1707,3322
2785,4347
273,39
1360,4808
1803,4008
2859,4619
2154,2989
4437,2196
4261,1389
4353,3646
1934,1855
1173,4063
3774,2977
452,763
3152,2417
3872,1408
375,1032
1177,3391
1240,4191
4915,1619
171,4154
4164,3500
3450,2505
1049,905
1284,2502
1288,1696
3462,227
2013,198
2280,2204
37,3746
252,1939
1730,2556
3052,1446
2141,3789
2029,3343
1697,3980
4467,4753
698,330
2063,592
2978,231
4145,2913
4111,602
3330,4941
1498,3975
2373,4787
2664,3196
798,614
2995,4817
1664,3729
3651,3047
1497,1853
3003,2317
4076,4600
1888,3395
1152,1558
4180,4921
3217,4498
3283,386
2248,3391
4800,1254
4926,4694
4999,2104
2535,1694
4314,1912
4370,530
214,2751
4658,3621
3138,2202
2187,4403
2169,3494
2854,1759
4644,4183
2688,1756
4215,2096
746,822
846,2006
2251,1932
1372,4088
1205,3051
2180,4064
2631,3174
3725,392
4885,410
1088,576
4621,3731
4798,3108
4672,1022
1308,4783
546,958
119,3226
4915,2104
2095,1013
2661,2136
3434,2666
4854,4601
2967,3925
2734,1104
4741,826
3312,1450
4249,2117
1134,3664
4411,1571
4785,4196
2360,2673
132,1843
4416,1006
3903,359
4174,81
1219,636
1753,1340
84,156
1329,55
1931,4510
1627,395
944,892
2207,677
1378,743
1765,4568
3260,2722
2189,853
3276,2363
4148,4037
3410,4089
1744,2225
1582,3135
2478,4658
3940,1118
840,3563
3472,3559
237,1448
406,4373
91,4849
615,998
2047,3955
4297,2163
4946,399
3169,1270
4084,2424
1415,774
697,1511
1079,1088
1985,3749
1290,2672
514,1220
2294,817
1780,1991
1735,4795
4769,3310
4119,238
374,1580
4573,3582
2759,155
4429,1491
1977,4077
1361,3109
1802,1301
766,4739
2312,2083
3338,616
1395,1578
3489,4375
1811,1549
4322,4434
517,1540
522,175
4666,614
446,3390
4926,3730
4359,4310
4607,2343
3280,2064
421,4374
842,2971
1122,2986
2397,1310
3841,3189
3707,828
1405,3787
3857,479
3186,2326
2055,559
855,625
3632,600
2132,2050
3724,2328
3983,3922
3520,13
3474,1996
1686,1285
3291,12
2879,3319
4890,4762
110,4260
3209,3725
867,1720
3194,2167
1061,2088
66,3383
4410,2322
2759,1476
3053,1077
4041,3293
3283,138
1401,2862
3486,2157
1311,1250
1547,3648
286,2892
416,2270
4793,4935
436,3543
2283,3437
4574,2639
4410,1784
3072,991
4643,1511
1450,3412
3193,3931
4726,4528
2044,1166
4864,2297
2297,4442
1347,4223
492,2932
2688,3556
39,4933
2173,1246
4740,1390
1378,2137
4274,178
3848,611
1807,5
553,2042
3627,3784
2120,3777
3814,2736
953,3209
3562,931
2850,148
4724,2580
27,670
3362,2082
3225,4340
1432,4562
1125,4241
1933,3107
2389,2978
3384,1732
4856,3697
594,4359
1120,4343
4435,4577
3685,297
2073,3444
2352,3445
409,4201
4876,3445
4444,1447
3881,2282
3875,3317
358,2738
4857,1783
1583,1298
534,1362
1096,2046
785,2651
1508,2826
1660,473
16,935
1093,1154
1014,3731
2085,4642
4989,1363
832,1850
4166,2045
2996,3348
1398,2617
1278,4197
3508,2352
2360,4377
1219,1236
666,4647
3320,2717
2040,4371
834,4558
3424,3319
3235,2304
4640,2315
2704,3264
373,2054
910,4113
505,1982
4572,2408
3679,3993
4339,2081
3916,2812
3946,2882
4653,3140
1261,2251
620,4363
4488,267
3112,2952
4122,521
1972,3955
351,2050
91,3826
4183,2831
3235,1006
3416,4255
4647,618
3324,3396
2734,1453
2871,3418
767,1542
4264,1772
2597,463
3574,2919
4999,3463
4978,518
1452,2003
453,1841
1968,1651
4619,872
3734,493
4776,1296
4082,4351
3857,4592
1287,4386
1748,3079
2299,3545
1738,2907
980,643
4083,2853
4413,1145
4428,4110
3361,476
3718,1844
841,999
4788,968
2818,2763
2767,4238
1810,2586
1130,4102
1355,295
4561,3555
276,1179
2499,1249
2984,2527
590,2275
3267,4247
1391,2285
3065,604
103,2850
4264,3772
1974,690
4121,2193
3412,902
1109,773
3413,3616
2028,1907
1172,1559
2771,575
3348,3174
2150,175
125,1296
3495,1343
3744,3562
3760,2592
3208,4522
3787,1827
283,659
3475,2336
4355,633
892,3699
3887,4468
611,1586
2014,3283
4067,440
4203,1565
243,3736
1374,2641
321,752
3685,1755
2141,4894
2512,3309
3273,2004
2966,3882
483,2003
2439,4687
2662,856
2220,3654
3188,4482
312,4629
3785,2174
2033,3880
4822,4088
1509,4267
704,100
3945,1880
3812,1099
3931,4472
722,3391
721,2234
332,3505
3867,3026
2951,4511
3049,4800
3980,4219
1363,2051
2093,4640
429,353
2223,4583
3912,171
3788,4635
3527,3589
617,4833
3788,4956
1234,2877
2413,2968
1363,1039
3567,4857
4747,1630
4859,4780
1068,1758
3788,3303
3333,1584
421,2800
4599,777
2867,1634
4260,3606
306,4726
3093,4036
4011,4240
1202,1338
439,2352
4005,2605
4810,663
2301,2489
2697,3596
3346,884
3712,4705
2367,346
243,1281
1191,3481
3357,3114
655,4802
1346,4040
3389,410
228,1931
584,2556
4246,2822
2709,2563
4072,3611
1337,4725
3673,4475
3668,3974
3250,654
4111,107
2846,1520
4671,1837
1338,4134
4508,587
1520,1780
2381,635
1052,3186
504,2212
2239,324
3033,2246
1428,390
1563,1584
4573,677
4140,2969
1902,3985
145,2864
4727,395
1918,4589
778,4134
1048,2295
3094,2656
4111,3845
1405,4301
3897,4678
185,1701
3728,1728
2853,251
1033,2825
4009,1856
4161,4329
2054,4494
4643,752
609,2237
4993,4024
4139,4986
2453,3806
460,188
2856,585
4168,93
4941,4045
3197,4477
1531,4290
3476,4437
224,3481
2140,2038
1697,2577
3136,2699
858,4849
875,1827
6,4192
2545,4300
773,89
3919,713
560,2183
3373,3904
3089,4375
1857,456
344,247
2077,656
2596,1300
2430,3535
4852,2291
1575,245
3307,4810
1077,1629
1848,3987
3592,3746
4455,169
1680,1794
3418,400
2452,513
1238,4237
4359,522
4840,3292
1992,1489
4947,1288
2740,1922
1934,4805
2235,4393
4087,1576
4636,2352
2516,2754
946,794
3287,2325
709,884
1547,4643
2928,552
3525,2799
1366,940
4377,3845
503,3468
858,452
3143,4501
38,1313
1186,3092
1636,986
1315,3631
129,2421
326,222
3489,1655
3850,2137
3188,162
3602,2811
1002,3220
4194,4932
2382,1994
278,4148
4878,3371
1857,2296
415,3367
4366,4493
621,1757
3994,1715
1172,822
3481,2917
1501,786
366,2961
714,3265
4844,936
2423,972
3853,2561
1335,4091
3022,4074
2529,2707
3800,929
4368,524
1796,3433
4148,267
3239,3351
3751,1660
3523,3749
722,4648
3408,3624
4012,2569
4578,3892
2072,2139
642,4334
2545,4752
690,1163
1993,1699
3747,1777
1984,535
4601,4621
413,863
410,281
1980,99
4250,428
3791,4220
2215,3580
4969,1622
917,1182
3332,2010
1377,4701
2548,4132
4301,1607
4867,51
4918,1803
60,4132
1387,4802
832,4862
1413,770
1510,3715
4115,4118
343,1739
4997,3077
4239,4831
2210,25
2236,1181
4466,3790
2281,3179
404,1849
2520,3299
2216,2996
1650,4046
1210,4568
3868,2986
4836,2408
4195,3409
1852,3324
4024,4113
4562,1528
4638,3961
3628,3438
2126,1646
1688,4943
2158,1936
3717,3167
150,3056
1155,765
207,88
3658,2810
1337,4311
2883,1191
684,4463
3851,2413
3677,4329
250,3927
3867,1614
4088,3013
2578,1205
4505,313
3618,1549
2132,1937
2038,3853
1953,3085
2240,1507
3836,1619
3440,3445
2992,3103
2064,1579
1064,3714
4099,2798
568,2305
1503,3778
1265,3424
3761,561
2552,1216
1137,3879
2507,4193
3658,4548
2257,137
703,1101
416,1241
1722,414
870,2521
2895,1601
3724,1577
2153,696
1153,1988
3421,4041
494,3165
2264,4423
597,1774
1513,2684
1866,2258
616,4160
404,1179
3005,3542
3096,4920
3246,2629
1538,4319
3618,2962
668,559
3869,353
2463,740
3732,1914
4650,4089
1450,2859
3438,339
946,41
4907,559
294,3557
660,4886
2311,2091
2823,140
4699,363
4619,3129
795,1142
2868,1799
3035,2912
3766,2424
3703,1902
3365,4159
2638,3671
1369,4085
397,359
2666,4546
393,3255
4802,1914
4355,2464
1313,2785
1814,3668
3806,4558
3091,153
4176,2547
140,4479
4856,2076
4812,80
3824,1719
2405,4201
1650,895
1095,3179
864,1283
338,3548
1076,2649
3472,987
2977,3022
3278,4985
225,4061
3273,4976
4256,3447
83,4771
1326,107
53,2797
1551,3187
3396,4239
3667,4762
688,2431
909,1295
4823,3686
907,4971
4728,1547
1022,3757
3274,4099
2447,85
2596,119
4186,1151
1355,1970
4143,4886
2736,3643
3832,3104
2136,4179
1325,3007
2240,446
2316,2323
1121,4378
4881,46
1147,2706
3961,4289
2051,2701
2183,1583
3563,4878
1910,4310
3352,3119
4770,1725
1860,2785
1935,4439
2403,1952
4946,2383
3068,926
1743,1673
196,4498
866,357
3707,2189
60,2525
1768,2054
4002,2943
3515,3234
1508,2626
4323,1289
1959,3990
2707,1335
4044,954
3447,2934
1567,2839
2697,972
2333,940
3045,4040
1446,3364
4652,1312
2142,2794
1729,213
4772,3944
618,321
3475,1591
1945,3350
1809,3026
3603,3071
730,3122
3089,517
3627,3137
4319,4354
2226,339
4205,1734
4040,3729
2904,4429
4710,3106
3230,4996
4018,1692
5000,3233
4765,3200
2434,380
820,196
451,4380
4954,288
2064,6
3223,1023
2356,2370
4447,2581
1261,2595
1356,4418
4508,2112
2267,3943
1012,934
2456,1484
39,1268
106,542
2076,175
927,646
917,4239
3205,3395
75,4416
3839,1435
4310,4693
3863,3161
158,938
2348,3595
4533,724
3921,3775
114,2461
487,2843
4487,1139
2333,2980
4458,2378
173,1194
1832,2584
1848,2230
3548,1967
4054,1084
2238,1892
4193,350
4432,4711
472,3
4497,1329
4792,1164
3831,3771
1188,4582
2630,1336
4821,2164
171,971
2679,1785
70,1484
2052,4394
559,3807
3542,4036
292,3153
988,1671
1565,1262
3728,2231
1606,402
586,1345
478,1662
76,4784
4636,3987
4278,1997
566,2509
3364,2586
185,199
4941,2687
396,2734
4640,4152
331,1935
3795,4346
4255,152
3162,4738
520,4813
1936,2456
1457,1729
4574,1110
113,3599
235,225
989,4139
2857,4538
1857,424
4836,294
4911,1414
2558,4897
1453,2596
3134,530
4196,3368
4391,145
1109,4575
4166,2134
2446,848
1418,2570
2338,305
2660,3113
68,1732
1110,4974
256,2376
2900,3903
4371,399
2728,1416
1795,4549
3436,4101
2328,5
3059,3808
3147,1422
4439,268
640,2003
4906,1648
904,3951
2193,490
870,4534
4028,4221
2642,4283
592,4987
3236,481
1623,2591
2949,3886
3713,2856
1151,150
4796,4375
971,1570
3076,1259
2519,4362
2711,2551
4474,3380
717,77
3393,48
1363,4698
3134,3814
1254,917
2088,3528
4276,11
3404,1510
217,1186
1952,4426
4946,4048
2843,4402
4850,2157
609,4962
874,1049
3877,4539
2620,3851
4280,874
1727,1573
2538,2785
1965,3871
1355,3803
2660,1963
4379,3815
2898,275
3545,3342
2775,2571
2948,2057
2458,451
3512,3484
3724,3453
3573,664
4717,409
4938,1786
3282,1008
1677,2012
3314,1570
1589,3842
4678,4311
552,4535
1438,862
3336,1776
3373,3625
1024,520
1239,4537
2069,370
3947,4524
2545,3943
1757,492
1748,4637
3306,3423
1180,2694
4304,1817
3995,489
3017,3426
710,3165
3412,2978
327,2005
1238,131
49,2985
4208,3247
2626,2073
672,3510
1647,2794
159,2722
2271,359
3561,277
2476,2561
3463,1775
1687,3944
3568,643
451,4625
2957,1566
1064,4034
1872,977
2327,1533
3121,229
3188,4469
248,2641
2489,2042
823,3440
4373,4701
1162,1951
546,3833
3577,4869
281,424
4131,3128
4839,3208
2460,3901
1449,3981
2050,4767
2973,4911
3142,314
2996,856
4364,4978
3028,2576
3309,3042
3401,3499
1580,3699
4752,1223
1844,2123
4547,2514
2408,4732
4028,4707
1423,3778
643,4192
2575,1013
4592,1930
790,278
1905,3100
2651,4838
2956,1583
1102,177
2504,269
3075,3242
2448,2709
414,652
4945,2848
1556,207
437,139
301,1391
151,2252
1268,3926
2933,4433
2586,1255
4852,3806
4853,2577
4191,1173
613,848
3643,4158
1750,208
1154,740
3157,2372
2218,2399
1151,1514
1190,4452
1453,3363
4734,4008
4550,4117
1055,1275
2602,1143
4680,2804
612,2208
2968,4563
2530,4368
2965,2702
1043,43
1993,4698
2903,385
2799,3862
4239,554
3348,1913
2146,1139
4591,1970
1995,1745
3263,1697
1254,4451
4725,3582
1842,1577
663,2166
3412,4726
2315,3703
314,1001
633,821
1519,2244
3037,4549
4046,2248
104,1248
3761,2858
1078,655
3327,1813
2140,3520
4916,3719
2691,3475
3924,4956
721,3318
3914,1701
3996,4380
3954,2440
3840,3908
631,4021
3771,2500
1614,2403
2155,4798
2474,3597
4928,2693
2078,4342
3308,1355
814,1042
3249,2690
1670,1613
1560,2584
1461,1764
2958,3476
4806,3573
1009,1266
4688,1773
4954,3352
3832,2250
955,4456
2071,301
4620,1341
4732,4719
2535,4045
2571,2530
232,2491
369,4422
2433,1308
3699,1990
2648,437
108,855
3826,937
1868,3066
4549,4292
4598,3185
2125,2531
1968,4040
1527,3590
1384,2059
3838,2711
2330,3104
3026,3533
3147,2349
226,3730
2658,3817
2417,1215
856,626
3892,3059
1062,1451
4655,2998
411,1787
3184,4431
3390,1398
4027,3904
4749,862
960,716
4796,4963
2615,1831
3228,1421
1486,4506
2485,2033
108,2567
29,2158
2148,1000
217,4088
2379,2653
2982,480
1471,918
2749,2878
4473,2165
272,2943
1433,3417
785,3715
826,4215
4287,4607
2022,2036
4778,2703
2404,3182
4982,1446
93,1746
969,4067
123,1313
1397,1544
2535,4614
1784,4898
1022,4112
1067,1484
1310,2603
1209,4037
2460,4150
4410,3906
789,913
99,2049
349,2219
4610,4423
4576,4052
4199,385
3898,87
4212,2635
162,3366
2097,666
478,1971
238,1061
1907,4922
3402,4988
2044,513
331,1214
1293,4977
4259,772
4647,227
1213,4416
2304,3768
3844,3057
3754,4000
3308,1205
651,4936
3444,164
4483,3848
1581,2286
535,3043
618,1124
3466,4757
4309,4338
386,4601
4897,4660
1210,649
3261,4379
4663,2427
4403,263
4059,281
4785,1652
1312,4631
4458,4886
4089,327
2411,1921
2474,1573
160,772
3090,4197
3341,2440
3212,1397
120,4374
3738,3944
4472,624
442,1576
4930,4504
1944,3964
35,1445
4333,1946
3575,894
4778,4930
1868,2185
356,2962
1304,3477
3543,909
3847,2183
3729,2706
3923,2191
3296,1598
1686,2646
47,3383
1778,3629
2919,1397
4095,1703
2312,4976
1824,3682
691,1220
3407,3288
4704,3241
2779,4006
1643,2057
725,1862
1281,938
1358,285
524,4102
2315,2650
2421,3982
4487,3222
716,4908
4776,3484
1557,3497
1725,919
1155,108
900,2755
4430,413
2463,1133
3361,2823
2935,1826
1499,431
2071,2396
1837,4204
4664,1705
2263,3034
3047,3446
1152,1220
404,3823
620,125
719,4953
2617,2460
892,2910
2300,4525
2267,3999
4106,3485
3856,4486
2879,1515
4658,3961
4499,3519
416,2121
538,829
898,450
3731,2482
1632,4032
2946,208
1051,1099
2712,4476
229,4413
1403,4034
2319,1524
1856,4031
3902,3196
39,3262
2032,4154
1476,2385
250,491
2092,4894
1841,1090
2015,910
1000,3733
2274,2377
1544,1098
3706,1760
3351,3763
1830,3168
4785,2232
2702,2085
2977,2988
4764,862
932,1890
1211,2545
4828,1196
3974,4999
2820,4730
4065,1845
4325,3406
3414,3048
2725,1408
4849,1729
561,4893
23,4790
4765,3692
4558,2096
1611,4652
2980,714
4372,1962
961,825
2701,1619
1483,1558
2548,3084
699,4941
3663,3280
1416,1038
3721,3641
4546,84
1057,2748
4968,268
2409,3713
1598,4827
2884,2841
1769,456
1308,4514
4500,1653
2513,4631
1688,1951
807,781
1820,1630
1569,655
2966,2303
1185,915
1988,429
86,4101
85,1999
1534,1239
3238,4102
746,4687
635,3814
228,813
3221,3474
69,3341
3172,205
1597,4293
505,4429
988,1614
568,3402
1354,4790
2795,3311
3267,4151
4970,1094
157,1598
632,3408
2672,2346
2899,4142
178,4479
4369,2628
4480,3556
3562,3907
4609,2210
1051,4312
3307,1853
4876,4737
1142,2899
2512,2124
1881,1077
997,1686
4394,643
4784,882
4649,384
2975,1141
3191,1578
754,3867
3104,4814
3300,1314
2526,2300
1082,4729
4339,1599
3154,175
3225,272
1969,2949
4882,3962
4609,523
4788,2476
4701,1135
4735,4737
753,4276
3285,1135
3612,1387
3979,1946
747,3461
3986,1340
4432,601
2104,3633
991,3422
4718,2674
2701,2109
513,1902
3077,1431
1117,3279
2444,3578
2636,3956
2097,1304
1682,3396
3626,361
1288,2731
847,493
1097,1243
3836,328
518,3057
502,3912
1165,1489
4260,895
2393,4981
4645,1709
1602,4303
901,3847
3197,4028
1653,2744
4038,927
1952,927
2717,1147
321,1729
4413,4430
4542,1479
115,1003
2859,4720
2027,737
2382,1832
189,2201
2188,3928
3458,4761
2606,3357
3632,4020
3413,1289
4291,1721
642,887
4197,233
2388,4948
1225,3416
1184,713
4290,3559
4280,3024
4327,4905
1251,1368
213,35
2529,1814
3280,4647
4120,1747
704,576
4493,3480
4536,2839
2199,1478
1108,3295
3337,4253
4666,4838
1057,1336
3874,3057
4291,457
3041,1243
3960,2092
3293,163
958,4495
1194,2294
597,1013
1612,1988
2984,662
865,4838
4715,4794
2957,3891
3466,565
147,2830
2426,1187
799,2245
594,2971
2058,1368
2006,3835
2634,2178
2041,1887
4167,3897
4319,2977
2854,3207
4667,263
227,2750
863,4323
1902,566
4927,2989
3792,3343
3395,3405
4207,4542
1024,4214
948,543
2349,3926
3555,3964
997,4076
4956,1200
4315,2487
2743,4850
4228,3560
470,1564
1953,2202
991,4961
4279,2301
3395,3172
34,4574
1138,902
2301,222
1885,2132
581,997
493,2084
1667,1947
2850,1743
1810,4706
2719,1459
2202,2360
4001,4719
1159,2410
3760,3829
4067,4087
4795,3420
4943,3977
2198,2173
402,2357
4319,4423
4245,208
2378,954
4061,2832
2747,3608
3367,2751
2157,1200
4874,2269
2038,3115
1238,2984
2690,2110
1119,520
1103,632
2796,3555
3894,1239
2724,3167
2755,251
298,1781
2186,2710
3932,3222
4769,669
2178,1519
2339,3974
291,2135
4129,2119
1618,1889
3642,4487
1495,633
69,987
4550,2563
2956,646
3628,507
488,2582
1107,349
4693,4003
2132,4172
2277,964
1861,4152
1153,139
4496,3230
3466,2644
3357,4394
3070,4824
3514,2014
3038,4771
4319,3017
4207,555
3359,3168
1039,2519
2971,432
542,3139
1687,2228
4593,4483
2812,1834
2595,34
2571,3704
4025,2255
3762,1305
3224,1927
1508,1710
1623,2796
569,1044
3189,4619
2050,2368
1056,4115
539,3592
1112,676
4968,1623
2824,2375
1842,3946
1519,3983
466,3811
155,4471
963,1872
470,1087
323,4220
493,1501
475,4256
2991,1518
4324,3279
4429,3687
373,1875
2878,2025
4295,1887
3520,4672
886,3242
4089,1934
295,786
1261,282
2839,677
4407,4423
71,4434
4654,4849
2291,3641
3954,3836
1337,4580
3415,3299
4145,3518
4279,1693
769,2304
4410,2460
2876,269
3677,3829
3741,3370
4525,4149
2013,1442
3076,4554
1239,2292
3159,1373
4828,963
276,962
936,898
3268,2831
2998,2230
1662,1423
1360,4365
4094,3631
309,2328
1724,1290
199,4275
352,3194
4163,4707
1387,2737
2467,1198
3187,4882
2635,1201
4970,1578
4733,336
3516,2624
1880,1122
3582,4901
2013,713
2122,1547
188,4962
2202,1760
2210,263
1596,2577
4504,841
751,1596
4249,189
1134,2096
1312,3778
1299,3173
2280,2799
1662,1607
445,3911
4836,1526
3294,2527
4133,1819
3427,1938
3248,2513
994,4482
4204,3457
284,3759
4653,822
1674,719
1993,1978
2490,1608
1841,411
1282,508
1389,3872
2232,2668
3121,4654
2493,67
362,1536
834,2677
2731,1771
2222,3134
4215,916
2986,2139
1187,2496
1217,1065
593,391
2316,1704
2441,3854
2535,4502
2576,203
832,1351
2941,476
3731,3640
4005,3198
4530,661
1404,4446
2221,3660
3202,279
1524,2157
2976,1366
1856,4354
1870,1752
3358,559
6,2055
3665,172
2592,2540
3522,3335
3439,4771
3256,1135
129,591
1869,870
2379,3003
4918,3250
1557,986
748,4880
2228,2193
3577,4574
110,1863
2730,2510
2831,4741
1832,4561
3850,2777
2386,1792
1971,1903
3371,16
3700,1501
1120,1744
4152,4388
4940,2186
3088,4041
2944,3381
3676,711
27,1762
3317,1189
2621,2123
4428,4884
1462,632
272,295
4701,854
154,7
2831,4389
2019,1620
2795,1514
3442,922
3876,3092
1543,2163
2473,1637
3223,82
2319,2233
3695,1999
4062,2880
1809,2402
4087,3488
836,1461
38,3485
3259,2626
1467,3271
673,416
3829,1944
3554,4909
1942,1344
1387,4925
4561,4398
614,2825
1076,83
4726,1696
797,3522
3004,3700
3004,1705
2267,4101
1653,2570
156,3615
4824,1104
3129,4692
1862,4475
2207,2068
3745,2462
2246,2046
1798,3059
30,958
2525,4501
2738,2505
173,2117
4385,4492
140,3352
1566,2125
2152,2402
242,639
2975,492
4268,4839
187,965
4604,3966
2911,865
1512,2879
4561,2375
2132,4346
3741,631
3931,2268
4524,3232
521,3827
2791,4187
2855,4556
3859,3377
1986,1521
2071,2755
3367,3348
1890,2835
70,2053
2549,4464
1217,3999
2065,784
1625,2463
4770,4641
798,4502
2620,3004
3065,636
469,1589
3349,1810
1481,4741
1441,429
3020,2876
4400,3042
4186,3167
4992,75
3411,4947
506,1613
2401,2380
4827,1110
398,2970
2047,181
1841,4267
122,1429
1062,1848
2131,3475
562,967
2257,1178
2540,671
4178,1587
1106,3227
2883,3862
4093,3282
3010,3650
1437,719
340,1503
2164,1244
4273,3989
3421,1331
349,2248
2751,1111
3871,1688
4140,113
3713,25
4425,459
82,1478
2232,2196
3997,2752
1782,1113
4509,4275
12,2909
1863,919
1260,2859
4636,145
4365,4908
2159,2140
1183,355
2835,1805
797,578
711,3883
2026,3937
401,932
4871,1445
186,1873
3401,531
2643,3725
2915,144
4290,627
446,3955
4048,4352
1003,1383
1434,244
849,2561
1121,1630
4785,2143
1038,1411
2417,2330
3196,1552
1374,7
3067,3841
2871,635
3172,4513
4103,4501
2926,1178
3226,673
3541,471
3742,4600
3984,4238
1894,1903
4206,3501
747,3894
4757,1610
281,4024
4194,2929
1402,3419
3455,3750
115,1280
91,4698
3601,4155
275,2252
3136,992
3183,3537
4050,3568
558,4729
4285,361
266,4360
1526,77
3210,1764
3699,4968
2734,2213
4068,258
4800,3205
2998,1049
4497,1714
3300,962
3341,2819
353,4665
4655,4833
3983,3261
3075,213
2660,3683
36,3253
551,3706
3319,1729
4126,2878
659,4426
1746,827
3696,3176
4250,4587
1719,3048
728,1256
1669,283
1274,2325
1771,353
2,2292
893,540
4202,3415
2824,1748
4054,4537
4340,4122
4946,3175
3216,1577
4626,3164
913,2606
1044,3154
4810,221
3997,4941
800,4726
4989,2064
2665,4757
3236,1995
1409,4195
3884,3516
2516,478
2153,3765
1975,2809
109,2113
3925,4390
1192,1322
3729,4916
890,4261
3186,4218
4373,2455
4209,4223
1122,2178
1418,2652
2189,3312
2431,451
3605,2472
3471,1472
3122,2118
1676,4796
3584,3493
2937,1322
4205,2943
3876,1973
337,2113
861,779
3296,2408
2671,4766
2604,1055
2767,2368
3750,4311
2322,2273
497,1942
3115,1727
2182,35
11,3635
4419,3719
2863,361
3013,653
4249,948
4680,2172
978,2146
1511,4095
1297,2812
3277,4979
1950,1721
4084,2555
502,1358
4183,2291
1187,1101
2555,4703
4610,3928
1630,2711
3291,3449
624,2758
4533,278
2114,3758
157,1292
4098,4396
1846,4899
4451,1143
4758,302
3481,4028
1809,3880
3162,3320
1197,4309
4746,314
80,1502
2194,2376
4372,141
2179,2915
4303,2908
1596,3284
2584,4680
388,101
4429,3365
953,1428
4274,1121
3801,2485
2916,3962
1340,3458
4384,4610
595,2369
3273,4792
1670,2325
3990,683
184,1654
3412,168
2031,247
1340,2797
2796,2046
1425,4685
4821,4191
4078,2308
4195,2215
3007,2514
2227,3765
1677,2708
453,2351
598,1005
3048,3158
3707,4855
4432,1424
1981,2550
2329,427
1608,3073
2224,2126
2746,4400
4134,3337
1974,4311
213,4379
863,3995
872,4731
4380,4539
2786,2440
3599,1147
1744,2240
146,845
2917,2813
292,267
3973,2802
3868,1750
1520,2571
3726,1094
3126,4938
758,4698
2851,1243
2491,3298
2685,2964
2151,1052
2975,1214
1813,3804
3552,4650
3949,1982
3910,2322
4223,1523
2724,2647
3286,3487
4837,4421
4500,4457
3523,3064
4444,1961
4628,4469
645,3035
117,1901
745,1664
1691,708
1319,382
3897,622
4697,1667
86,890
4559,630
2834,3415
2827,3794
2454,290
928,758
1029,524
688,4597
4681,1779
1476,3384
3748,1419
1598,2473
4714,2580
1718,4127
546,2036
4303,3110
4496,4463
514,2608
2356,3468
3771,314
2129,4354
3576,1674
2693,3831
3402,917
1972,4328
3332,633
3624,2085
1099,3544
4316,2808
1007,4102
2781,1459
2412,4764
2736,921
298,2628
4243,1184
143,851
3427,3621
1054,2718
52,4715
3085,3867
524,4953
1274,2591
4703,1048
3950,1050
4814,1027
861,317
2708,432
3790,4025
338,4558
3726,1536
1020,784
4004,1656
2638,2385
3973,577
3118,3506
3013,3523
4215,2819
1161,3917
2559,1314
2891,3484
3848,2473
2381,3452
2709,1700
799,973
2824,2580
750,1755
3597,4856
2826,185
2859,2925
1773,2717
4463,2668
3944,98
1218,2418
1702,3367
218,2906
1001,2785
619,1278
4856,2672
4558,1386
1401,2812
3897,4734
3202,2829
91,3974
4040,4998
2369,293
4627,1619
2218,3978
3559,254
3745,1102
2661,4931
2313,1421
4323,917
4095,2949
589,3969
4618,1409
2751,1246
3150,3688
749,4635
1445,501
4031,1609
2652,4853
4598,4502
602,3047
4492,2890
4694,1621
301,540
272,2957
573,1509
4547,1900
1612,591
601,3632
4120,423
3913,212
1134,444
1987,4815
3357,79
4986,238
2213,4777
1273,1497
4398,381
3758,2707
2268,2246
3491,4290
3641,2051
439,425
4943,4338
585,2562
2021,548
445,1733
1507,2817
380,23
2913,969
202,1282
994,3505
4332,1020
3082,4431
4694,237
4685,930
2746,896
2448,2049
730,3325
4354,486
880,3973
2348,3170
596,1738
3656,3047
3986,4277
2545,1650
3297,3960
2712,4128
1357,2819
2712,3957
3763,1574
1524,350
1169,1708
4755,2133
4407,330
4632,4307
985,2399
2173,3331
3462,516
1804,1350
3566,2194
1016,158
1641,892
1825,4513
3236,3385
1412,4666
614,1440
3257,4358
4138,230
2726,75
3364,364
3827,4261
702,753
364,413
832,35
17,834
3350,1561
4448,3137
2260,1448
1179,4566
1797,2344
3185,3152
1912,49
4912,1632
3713,4582
4253,3254
1157,3093
4448,4875
4817,2566
3237,2483
3178,1699
1730,3094
1909,4910
3455,1854
3261,4133
1417,3578
2352,2609
3532,1810
3575,3578
2068,2980
1053,833
475,940
3121,4531
609,768
884,582
2732,2052
1504,894
1846,4481
979,2861
695,2794
803,1796
3099,1363
4818,3332
4597,4568
2849,2670
3844,3378
1472,3412
1039,3388
3647,962
367,2717
3379,1321
1679,4827
599,296
2103,2899
3629,2131
3703,852
48,4022
1548,4591
3794,825
3398,4207
329,2991
2056,4746
1745,329
2281,4015
3627,2349
406,825
2855,1641
1510,4801
3233,4571
4788,1412
3248,3284
2440,4481
4163,1624
3555,4507
4036,1810
3999,3352
1690,4169
1566,3284
1910,470
2171,3433
212,3860
2061,2295
203,777
1047,4395
2982,2346
2529,4856
4789,3304
2379,2463
349,4759
4806,2972
3670,3828
125,3273
504,1287
1744,767
1528,1988
3456,2052
880,346
4317,499
952,2938
4767,382
1895,160
223,2146
2553,4596
4613,646
2053,1499
221,2448
1337,4213
1950,3560
1318,3362
2921,821
979,3916
4778,2609
3260,744
318,1061
4467,1486
2583,1641
4609,579
1350,3493
3105,4858
841,873
201,448
2300,4040
4422,1261
2509,2637
4963,1925
2949,2570
3019,985
218,1470
4953,4369
1777,614
4001,2846
2645,1277
2667,1090
4164,4374
4095,4965
342,2107
3,166
1274,4728
691,292
152,1774
3890,1773
942,1770
2085,1601
4297,4335
1171,2743
2620,1924
1453,4868
4485,2414
21,2621
2926,3983
2306,2886
4432,4046
1352,4549
3115,4248
4054,2635
3298,4431
3062,2582
2350,749
4229,1332
3467,4606
1917,2511
788,4159
1009,3869
2218,1027
4687,683
1305,2096
1450,2749
3016,840
656,1113
2948,2696
4255,4815
1198,984
137,1877
960,3437
4596,4910
132,3635
2362,1818
2271,1600
4696,4816
4855,2189
4672,2652
309,3326
1593,4480
781,2
3173,1105
2914,4126
4193,2357
3119,1539
3060,2160
2528,64
3354,801
2041,3798
3703,4598
3330,2741
1592,779
1650,3678
4798,2122
4462,3084
39,713
4286,588
967,1960
4300,797
4684,4497
234,2301
4620,4673
3711,1730
1291,1324
2457,3174
1934,4411
4636,3718
380,1991
3797,567
2358,597
565,91
1463,2723
2733,3925
434,3169
3505,954
767,389
4573,661
2440,771
2762,3021
2897,1906
4184,4474
872,2642
4197,203
3583,2457
2510,2217
3617,532
2836,2420
1618,1154
1919,3983
3220,2134
2102,4629
2693,2074
2281,2430
1891,2844
1124,4234
2476,3920
2167,822
3721,2814
3965,876
4661,3523
4379,4254
3567,4161
224,2319
407,3801
2164,3875
3650,4110
4998,4505
1194,2838
2981,387
286,4592
4216,4590
3280,3127
1409,245
4786,1743
3823,1763
4852,3230
2075,459
1174,3997
3390,2380
2078,2234
4523,558
1696,3934
2434,4828
2386,3655
1335,2528
1486,1356
3714,879
2443,3027
2687,112
2347,1101
3130,2122
3007,3792
3536,1245
3681,589
2041,2989
4050,2901
1801,1652
1120,693
1381,940
2654,1680
2123,936
2914,3499
4599,4303
2975,3996
437,1
1374,2223
4123,732
961,3779
4741,430
2033,870
4103,38
4909,4328
870,4341
4317,4977
3907,3397
3279,1910
3850,2744
1146,2020
1228,1544
1025,3733
1613,4526
2854,361
2777,4865
1972,488
492,2823
1152,1123
763,2016
4253,4606
1264,4916
4977,2166
2581,871
4318,789
2969,3134
3370,3354
3705,2775
236,547
2652,31
3005,4898
3418,3391
4095,4796
3129,3040
3088,1476
1223,210
3853,1476
622,578
3685,856
2096,3572
792,3860
3490,87
4179,2854
829,4353
4658,259
2219,4183
1440,1491
332,3273
3561,3153
4587,414
4644,4729
2474,3716
4947,949
3070,565
4311,252
3844,105
3261,3237
850,4469
1825,2897
2921,3207
1948,2789
926,2576
1094,7
2900,4793
4854,3668
1,3518
3714,4906
83,448
4095,2882
4386,967
1322,2245
2546,2005
4217,645
2377,2253
3548,2038
4109,178
7,3156
1216,327
2782,2781
3934,24
4487,798
322,2753
1222,4475
4825,2798
4734,2843
3555,2928
4750,2758
2337,3452
4437,1086
3008,4614
2287,2358
4367,3651
2806,346
1666,1542
4775,2838
365,3456
4780,1021
3255,2735
1350,1171
4154,2505
4384,528
694,1284
660,1302
712,4889
4993,542
291,4629
2870,2956
3892,4486
2826,2624
4746,2053
364,4295
2004,1839
4545,2935
3812,834
2605,4479
259,630
661,1460
2001,3739
3631,2070
205,4458
4145,4512
4062,4224
2243,1048
854,2796
1078,216
3683,1695
4458,486
1705,708
4447,1280
2857,3275
99,3256
1815,1549
4410,1123
2418,3869
3852,4611
1004,708
2471,4192
1227,3459
1801,2919
1508,2356
2621,509
226,1579
4739,2198
16,3636
4510,2941
4216,2067
3583,242
648,3283
2793,12
1537,4993
1283,4313
598,4836
3663,4975
1226,241
3499,2256
1869,108
4271,2925
2101,1130
2802,4017
160,2364
257,2374
2905,1378
947,3773
2657,3175
3151,1756
2885,677
1442,3313
4837,4397
2286,1850
2999,599
4442,4250
61,3201
624,815
4728,2339
4692,3420
1366,2414
265,590
555,1955
1359,3950
1048,4135
4532,3260
3204,2044
3230,4550
1572,3240
4928,2987
4476,2254
752,4660
36,794
534,1884
706,925
1081,1965
4737,3497
1159,2063
1390,800
4918,2791
4090,166
3081,3893
3315,436
2630,1204
4489,2041
3363,4349
38,1690
4395,2921
152,2331
2355,1084
2318,957
3789,1571
4366,498
3600,3915
1992,2275
3128,2346
2957,4447
2747,1047
4606,1351
674,1619
477,2268
2203,1785
4819,116
343,4194
2332,1876
1070,1058
975,1144
1300,1582
4082,4878
3994,191
223,4806
3704,1231
3275,2192
454,1618
11,2901
4223,849
3403,2678
4910,2125
2586,1978
1019,336
968,834
2510,4653
4504,4683
1303,4482
4194,930
2302,3926
2361,2766
3352,4117
4433,3580
404,779
1940,3526
2252,4391
2719,2593
2592,2064
1494,3695
42,4315
1643,290
1195,4716
716,3808
1122,4767
761,4310
528,4255
1383,1413
3505,2538
2028,2712
4809,1689
1554,3109
3393,3800
2535,4613
4021,126
2605,1104
2501,2796
3733,196
3320,1306
3373,2894
1349,4607
2464,3294
1408,2442
3537,4292
4968,276
1949,3126
2924,4067
3709,3755
742,4971
2145,3910
4730,1078
4775,3083
2536,646
4722,4742
209,2181
2537,4273
1457,3486
1331,2024
1612,3277
288,2395
1388,2187
4628,4331
3220,3038
1459,3582
4453,1497
2590,2633
192,3095
3703,1493
1324,1997
2876,3646
3796,4016
1410,1159
1412,4172
4154,4442
1956,353
3214,4637
4905,1302
1435,2697
1761,1099
3692,2132
1453,4429
2369,1769
2277,2376
601,3978
3655,4438
2583,1281
3256,4632
9,1430
3919,3376
3326,2194
4153,3407
1715,1189
1010,1956
2556,3636
3267,4627
775,1217
130,1905
2565,3074
2648,434
3707,1604
1235,1905
2609,4071
3640,2246
1714,158
965,2945
2735,932
1352,3471
637,3682
3761,3696
2802,530
4466,3949
995,1766
1506,4826
1779,4505
4951,4745
2021,106
598,1593
3553,3077
1191,815
1835,273
988,3538
1584,2971
4987,3551
3401,1826
2864,3173
4105,91
3533,3006
1267,3373
919,4401
4080,1272
2292,1450
1517,305
2154,3206
4299,2990
4919,1240
2471,2110
2398,1435
1361,2497
260,4489
641,721
2556,3920
984,4034
1802,4880
1561,924
194,4588
1337,3264
1878,1632
308,2807
1218,1890
3377,1236
53,3260
103,2875
3247,3416
1156,4147
137,1203
3605,3773
4840,1664
4661,2006
2546,1456
2524,2998
3304,2375
3759,1166
822,3363
901,754
1491,2244
4233,2618
2894,20
929,3366
3146,2885
1812,4334
3913,3413
1642,324
2721,3398
1697,1143
1597,4045
1199,3654
2452,1520
1572,3175
2772,1241
3153,843
1505,2399
4031,4573
1757,1276
4264,1284
463,3506
4495,4724
2390,2575
189,2222
166,3388
3134,2846
182,497
975,2067
3627,2243
120,1565
2478,3924
3178,2529
2316,4565
1793,218
1381,1527
2736,436
3704,1384
3979,2406
1718,2256
4552,1869
3792,3419
900,1020
610,2599
4049,1750
3360,2325
1188,4304
4263,4153
2360,4802
3659,36
1190,3416
3324,1115
775,1609
2051,1427
4640,2532
96,2260
4331,2947
3570,1480
3897,988
755,2277
3912,2750
3817,3704
3647,4945
3487,1994
1789,2064
157,4433
1710,2326
4628,2296
300,2674
2867,2107
3733,1139
1442,4524
3565,1329
2026,1457
4940,2228
2988,1201
4509,191
682,3179
2010,4387
2459,2433
2589,533
4124,4783
3994,1954
511,3828
4726,457
1947,894
4072,3277
3480,3439
1570,4913
813,1233
299,2467
104,1023
2142,2555
4585,3694
777,436
572,4382
4615,884
271,826
2381,484
50,1564
4415,423
63,4679
4244,4481
4828,4114
2112,1991
4720,2203
2166,1873
188,1374
1309,2790
4468,1655
3885,1252
1169,1844
4797,2556
505,3087
1880,2493
380,2328
4398,1579
4091,764
4196,2408
4286,4545
1323,3414
4996,4315
433,3886
3150,964
1065,1344
3094,2927
3751,4588
2214,3224
2839,4045
3367,792
1920,4709
3329,1952
2477,800
227,896
556,1095
3966,3103
10,3489
2871,1053
1073,4235
888,169
3115,3215
4413,1539
1569,3037
504,783
639,2676
1215,2250
2907,2327
2433,2933
235,3100
4771,3640
188,4529
398,2111
4963,2948
4934,4970
4343,3338
1001,2400
4805,1109
4143,125
2729,3949
3785,81
1432,3291
74,1833
2173,4528
3055,807
3241,1939
1366,272
4614,2623
180,805
3570,3487
1915,2835
1675,4994
3097,582
2275,4252
4184,933
4166,3740
4517,1884
1073,3959
525,498
963,2360
2506,2903
2624,1680
2433,559
520,1674
3995,519
2134,1473
1972,3608
1783,1811
4494,2362
2596,736
970,984
41,714
1822,162
2475,3563
3,2948
490,1266
2798,4958
3701,295
3606,4298
581,2260
1298,18
3932,3638
381,555
1528,3940
2148,3488
4,4200
4878,974
3101,3269
2960,4507
277,299
1307,2667
2589,4964
3405,2225
4323,3716
2882,4043
4539,171
4310,566
4441,4341
836,1041
2005,1507
2291,3166
1337,1330
324,582
4332,947
4439,981
3185,4975
2055,1088
1036,2495
1141,2755
1495,3662
751,3348
4634,294
1499,3540
298,926
1667,2362
3294,1322
1405,3436
2482,4783
4088,3295
3019,257
4465,4014
1236,3027
4119,1397
4092,2971
824,3446
1016,2463
4779,2042
874,2043
2719,2330
4703,85
2710,4145
1093,4088
4630,3229
171,4284
2316,3520
4091,2403
4966,1288
35,1290
3182,2879
69,1191
1034,4058
4968,2055
3281,1447
5,1042
3540,4767
2428,267
1544,3870
298,3711
1895,2126
4825,283
1525,1109
2562,3717
3219,3294
3158,2435
1522,4911
871,154
1814,1562
82,3014
4406,2661
2779,2969
4587,4591
3324,1787
809,1997
4675,10
1337,201
4642,3058
3179,2670
3856,4732
4320,2896
4072,4909
2180,3689
187,2510
896,73
4671,143
3341,2557
1403,4657
3578,800
4088,4385
3735,1737
1276,4424
605,981
4644,1139
3311,3114
4003,3582
4309,2002
3407,4530
745,2442
3988,3325
767,1603
1770,3128
2760,4064
4961,4767
3513,87
3620,3324
4802,2361
2189,1797
2746,2838
327,3038
1107,542
3524,3374
1004,1912
2230,3462
55,3139
1359,2157
1297,1052
4708,3476
4093,3462
2857,3189
4093,469
2233,4320
4779,3782
515,3483
2590,4383
3734,4617
3203,1980
107,4881
561,1790
4472,1657
2822,4405
2898,2740
160,2264
3337,2437
1273,1070
2342,3010
3622,342
2468,3999
3881,602
4168,4519
1518,810
2903,3543
2698,3052
4256,3151
87,1329
1561,4609
1221,406
2107,3950
3456,4729
2828,4420
492,4038
4075,717
608,1482
2835,292
1957,767
1946,285
3877,4248
4543,3885
1144,2328
2552,2655
1935,556
812,3199
238,1970
1471,411
3890,650
4809,2318
1127,1978
437,4316
2274,796
2519,4912
1579,1471
2773,162
2421,3892
2678,2991
4372,3187
2457,146
4948,4832
1049,1564
523,3088
2164,2326
2671,404
1225,1959
665,3309
3502,640
3008,1425
4119,1752
177,3559
1073,51
4262,1018
3636,966
3637,3593
3998,4226
4869,1327
744,4492
4483,3701
1283,715
1047,4246
2404,4537
3680,1828
2487,480
1019,3003
3433,4386
4321,302
1007,3573
1076,455
1999,3447
1435,2892
2676,393
4549,2665
4463,4291
2704,1933
3321,943
2563,4109
662,1785
1491,3170
1975,3349
1607,74
4047,535
2931,2125
3675,3339
2120,1125
1473,4761
170,1063
2257,4315
4181,963
1656,762
1981,4707
2917,3103
4939,4618
4733,818
4609,3673
1059,1095
2468,2072
4377,2236
2372,2838
353,545
2773,2051
1249,1783
3678,212
1250,1834
1063,3437
550,3532
1226,2364
3272,901
376,4473
3705,1701
3104,1343
3858,686
4721,3073
2920,1039
3975,2429
285,130
856,171
4072,2915
4306,2131
1430,4283
1856,169
940,4568
30,1471
3069,1681
3803,1218
3231,3953
311,1234
94,4541
3532,2877
2637,2497
3804,820
816,2817
3521,2413
3542,4054
2381,4308
1259,118
4328,1008
813,3196
4933,3741
22,3038
3114,4240
1223,4728
3464,1196
2633,3326
3992,3046
1965,2498
1157,472
3552,2550
1667,2239
4219,3848
3115,3400
1778,636
931,1126
400,3776
2337,4456
1775,1667
3148,707
2924,1392
204,1830
907,1260
2017,2517
209,3460
4549,3698
3415,172
272,4797
4778,684
3078,1731
3227,3490
4045,1460
4327,998
2428,1494
356,1849
3946,3765
1163,4828
4683,1757
1452,2019
2407,1209
1297,4278
2510,3822
4792,1707
2508,742
2695,700
1189,3189
3414,1626
910,1570
4647,4456
1802,1770
3636,2885
897,3194
296,3873
1402,2140
1450,2552
2151,3173
2498,3870
2760,689
1060,4743
551,795
4719,2139
4799,4618
211,1535
838,84
4212,3544
1283,3163
3109,2356
2540,4509
3086,2845
754,253
2983,4554
3358,4493
4796,1769
1069,3772
646,3707
2332,1947
2927,259
4160,4601
1097,1540
2287,3998
556,3138
2723,3557
4538,3232
749,4966
4216,1026
3454,4959
2225,139
3288,1321
581,4729
3336,2317
778,2281
4515,2698
1086,3789
171,4873
2974,3465
4912,2491
3568,4415
3435,2374
607,4416
1058,4052
3878,1958
76,3811
2540,4407
1665,4745
564,3441
2523,934
3417,2056
4799,394
3460,86
318,373
1396,3802
2863,132
3812,4295
2616,3735
1128,3950
3725,2893
1015,3980
1641,4826
4083,4227
4297,1473
4391,2123
747,305
4089,3360
1114,568
1802,92
3868,4152
3626,2600
1578,2356
2523,4845
2390,900
3029,3108
2662,357
1308,1402
4,1051
4250,3748
2145,793
2492,4521
4634,2883
881,3953
2714,1042
3425,1373
2284,2240
1157,1264
778,1497
1545,4493
3072,18
361,603
3269,3410
4642,1229
265,1413
1023,3823
2307,712
150,2871
1894,402
2977,4921
3111,4231
1707,4112
1196,2613
2166,4447
3966,837
4277,281
3698,3766
398,1629
4136,4014
1585,2498
285,2241
1965,2843
4116,2020
2547,1812
1466,1906
4745,3405
1729,2601
3327,1494
4399,4874
1640,4161
4598,79
1243,3714
20,4201
3882,2342
3735,477
3292,1867
4792,3796
857,3730
779,2214
2665,2879
3077,4597
1338,2729
1096,4559
699,2908
3663,1947
1269,4894
3284,4501
1182,2292
2794,3220
1829,4540
2625,2120
4752,2551
1537,363
4505,2905
3942,3330
3594,2210
2364,738
1780,146
3731,3635
151,1747
4775,1820
4968,3045
2254,2011
1176,2036
2301,2784
3252,4327
3257,4433
2621,266
443,4126
1869,4730
2854,3708
1144,4132
4141,3528
2229,3275
4097,155
2258,3324
1952,4333
3485,181
194,1448
150,3388
190,4839
1984,4231
1566,4469
1078,1485
1583,1662
4485,4168
3331,36
3204,4338
1910,18
3222,710
70,4978
3147,516
2624,3814
2034,111
1196,3209
572,4961
4961,3824
246,2929
2033,1316
3649,4190
3430,870
4400,3675
4967,3819
4641,682
4459,1062
942,1194
140,3018
2901,4115
1849,3322
2487,3228
3364,4280
3186,1473
1683,1060
3728,676
3652,3232
850,3820
495,1700
113,2902
4110,3325
2363,1615
3699,3359
806,938
880,128
3239,2971
1478,4118
1733,1709
3305,45
3299,1702
320,250
1276,3560
1610,557
3078,4062
3172,4565
2298,403
2109,2372
4235,615
2446,1944
940,4780
3455,2972
1038,4335
3351,178
4093,4605
3778,2248
3965,2703
237,3908
735,3613
303,4265
1212,378
268,538
3127,2298
2880,3191
3901,1978
4301,4035
91,152
307,1583
4139,357
4544,2852
1541,1521
964,1977
483,3855
1042,3070
1362,1876
271,3061
3978,1055
2970,932
2013,4123
1231,1073
582,4720
344,666
1609,4957
4975,3556
1407,3018
2873,3262
1534,683
1797,4998
3116,1980
3391,4210
1869,463
1407,799
912,1163
433,508
3917,1831
165,771
1551,1413
3131,4197
4002,1475
205,1192
1155,574
4185,2527
1134,368
3640,2082
1005,4055
4986,480
1836,2388
2326,2477
3745,1719
665,4166
1227,4522
4615,2028
4617,3916
359,2138
1059,1181
4781,4075
844,1699
4387,2528
4108,1493
366,1848
1806,3775
814,4882
1437,1362
4167,2565
2368,3770
669,2323
4636,882
3695,1628
2821,1150
4789,2415
3525,3082
4924,2973
4433,49
2906,3119
4518,1495
1316,891
1549,1060
2252,3149
684,3758
4625,840
3444,72
1800,2140
3881,4521
3205,3386
702,4899
98,690
4580,1389
3168,363
92,1975
3782,3164
4019,3680
2390,3760
90,2945
1146,2571
2165,2454
2026,4368
2219,1947
2678,945
2790,508
4043,3526
2584,2206
345,2360
2179,279
1966,3376
236,1119
3705,3360
2857,1316
1429,1816
3449,4353
1792,3817
555,363
2418,1130
3137,3729
209,3547
782,1107
1544,822
2281,1059
752,4676
2841,1704
2896,4798
4198,2281
2097,1079
164,3126
2155,3637
1040,186
2452,1466
1868,2590
3933,2071
4220,1635
4268,4511
472,2781
3535,2512
1665,3655
2701,4310
2152,824
2756,528
4951,4642
2900,3187
2509,4701
2370,4975
4737,3119
4650,2955
3889,2192
4311,3889
3771,3038
3128,3242
2479,1904
2975,3407
667,1437
4504,608
4561,3734
547,2839
2327,697
1893,1585
3684,4128
4785,3911
3175,2756
3785,3194
1826,3260
4722,2279
4192,1297
1147,4786
2327,2004
1766,2083
33,1693
4993,826
834,4813
2654,3856
41,3222
734,3478
1554,596
2160,2213
4310,1526
4329,1923
4720,4721
4055,287
31,4511
43,4716
2629,412
3573,4698
343,3768
1957,247
4680,1641
1222,866
2020,1461
1520,1829
66,1375
4235,3319
2178,4351
3290,3647
2563,2462
3390,556
2,4254
2334,4151
3709,4963
544,4728
3291,4652
4430,4328
3070,4937
4843,3116
1887,2825
2860,299
3114,2058
3473,4679
2565,1351
3730,4133
2401,1063
989,3140
2423,546
2075,4788
2406,4639
3892,893
1353,4541
2387,1245
4232,280
3435,4356
4884,2837
3455,3071
1295,4797
4585,3217
3954,1543
1412,254
1157,1205
1437,2232
1684,620
1873,2079
2956,4997
589,4204
1504,2733
2871,1570
600,1516
2177,4877
1446,3375
2580,2044
3265,909
1164,688
3444,3476
3539,1756
4710,3442
1480,2350
4476,1806
3304,2769
2575,1718
2633,2600
2358,2104
2946,323
2558,2202
1409,4208
4467,4717
2634,2519
3246,4331
3410,3466
1682,4022
2409,3889
3147,3076
3647,377
2283,1186
88,2455
4681,1577
4234,3202
1463,869
2988,4097
2659,2170
2740,1701
1688,4962
4617,1312
371,1757
3709,1792
625,3676
654,3522
940,309
662,3527
396,2821
2385,1287
1927,2811
4320,3648
2997,2967
4408,4464
2151,1337
4365,155
4204,4498
2783,639
3133,1714
1770,4072
110,4662
3092,563
2032,2219
3680,2024
1225,1549
4995,1295
2997,678
3046,4814
4840,837
1497,1126
882,2817
4174,606
334,604
1254,2313
1443,2854
1199,1908
1366,2466
1272,2733
1866,4170
4663,2009
225,3262
633,441
1513,3645
33,3315
4781,4707
4482,1798
2039,1538
2331,585
3440,2121
634,612
1449,27
4961,53
2760,4652
350,3380
2683,1204
4976,2088
4514,1850
4098,4266
642,2820
1205,1752
1062,874
1135,2054
2032,212
3578,1067
4613,2463
4828,163
4448,3228
1269,1928
4879,3722
2551,2037
2859,1251
1382,1206
4983,1934
4304,3666
4701,2543
3412,4784
1770,1770
2164,55
4515,272
4064,2200
843,147
114,3939
3569,2705
1693,3446
1575,3720
2642,1029
2515,2383
4379,1476
1748,364
3378,409
1830,2275
555,2568
4162,1680
573,632
1113,4350
1795,4321
1560,4254
1152,3342
2441,1507
4744,1414
3463,502
2588,408
3987,3371
2724,3812
4591,3615
806,1429
3680,3854
2338,4317
701,2324
4051,452
2446,3065
4682,4333
3018,3968
4173,3257
529,90
4680,212
2935,945
631,470
202,320
4611,3413
855,4451
353,1500
3173,1982
1459,4392
1768,4985
1560,1190
233,3353
4462,4713
1057,1393
1457,3292
2361,3552
4764,3268
2205,4518
330,1038
4483,1505
4297,978
1964,2852
824,1645
1712,625
947,2935
493,1943
4669,4722
2428,2997
3859,158
4760,4384
1947,3821
4737,1976
4403,1696
4698,228
3439,4531
252,3992
2568,3066
3331,3948
2303,1615
836,2766
1526,268
1858,2593
3805,4378
1284,4219
3127,529
893,1425
2105,3654
3051,2898
1096,3497
2404,3557
4493,1158
4902,4891
3914,2592
2710,3285
4794,50
1911,4742
1465,3880
4826,1535
2546,1397
1525,3091
2965,3799
2219,745
3410,4520
3718,1001
3487,1691
3038,3917
4856,1089
1839,3691
2401,1577
693,4387
4419,4243
4743,2382
285,1049
1018,2829
2028,3493
3525,2970
4009,4052
1484,461
4182,302
3625,4545
1915,2322
4542,3160
1076,629
2505,3021
1600,2708
2441,1993
2722,1116
1238,2983
1938,1279
167,373
4032,3471
4983,975
568,3868
1775,2589
3987,2603
81,3890
3405,3515
4898,4105
1223,3088
2349,2698
4680,1745
3618,4397
3052,4508
2739,4838
386,3672
961,3434
3606,3376
1109,4096
1893,2492
2873,4715
3858,443
4815,3267
1106,2916
4835,3111
4357,2076
4745,1250
1499,1426
218,2033
2299,825
4159,2014
3050,1351
1122,1607
1231,3756
4593,2707
1120,3514
3509,1509
325,1023
538,2887
1520,709
2926,3514
556,4573
4037,4497
3694,1704
1786,1014
2268,404
2269,4288
3280,3892
458,228
2199,3612
1761,1727
1867,3942
2799,871
2133,3583
783,3921
3592,3468
1061,3063
632,1270
4556,4212
179,2285
1067,2542
3681,3313
4248,3992
1315,1745
2520,4438
1197,976
1884,1312
3574,1503
2964,264
3580,955
3130,4848
3397,3289
4684,2125
2103,1885
