IdMo,nom_modele
1,MOD-K8198
2,MOD-W7592
3,MOD-R7842
4,MOD-G4586
5,MOD-V4110
6,MOD-J3236
7,MOD-C2009
8,MOD-A2598
9,MOD-K5373
10,MOD-I6001
11,MOD-H6066
12,MOD-I1928
13,MOD-I5930
14,MOD-U9872
15,MOD-Y2042
16,MOD-I6410
17,MOD-B1899
18,MOD-A5438
19,MOD-F1575
20,MOD-C3945
21,MOD-P5267
22,MOD-H3122
23,MOD-N7279
24,MOD-F6036
25,MOD-U2021
26,MOD-M6510
27,MOD-Y8321
28,MOD-R1971
29,MOD-D8812
30,MOD-M5603
31,MOD-U3247
32,MOD-P9087
33,MOD-Y9504
34,MOD-L9355
35,MOD-O5487
36,MOD-R7330
37,MOD-Y4002
38,MOD-Y7008
39,MOD-C2841
40,MOD-O3400
41,MOD-I4800
42,MOD-F5891
43,MOD-D3240
44,MOD-B9843
45,MOD-K4867
46,MOD-H6586
47,MOD-T3054
48,MOD-V8794
49,MOD-S9886
50,MOD-D4975
51,MOD-Z1920
52,MOD-Y1861
53,MOD-R1013
54,MOD-J6659
55,MOD-V5363
56,MOD-Q5667
57,MOD-R5348
58,MOD-O3485
59,MOD-O5391
60,MOD-P1530
61,MOD-Z2034
62,MOD-S5752
63,MOD-M4050
64,MOD-W2505
65,MOD-X4728
66,MOD-F3107
67,MOD-U7597
68,MOD-D8878
69,MOD-Y3927
70,MOD-K1190
71,MOD-P8857
72,MOD-R6113
73,MOD-J8125
74,MOD-S4729
75,MOD-T2542
76,MOD-N5316
77,MOD-Q7303
78,MOD-F4521
79,MOD-R1362
80,MOD-Z3349
81,MOD-Q6858
82,MOD-J5083
83,MOD-D1604
84,MOD-W6023
85,MOD-P6043
86,MOD-J6106
87,MOD-N2408
88,MOD-Z9184
89,MOD-S1915
90,MOD-M6135
91,MOD-D9273
92,MOD-T4904
93,MOD-B1117
94,MOD-I4365
95,MOD-H7654
96,MOD-F9167
97,MOD-G1521
98,MOD-R5816
99,MOD-Y3427
100,MOD-A6785
101,MOD-C5072
102,MOD-F6329
103,MOD-S2697
104,MOD-K8658
105,MOD-R3210
106,MOD-C3786
107,MOD-T4241
108,MOD-H9532
109,MOD-S7931
110,MOD-J7396
111,MOD-W8348
112,MOD-S6757
113,MOD-H8535
114,MOD-F6130
115,MOD-E7742
116,MOD-C7329
117,MOD-O5949
118,MOD-T2898
119,MOD-Y2901
120,MOD-A1956
121,MOD-H5460
122,MOD-T5220
123,MOD-D9364
124,MOD-U9661
125,MOD-Q3487
126,MOD-R3328
127,MOD-P2731
128,MOD-B5251
129,MOD-Z1970
130,MOD-P6597
131,MOD-K5094
132,MOD-N9158
133,MOD-K1204
134,MOD-G9516
135,MOD-R8461
136,MOD-T4373
137,MOD-T1681
138,MOD-R9398
139,MOD-P3351
140,MOD-I6087
141,MOD-N6084
142,MOD-E4766
143,MOD-N5592
144,MOD-G4970
145,MOD-P5838
146,MOD-G6571
147,MOD-Q3367
148,MOD-U9077
149,MOD-P5031
150,MOD-Y4537
151,MOD-N7368
152,MOD-O3575
153,MOD-L7015
154,MOD-V1630
155,MOD-A2486
156,MOD-D5782
157,MOD-N2065
158,MOD-T3832
159,MOD-E6519
160,MOD-H1023
161,MOD-X8130
162,MOD-X4315
163,MOD-Q7971
164,MOD-Y2328
165,MOD-D7965
166,MOD-N2091
167,MOD-W8125
168,MOD-I2799
169,MOD-K5472
170,MOD-H1826
171,MOD-N5511
172,MOD-D9841
173,MOD-M6893
174,MOD-V6910
175,MOD-O6790
176,MOD-O1836
177,MOD-C5430
178,MOD-G3941
179,MOD-L3598
180,MOD-P4832
181,MOD-D4078
182,MOD-J9811
183,MOD-V9342
184,MOD-K8723
185,MOD-S6201
186,MOD-O7983
187,MOD-N7976
188,MOD-T2409
189,MOD-P8203
190,MOD-O2212
191,MOD-I3213
192,MOD-Z5370
193,MOD-E6024
194,MOD-X3608
195,MOD-M6087
196,MOD-J5894
197,MOD-A2762
198,MOD-H3624
199,MOD-K6071
200,MOD-H1472
201,MOD-S3762
202,MOD-X8561
203,MOD-Y1626
204,MOD-C8011
205,MOD-T1168
206,MOD-G9406
207,MOD-U6782
208,MOD-G6125
209,MOD-J4669
210,MOD-T1217
211,MOD-T4331
212,MOD-L9290
213,MOD-I7437
214,MOD-N2860
215,MOD-J3414
216,MOD-N5179
217,MOD-E3435
218,MOD-J3065
219,MOD-L6819
220,MOD-Z7555
221,MOD-E1832
222,MOD-H5037
223,MOD-A6795
224,MOD-Z8106
225,MOD-E9492
226,MOD-R8669
227,MOD-H8446
228,MOD-W2056
229,MOD-E4490
230,MOD-X1827
231,MOD-E9361
232,MOD-C3532
233,MOD-I9584
234,MOD-D2436
235,MOD-Y9384
236,MOD-E8064
237,MOD-K2858
238,MOD-X3406
239,MOD-W6234
240,MOD-U7993
241,MOD-G9898
242,MOD-G4627
243,MOD-M3771
244,MOD-D9617
245,MOD-V2831
246,MOD-E6334
247,MOD-A1056
248,MOD-F5544
249,MOD-K4064
250,MOD-B2732
251,MOD-M7741
252,MOD-J8145
253,MOD-M7257
254,MOD-S7702
255,MOD-M5185
256,MOD-F8471
257,MOD-T4578
258,MOD-M7592
259,MOD-K4674
260,MOD-P4480
261,MOD-Y1814
262,MOD-C3409
263,MOD-F3072
264,MOD-G4422
265,MOD-Y9807
266,MOD-E2761
267,MOD-Q4368
268,MOD-S2809
269,MOD-R8786
270,MOD-H2895
271,MOD-I6505
272,MOD-A4883
273,MOD-W3113
274,MOD-L6186
275,MOD-B2622
276,MOD-A8725
277,MOD-E5218
278,MOD-X4116
279,MOD-B5284
280,MOD-M2299
281,MOD-Y8962
282,MOD-M9950
283,MOD-C6778
284,MOD-F1094
285,MOD-H9135
286,MOD-E7418
287,MOD-K5048
288,MOD-K6900
289,MOD-I8229
290,MOD-F7945
291,MOD-R2756
292,MOD-O4716
293,MOD-K5322
294,MOD-B4358
295,MOD-W6117
296,MOD-R5136
297,MOD-F6338
298,MOD-I9466
299,MOD-V8934
300,MOD-V3727
301,MOD-E7085
302,MOD-Y2045
303,MOD-O8915
304,MOD-R7180
305,MOD-D5733
306,MOD-Y3418
307,MOD-G2758
308,MOD-H5999
309,MOD-B6408
310,MOD-T8150
311,MOD-I5474
312,MOD-O5045
313,MOD-P9492
314,MOD-L8887
315,MOD-G3180
316,MOD-E4761
317,MOD-Q9449
318,MOD-K7482
319,MOD-I8291
320,MOD-I5362
321,MOD-U7621
322,MOD-Y4392
323,MOD-Y3002
324,MOD-Z2525
325,MOD-D1982
326,MOD-R4826
327,MOD-D9501
328,MOD-E6245
329,MOD-T7368
330,MOD-G1598
331,MOD-U4170
332,MOD-K9091
333,MOD-Y4705
334,MOD-J3039
335,MOD-E1655
336,MOD-X8009
337,MOD-C9237
338,MOD-T1395
339,MOD-U1822
340,MOD-J4759
341,MOD-C7975
342,MOD-G6473
343,MOD-E8132
344,MOD-J6377
345,MOD-M8558
346,MOD-B8376
347,MOD-B5499
348,MOD-V5003
349,MOD-C2848
350,MOD-O6612
351,MOD-R5411
352,MOD-L4664
353,MOD-R3857
354,MOD-G2703
355,MOD-G6435
356,MOD-H5800
357,MOD-O9678
358,MOD-L6473
359,MOD-A1236
360,MOD-T5395
361,MOD-K5064
362,MOD-Y3816
363,MOD-Q6435
364,MOD-J2202
365,MOD-A1469
366,MOD-Q4127
367,MOD-A7948
368,MOD-O8544
369,MOD-R1328
370,MOD-Y5059
371,MOD-O7061
372,MOD-S8263
373,MOD-Q1347
374,MOD-F6527
375,MOD-Y1834
376,MOD-K3987
377,MOD-R8079
378,MOD-C8622
379,MOD-V2146
380,MOD-E7497
381,MOD-E6820
382,MOD-Q2104
383,MOD-C5582
384,MOD-E7465
385,MOD-I6425
386,MOD-T2817
387,MOD-Z9310
388,MOD-P1504
389,MOD-B5798
390,MOD-V4355
391,MOD-V3411
392,MOD-M1550
393,MOD-T1620
394,MOD-F4274
395,MOD-H4441
396,MOD-L4818
397,MOD-C9704
398,MOD-H2293
399,MOD-Y5031
400,MOD-F1160
401,MOD-K3468
402,MOD-I7000
403,MOD-I5540
404,MOD-O9468
405,MOD-B1197
406,MOD-L1165
407,MOD-W9970
408,MOD-I3706
409,MOD-N4004
410,MOD-Q8674
411,MOD-C4044
412,MOD-V7314
413,MOD-S2234
414,MOD-K4199
415,MOD-M7392
416,MOD-P1808
417,MOD-V1066
418,MOD-Q9627
419,MOD-N2879
420,MOD-L9226
421,MOD-N8164
422,MOD-U7497
423,MOD-N6023
424,MOD-Q8688
425,MOD-N5244
426,MOD-I4889
427,MOD-L7645
428,MOD-Z8797
429,MOD-Q2030
430,MOD-F9306
431,MOD-V4279
432,MOD-H9733
433,MOD-V2400
434,MOD-O2967
435,MOD-A5394
436,MOD-R8047
437,MOD-W9064
438,MOD-W2829
439,MOD-R7746
440,MOD-S7190
441,MOD-F1882
442,MOD-L9413
443,MOD-B2832
444,MOD-R2017
445,MOD-L3287
446,MOD-D4684
447,MOD-O4360
448,MOD-U2156
449,MOD-J1544
450,MOD-R5655
451,MOD-T9940
452,MOD-U8044
453,MOD-M3270
454,MOD-U2939
455,MOD-I9191
456,MOD-F1614
457,MOD-R3615
458,MOD-D1613
459,MOD-E4942
460,MOD-I1811
461,MOD-U1477
462,MOD-A9134
463,MOD-H5611
464,MOD-U5938
465,MOD-F7136
466,MOD-F8546
467,MOD-C2398
468,MOD-C4245
469,MOD-H8405
470,MOD-H6946
471,MOD-K8892
472,MOD-W1532
473,MOD-S6412
474,MOD-S8604
475,MOD-B3675
476,MOD-Q7220
477,MOD-J9994
478,MOD-B9499
479,MOD-G4081
480,MOD-L3290
481,MOD-J5736
482,MOD-D2034
483,MOD-S1056
484,MOD-L8786
485,MOD-E6363
486,MOD-V2684
487,MOD-C6089
488,MOD-C8412
489,MOD-A7118
490,MOD-T5865
491,MOD-D4738
492,MOD-V8177
493,MOD-R9476
494,MOD-O5511
495,MOD-D5898
496,MOD-P6298
497,MOD-Y1615
498,MOD-U9783
499,MOD-O3240
500,MOD-L1921
501,MOD-Y2509
502,MOD-Z7650
503,MOD-O6107
504,MOD-J4311
505,MOD-F2460
506,MOD-N3664
507,MOD-B9157
508,MOD-N5969
509,MOD-H3907
510,MOD-D7010
511,MOD-F6468
512,MOD-M4076
513,MOD-X2658
514,MOD-K7286
515,MOD-V3163
516,MOD-J8255
517,MOD-U3361
518,MOD-C6960
519,MOD-S6663
520,MOD-C5196
521,MOD-Y2538
522,MOD-C6921
523,MOD-A1381
524,MOD-A8221
525,MOD-F8469
526,MOD-D3506
527,MOD-D6442
528,MOD-A1257
529,MOD-R3524
530,MOD-L1422
531,MOD-T5008
532,MOD-H4896
533,MOD-V6085
534,MOD-D3240
535,MOD-K3577
536,MOD-T9199
537,MOD-I7561
538,MOD-W2232
539,MOD-H1443
540,MOD-H5229
541,MOD-E3471
542,MOD-S5558
543,MOD-E5454
544,MOD-J5073
545,MOD-G4369
546,MOD-P8182
547,MOD-F4408
548,MOD-H5121
549,MOD-O1122
550,MOD-T5127
551,MOD-B1972
552,MOD-O4103
553,MOD-V2675
554,MOD-O1939
555,MOD-N1691
556,MOD-E8435
557,MOD-X9552
558,MOD-G8480
559,MOD-M1077
560,MOD-V1769
561,MOD-C3306
562,MOD-G8390
563,MOD-V4906
564,MOD-U8688
565,MOD-C7542
566,MOD-L6938
567,MOD-E7253
568,MOD-N3788
569,MOD-E7948
570,MOD-H9375
571,MOD-E7406
572,MOD-B1379
573,MOD-K1668
574,MOD-C7625
575,MOD-T8972
576,MOD-L5646
577,MOD-S2060
578,MOD-Z7296
579,MOD-Y4270
580,MOD-L3680
581,MOD-S3425
582,MOD-L4261
583,MOD-Y8953
584,MOD-S3163
585,MOD-K3363
586,MOD-W5868
587,MOD-V8324
588,MOD-L4368
589,MOD-I6443
590,MOD-A6295
591,MOD-V4677
592,MOD-E3823
593,MOD-Y5515
594,MOD-B5977
595,MOD-A6214
596,MOD-D8214
597,MOD-S5491
598,MOD-G9192
599,MOD-P8577
600,MOD-L7596
601,MOD-S8483
602,MOD-P9340
603,MOD-C9714
604,MOD-O8026
605,MOD-C5324
606,MOD-I6224
607,MOD-T9340
608,MOD-D1443
609,MOD-R4504
610,MOD-R9414
611,MOD-L6162
612,MOD-K3250
613,MOD-M3424
614,MOD-W7774
615,MOD-J3612
616,MOD-M6686
617,MOD-C3427
618,MOD-N7688
619,MOD-C9439
620,MOD-B4965
621,MOD-O5870
622,MOD-M5729
623,MOD-X4174
624,MOD-H1618
625,MOD-J7990
626,MOD-L5740
627,MOD-B6307
628,MOD-W7060
629,MOD-C8381
630,MOD-G1216
631,MOD-C6767
632,MOD-Y1462
633,MOD-R6840
634,MOD-K3300
635,MOD-T5826
636,MOD-H2698
637,MOD-S8609
638,MOD-N5304
639,MOD-E6818
640,MOD-O5124
641,MOD-R1859
642,MOD-X3663
643,MOD-D9055
644,MOD-U4871
645,MOD-Z5625
646,MOD-H4951
647,MOD-H4963
648,MOD-K8516
649,MOD-S4593
650,MOD-L3802
651,MOD-B8528
652,MOD-W9489
653,MOD-A7066
654,MOD-Z6675
655,MOD-W2875
656,MOD-M4787
657,MOD-X6452
658,MOD-N2259
659,MOD-Q4180
660,MOD-K6460
661,MOD-P8548
662,MOD-I5725
663,MOD-L9454
664,MOD-J7665
665,MOD-P7378
666,MOD-X4788
667,MOD-Q7874
668,MOD-T5050
669,MOD-D8914
670,MOD-V1377
671,MOD-T2518
672,MOD-C9294
673,MOD-Z4868
674,MOD-V8317
675,MOD-O8102
676,MOD-H3069
677,MOD-Y7081
678,MOD-U3141
679,MOD-O6671
680,MOD-R4837
681,MOD-H5994
682,MOD-P7474
683,MOD-W9360
684,MOD-B4367
685,MOD-X8320
686,MOD-K1422
687,MOD-Y8423
688,MOD-Q6110
689,MOD-W1786
690,MOD-U3242
691,MOD-P2292
692,MOD-T9883
693,MOD-N2541
694,MOD-E1494
695,MOD-B7466
696,MOD-Z2223
697,MOD-G3742
698,MOD-Q7253
699,MOD-G6797
700,MOD-T3140
701,MOD-X1446
702,MOD-R1770
703,MOD-L1322
704,MOD-N4449
705,MOD-T5685
706,MOD-S7510
707,MOD-I7274
708,MOD-O5477
709,MOD-H4222
710,MOD-E5513
711,MOD-A5304
712,MOD-H4637
713,MOD-M1788
714,MOD-M7507
715,MOD-N6176
716,MOD-D4181
717,MOD-K3412
718,MOD-M8677
719,MOD-H8992
720,MOD-W2614
721,MOD-F8346
722,MOD-S5901
723,MOD-R5983
724,MOD-V2797
725,MOD-D8348
726,MOD-N7268
727,MOD-H5320
728,MOD-Y2223
729,MOD-K2504
730,MOD-D7859
731,MOD-P3342
732,MOD-Z9723
733,MOD-L1167
734,MOD-V3622
735,MOD-D8506
736,MOD-P6608
737,MOD-J7644
738,MOD-B6814
739,MOD-S8546
740,MOD-X8880
741,MOD-W8192
742,MOD-B8482
743,MOD-Z6820
744,MOD-H9318
745,MOD-B7769
746,MOD-T6435
747,MOD-F5770
748,MOD-K3064
749,MOD-Y4135
750,MOD-N3369
751,MOD-U5037
752,MOD-D2500
753,MOD-G4865
754,MOD-M5191
755,MOD-Z1052
756,MOD-A3396
757,MOD-N9469
758,MOD-O2494
759,MOD-T4913
760,MOD-U7849
761,MOD-E7305
762,MOD-F9632
763,MOD-Q2213
764,MOD-S5454
765,MOD-T1136
766,MOD-H1931
767,MOD-H5256
768,MOD-F1165
769,MOD-K7165
770,MOD-F3571
771,MOD-R2743
772,MOD-I2465
773,MOD-R6690
774,MOD-C9729
775,MOD-G2661
776,MOD-C5926
777,MOD-W2260
778,MOD-H2573
779,MOD-F8629
780,MOD-U1906
781,MOD-F7873
782,MOD-M5639
783,MOD-Q7883
784,MOD-E4305
785,MOD-O2250
786,MOD-W1126
787,MOD-E8426
788,MOD-U3971
789,MOD-M4472
790,MOD-D5542
791,MOD-W7565
792,MOD-L8339
793,MOD-C1963
794,MOD-T9190
795,MOD-F9231
796,MOD-I4595
797,MOD-I6678
798,MOD-U2141
799,MOD-G4811
800,MOD-Q8535
801,MOD-B6876
802,MOD-B5537
803,MOD-U2593
804,MOD-K4767
805,MOD-Z5633
806,MOD-I9227
807,MOD-E7926
808,MOD-W6935
809,MOD-N6417
810,MOD-O2814
811,MOD-U3289
812,MOD-D1105
813,MOD-H3957
814,MOD-X9596
815,MOD-Y6483
816,MOD-F6078
817,MOD-M2692
818,MOD-Z5895
819,MOD-N8051
820,MOD-S7342
821,MOD-V6225
822,MOD-B2518
823,MOD-N6717
824,MOD-M4150
825,MOD-C8439
826,MOD-D9544
827,MOD-V1192
828,MOD-S7183
829,MOD-Q7650
830,MOD-Z5417
831,MOD-E5686
832,MOD-H9625
833,MOD-G2553
834,MOD-A1909
835,MOD-D4935
836,MOD-U6533
837,MOD-X2760
838,MOD-L5028
839,MOD-O2047
840,MOD-C1322
841,MOD-I6746
842,MOD-T4180
843,MOD-A7395
844,MOD-Y1548
845,MOD-C9072
846,MOD-T6970
847,MOD-L6217
848,MOD-Y7647
849,MOD-U8168
850,MOD-M5032
851,MOD-Q1749
852,MOD-T9554
853,MOD-M1279
854,MOD-U8301
855,MOD-U1212
856,MOD-Y2305
857,MOD-Z5052
858,MOD-K3301
859,MOD-X1398
860,MOD-O9874
861,MOD-S2210
862,MOD-S5633
863,MOD-B7608
864,MOD-N9357
865,MOD-R4612
866,MOD-K2575
867,MOD-G5019
868,MOD-J6877
869,MOD-C1363
870,MOD-Z7985
871,MOD-M8816
872,MOD-J3272
873,MOD-F7330
874,MOD-N7683
875,MOD-F2535
876,MOD-R2185
877,MOD-Z2595
878,MOD-H9781
879,MOD-Y3194
880,MOD-F6936
881,MOD-I2371
882,MOD-R9978
883,MOD-Y5834
884,MOD-X2784
885,MOD-I2558
886,MOD-T4162
887,MOD-Q9593
888,MOD-O7424
889,MOD-Y4784
890,MOD-L1945
891,MOD-O6656
892,MOD-G1126
893,MOD-F1249
894,MOD-E3024
895,MOD-A6208
896,MOD-D5059
897,MOD-V5545
898,MOD-A8649
899,MOD-C9468
900,MOD-Q9443
901,MOD-N3855
902,MOD-Y1706
903,MOD-H2282
904,MOD-K6693
905,MOD-N6778
906,MOD-T8825
907,MOD-A3424
908,MOD-T6811
909,MOD-Q2460
910,MOD-Q4139
911,MOD-D3590
912,MOD-H3667
913,MOD-G6723
914,MOD-Y4443
915,MOD-L6418
916,MOD-C3171
917,MOD-G9929
918,MOD-Y4216
919,MOD-V6605
920,MOD-Y8768
921,MOD-X4746
922,MOD-V3144
923,MOD-Y6777
924,MOD-L9447
925,MOD-R1730
926,MOD-L8873
927,MOD-Q5086
928,MOD-A6791
929,MOD-J9934
930,MOD-W8178
931,MOD-N3780
932,MOD-A2929
933,MOD-W3863
934,MOD-O7420
935,MOD-Q7933
936,MOD-O6330
937,MOD-B7215
938,MOD-E9732
939,MOD-C1635
940,MOD-R9271
941,MOD-K5936
942,MOD-Z2730
943,MOD-F7896
944,MOD-G2492
945,MOD-J3008
946,MOD-E8835
947,MOD-P4060
948,MOD-W2494
949,MOD-S6258
950,MOD-I7531
951,MOD-I7108
952,MOD-T8025
953,MOD-G5065
954,MOD-D3818
955,MOD-O9570
956,MOD-O3013
957,MOD-C9312
958,MOD-F9225
959,MOD-B8482
960,MOD-F5181
961,MOD-G3027
962,MOD-H2039
963,MOD-H7460
964,MOD-R7682
965,MOD-H8780
966,MOD-I3233
967,MOD-G6011
968,MOD-M7382
969,MOD-T8488
970,MOD-O8197
971,MOD-C9884
972,MOD-I6775
973,MOD-K7795
974,MOD-J7303
975,MOD-X1514
976,MOD-H2144
977,MOD-Q1607
978,MOD-Z6653
979,MOD-W5216
980,MOD-I2918
981,MOD-T4562
982,MOD-H7796
983,MOD-M1435
984,MOD-A3453
985,MOD-H1556
986,MOD-S8608
987,MOD-Y6418
988,MOD-Z7929
989,MOD-W2111
990,MOD-B1804
991,MOD-X8982
992,MOD-D6932
993,MOD-B7933
994,MOD-B7437
995,MOD-O3668
996,MOD-Y1596
997,MOD-K2689
998,MOD-B4895
999,MOD-S2283
1000,MOD-P3159
1001,MOD-I6288
1002,MOD-F7724
1003,MOD-V9385
1004,MOD-X8590
1005,MOD-F2321
1006,MOD-R1733
1007,MOD-J9304
1008,MOD-N8281
1009,MOD-S9596
1010,MOD-K8590
1011,MOD-F5471
1012,MOD-A5974
1013,MOD-O7156
1014,MOD-D7563
1015,MOD-K4730
1016,MOD-F3293
1017,MOD-G9564
1018,MOD-U5129
1019,MOD-C3237
1020,MOD-S4732
1021,MOD-G6694
1022,MOD-Y9252
1023,MOD-R2104
1024,MOD-Q4429
1025,MOD-Z1226
1026,MOD-K9393
1027,MOD-J7076
1028,MOD-C8162
1029,MOD-R8230
1030,MOD-P1054
1031,MOD-A8752
1032,MOD-J6612
1033,MOD-D3776
1034,MOD-T1747
1035,MOD-M5961
1036,MOD-B7559
1037,MOD-I1283
1038,MOD-D2994
1039,MOD-R6741
1040,MOD-J3212
1041,MOD-K5813
1042,MOD-M4396
1043,MOD-K6674
1044,MOD-W9113
1045,MOD-N9509
1046,MOD-I9174
1047,MOD-T6102
1048,MOD-J2264
1049,MOD-R6201
1050,MOD-W1716
1051,MOD-R6474
1052,MOD-T2185
1053,MOD-W9423
1054,MOD-X7358
1055,MOD-U1435
1056,MOD-O5431
1057,MOD-W4927
1058,MOD-W8307
1059,MOD-D2577
1060,MOD-V9877
1061,MOD-I3331
1062,MOD-Q5559
1063,MOD-H9698
1064,MOD-H4469
1065,MOD-A3609
1066,MOD-N4281
1067,MOD-T7190
1068,MOD-K2778
1069,MOD-U3658
1070,MOD-P2188
1071,MOD-Z6980
1072,MOD-F8070
1073,MOD-E1534
1074,MOD-Z1878
1075,MOD-J8998
1076,MOD-G7362
1077,MOD-O4100
1078,MOD-O3222
1079,MOD-B5009
1080,MOD-S7152
1081,MOD-L5530
1082,MOD-H8210
1083,MOD-Z3589
1084,MOD-T8572
1085,MOD-G3341
1086,MOD-L8646
1087,MOD-T1510
1088,MOD-L5423
1089,MOD-P9172
1090,MOD-N8397
1091,MOD-L1419
1092,MOD-T1656
1093,MOD-X9999
1094,MOD-Q1119
1095,MOD-Z2911
1096,MOD-O5557
1097,MOD-W6243
1098,MOD-M9931
1099,MOD-R3359
1100,MOD-K8188
1101,MOD-D5591
1102,MOD-F8137
1103,MOD-W7140
1104,MOD-A2721
1105,MOD-F3258
1106,MOD-S1834
1107,MOD-V9709
1108,MOD-G5314
1109,MOD-M3178
1110,MOD-I1249
1111,MOD-E7179
1112,MOD-F8874
1113,MOD-R5185
1114,MOD-B4752
1115,MOD-O8264
1116,MOD-I9708
1117,MOD-F1431
1118,MOD-T8230
1119,MOD-H4818
1120,MOD-V2156
1121,MOD-M2048
1122,MOD-B6227
1123,MOD-C7752
1124,MOD-W8394
1125,MOD-D6073
1126,MOD-L5051
1127,MOD-K7774
1128,MOD-T7770
1129,MOD-H1045
1130,MOD-A1208
1131,MOD-D4490
1132,MOD-H4015
1133,MOD-F1637
1134,MOD-F8291
1135,MOD-Z9506
1136,MOD-Y3956
1137,MOD-T9267
1138,MOD-J3283
1139,MOD-W1337
1140,MOD-T5515
1141,MOD-M1419
1142,MOD-B6536
1143,MOD-I5568
1144,MOD-A8661
1145,MOD-K7131
1146,MOD-B5926
1147,MOD-H3291
1148,MOD-B5855
1149,MOD-F9061
1150,MOD-B6214
1151,MOD-N8251
1152,MOD-K7754
1153,MOD-L9908
1154,MOD-H1284
1155,MOD-G7145
1156,MOD-G7496
1157,MOD-A2867
1158,MOD-O5307
1159,MOD-N6757
1160,MOD-Y8561
1161,MOD-G5757
1162,MOD-G9010
1163,MOD-E2560
1164,MOD-I2023
1165,MOD-F4069
1166,MOD-T6658
1167,MOD-L7794
1168,MOD-E2438
1169,MOD-D5142
1170,MOD-Y6070
1171,MOD-M5328
1172,MOD-K2201
1173,MOD-Z4198
1174,MOD-P8388
1175,MOD-N8178
1176,MOD-T8741
1177,MOD-G7045
1178,MOD-X3235
1179,MOD-S5221
1180,MOD-S5666
1181,MOD-N2087
1182,MOD-V4289
1183,MOD-X5163
1184,MOD-Z5242
1185,MOD-B4634
1186,MOD-F7195
1187,MOD-Y7113
1188,MOD-B1256
1189,MOD-C9068
1190,MOD-C1800
1191,MOD-N4565
1192,MOD-X7477
1193,MOD-I2792
1194,MOD-E4859
1195,MOD-I2214
1196,MOD-G9598
1197,MOD-F6938
1198,MOD-I4413
1199,MOD-Z4416
1200,MOD-U8401
1201,MOD-D4283
1202,MOD-S4003
1203,MOD-E2839
1204,MOD-O6736
1205,MOD-Z7691
1206,MOD-W8460
1207,MOD-P3655
1208,MOD-Y4646
1209,MOD-B1773
1210,MOD-E8843
1211,MOD-X3850
1212,MOD-F9528
1213,MOD-L5758
1214,MOD-Z4447
1215,MOD-U8031
1216,MOD-J2180
1217,MOD-J2675
1218,MOD-G4790
1219,MOD-G9611
1220,MOD-S4666
1221,MOD-G6967
1222,MOD-A7165
1223,MOD-C9178
1224,MOD-A5933
1225,MOD-R8313
1226,MOD-X7176
1227,MOD-X9611
1228,MOD-W8126
1229,MOD-U4193
1230,MOD-E6516
1231,MOD-R1957
1232,MOD-Y9745
1233,MOD-X7995
1234,MOD-G5804
1235,MOD-G6642
1236,MOD-W5273
1237,MOD-G4591
1238,MOD-V2904
1239,MOD-F9968
1240,MOD-F2927
1241,MOD-E3987
1242,MOD-C9741
1243,MOD-G8959
1244,MOD-E7176
1245,MOD-Y1709
1246,MOD-U4049
1247,MOD-S9330
1248,MOD-Q9782
1249,MOD-N1566
1250,MOD-H5186
1251,MOD-X8659
1252,MOD-O4117
1253,MOD-Q1966
1254,MOD-Q8885
1255,MOD-M2914
1256,MOD-F7591
1257,MOD-F3577
1258,MOD-U2527
1259,MOD-X7490
1260,MOD-Q8931
1261,MOD-A1805
1262,MOD-H4919
1263,MOD-I9563
1264,MOD-U9787
1265,MOD-K6441
1266,MOD-D4135
1267,MOD-O7444
1268,MOD-V2448
1269,MOD-P8534
1270,MOD-O2694
1271,MOD-N7526
1272,MOD-P6721
1273,MOD-L8777
1274,MOD-Y2363
1275,MOD-O9648
1276,MOD-T5190
1277,MOD-I4659
1278,MOD-Q1563
1279,MOD-N7389
1280,MOD-W2879
1281,MOD-I5992
1282,MOD-T1146
1283,MOD-Y5649
1284,MOD-Q1097
1285,MOD-V9186
1286,MOD-X4500
1287,MOD-Z1015
1288,MOD-V1598
1289,MOD-Q5146
1290,MOD-Q9677
1291,MOD-V3407
1292,MOD-A4369
1293,MOD-T7820
1294,MOD-V6266
1295,MOD-G6416
1296,MOD-J1868
1297,MOD-O5202
1298,MOD-D4891
1299,MOD-T7534
1300,MOD-W8068
1301,MOD-X6957
1302,MOD-Q7827
1303,MOD-W7985
1304,MOD-M6441
1305,MOD-F7319
1306,MOD-T5939
1307,MOD-W5099
1308,MOD-H8701
1309,MOD-O4560
1310,MOD-F4132
1311,MOD-D4074
1312,MOD-C7004
1313,MOD-O3094
1314,MOD-T9742
1315,MOD-I8336
1316,MOD-Z2997
1317,MOD-K7228
1318,MOD-H8431
1319,MOD-O2158
1320,MOD-M2562
1321,MOD-C4305
1322,MOD-X7266
1323,MOD-R5492
1324,MOD-D6209
1325,MOD-X9708
1326,MOD-L6539
1327,MOD-Z1136
1328,MOD-A8502
1329,MOD-E3770
1330,MOD-G4819
1331,MOD-Y6523
1332,MOD-X1564
1333,MOD-N6650
1334,MOD-W5703
1335,MOD-F5507
1336,MOD-K2933
1337,MOD-M2719
1338,MOD-A7025
1339,MOD-C6787
1340,MOD-A2353
1341,MOD-B5446
1342,MOD-C5842
1343,MOD-Q4749
1344,MOD-N2960
1345,MOD-U2066
1346,MOD-T9235
1347,MOD-Y8106
1348,MOD-H3887
1349,MOD-H5246
1350,MOD-T2257
1351,MOD-S5887
1352,MOD-A6121
1353,MOD-Z2522
1354,MOD-I2631
1355,MOD-T2744
1356,MOD-Q3354
1357,MOD-G3151
1358,MOD-F1640
1359,MOD-V2052
1360,MOD-A8466
1361,MOD-H1140
1362,MOD-K8524
1363,MOD-Y6404
1364,MOD-I6657
1365,MOD-W3549
1366,MOD-T4820
1367,MOD-J6152
1368,MOD-C7571
1369,MOD-T1997
1370,MOD-F8472
1371,MOD-J4841
1372,MOD-Q9546
1373,MOD-O4070
1374,MOD-I6569
1375,MOD-Q8215
1376,MOD-H4311
1377,MOD-C2754
1378,MOD-H5149
1379,MOD-Y1483
1380,MOD-F4217
1381,MOD-H7154
1382,MOD-B2843
1383,MOD-Z5226
1384,MOD-P2042
1385,MOD-B5151
1386,MOD-S3120
1387,MOD-B1967
1388,MOD-X5280
1389,MOD-X2118
1390,MOD-N8455
1391,MOD-P9906
1392,MOD-J2762
1393,MOD-V4273
1394,MOD-K7720
1395,MOD-C1360
1396,MOD-U2087
1397,MOD-X7086
1398,MOD-V3644
1399,MOD-P5498
1400,MOD-J9216
1401,MOD-F2807
1402,MOD-K2394
1403,MOD-W5636
1404,MOD-B2935
1405,MOD-F5661
1406,MOD-E8352
1407,MOD-X9559
1408,MOD-Z1179
1409,MOD-E6030
1410,MOD-H6982
1411,MOD-H3834
1412,MOD-P3620
1413,MOD-W1762
1414,MOD-W3433
1415,MOD-H1966
1416,MOD-Z8224
1417,MOD-C2633
1418,MOD-X9181
1419,MOD-Y3959
1420,MOD-P9447
1421,MOD-E3078
1422,MOD-W4114
1423,MOD-S1768
1424,MOD-R1418
1425,MOD-U7476
1426,MOD-J5673
1427,MOD-Y6619
1428,MOD-Q8888
1429,MOD-W7157
1430,MOD-I5468
1431,MOD-A2888
1432,MOD-I3998
1433,MOD-H3019
1434,MOD-D5560
1435,MOD-P8426
1436,MOD-A9688
1437,MOD-Z8347
1438,MOD-O1618
1439,MOD-D4009
1440,MOD-M4872
1441,MOD-F8823
1442,MOD-F5088
1443,MOD-N7583
1444,MOD-L7947
1445,MOD-Y7778
1446,MOD-I5069
1447,MOD-P6632
1448,MOD-K3507
1449,MOD-I3463
1450,MOD-N7433
1451,MOD-X6268
1452,MOD-N3902
1453,MOD-G8558
1454,MOD-E9041
1455,MOD-O7396
1456,MOD-I8758
1457,MOD-K9760
1458,MOD-U3938
1459,MOD-M3551
1460,MOD-T7683
1461,MOD-D3029
1462,MOD-U8928
1463,MOD-I4747
1464,MOD-E9695
1465,MOD-T3646
1466,MOD-N5168
1467,MOD-H4063
1468,MOD-F1705
1469,MOD-P9889
1470,MOD-T7907
1471,MOD-P4970
1472,MOD-O1949
1473,MOD-U2179
1474,MOD-F4007
1475,MOD-L5719
1476,MOD-I4752
1477,MOD-Q2171
1478,MOD-X2796
1479,MOD-Y1781
1480,MOD-K7865
1481,MOD-B1029
1482,MOD-L3059
1483,MOD-C8006
1484,MOD-V6107
1485,MOD-J2489
1486,MOD-G4895
1487,MOD-R4987
1488,MOD-X9228
1489,MOD-Q5943
1490,MOD-R9478
1491,MOD-K7450
1492,MOD-K9266
1493,MOD-B4246
1494,MOD-N2815
1495,MOD-X5106
1496,MOD-Q3512
1497,MOD-C5098
1498,MOD-H3802
1499,MOD-R9681
1500,MOD-Q2941
1501,MOD-K4992
1502,MOD-C8412
1503,MOD-Q4123
1504,MOD-V5136
1505,MOD-Q9395
1506,MOD-D3408
1507,MOD-X5570
1508,MOD-Y3311
1509,MOD-H4102
1510,MOD-U6147
1511,MOD-Q7624
1512,MOD-V3864
1513,MOD-S7379
1514,MOD-Z9465
1515,MOD-C7789
1516,MOD-G1516
1517,MOD-V4770
1518,MOD-F2998
1519,MOD-X3339
1520,MOD-K6774
1521,MOD-L7039
1522,MOD-U7234
1523,MOD-T1446
1524,MOD-M3017
1525,MOD-D6688
1526,MOD-P1176
1527,MOD-Q5851
1528,MOD-Y5751
1529,MOD-C5042
1530,MOD-F7790
1531,MOD-A4015
1532,MOD-G8026
1533,MOD-J9171
1534,MOD-C5740
1535,MOD-U7186
1536,MOD-F8279
1537,MOD-L7927
1538,MOD-Q6945
1539,MOD-S9560
1540,MOD-P4002
1541,MOD-D3169
1542,MOD-R6198
1543,MOD-R8013
1544,MOD-Y6731
1545,MOD-A1135
1546,MOD-Y7217
1547,MOD-I4693
1548,MOD-L3735
1549,MOD-L5290
1550,MOD-J7733
1551,MOD-U4225
1552,MOD-X5676
1553,MOD-B4708
1554,MOD-G7135
1555,MOD-B3625
1556,MOD-H8472
1557,MOD-J5044
1558,MOD-Y5657
1559,MOD-V6730
1560,MOD-P9281
1561,MOD-K5873
1562,MOD-A1879
1563,MOD-E2048
1564,MOD-A1792
1565,MOD-M5961
1566,MOD-O7103
1567,MOD-J5528
1568,MOD-F6936
1569,MOD-D7347
1570,MOD-K4393
1571,MOD-X4155
1572,MOD-P6508
1573,MOD-A4760
1574,MOD-G3151
1575,MOD-G3260
1576,MOD-F6901
1577,MOD-Q5426
1578,MOD-B1418
1579,MOD-J8967
1580,MOD-M7438
1581,MOD-X5143
1582,MOD-U4964
1583,MOD-D1837
1584,MOD-J9829
1585,MOD-T5570
1586,MOD-Y8048
1587,MOD-G5841
1588,MOD-W4746
1589,MOD-U7346
1590,MOD-A9930
1591,MOD-Q3352
1592,MOD-Q3677
1593,MOD-N6405
1594,MOD-L1254
1595,MOD-C5816
1596,MOD-L1858
1597,MOD-T2969
1598,MOD-H4919
1599,MOD-J4997
1600,MOD-I2983
1601,MOD-S9227
1602,MOD-X2908
1603,MOD-U7317
1604,MOD-V8384
1605,MOD-H6064
1606,MOD-W8370
1607,MOD-Y6798
1608,MOD-F1555
1609,MOD-N7625
1610,MOD-E2491
1611,MOD-K4481
1612,MOD-S4745
1613,MOD-E9567
1614,MOD-X4333
1615,MOD-N3351
1616,MOD-I9268
1617,MOD-I8803
1618,MOD-F2878
1619,MOD-X2258
1620,MOD-C1768
1621,MOD-B9542
1622,MOD-O5034
1623,MOD-G3024
1624,MOD-A9709
1625,MOD-U7782
1626,MOD-M2464
1627,MOD-X8933
1628,MOD-G5778
1629,MOD-Y8439
1630,MOD-M9300
1631,MOD-C7082
1632,MOD-C3230
1633,MOD-Z2975
1634,MOD-W1903
1635,MOD-Q3808
1636,MOD-D3892
1637,MOD-W8553
1638,MOD-S5809
1639,MOD-U4754
1640,MOD-R1948
1641,MOD-M7132
1642,MOD-Z3534
1643,MOD-S9329
1644,MOD-F7098
1645,MOD-T7337
1646,MOD-D9775
1647,MOD-K1683
1648,MOD-V7054
1649,MOD-U9052
1650,MOD-T7787
1651,MOD-P3634
1652,MOD-H1254
1653,MOD-Z9903
1654,MOD-U4922
1655,MOD-I8902
1656,MOD-Z2680
1657,MOD-W4519
1658,MOD-C3709
1659,MOD-H4834
1660,MOD-K3862
1661,MOD-R2149
1662,MOD-U1310
1663,MOD-B9333
1664,MOD-J7373
1665,MOD-J2447
1666,MOD-H4252
1667,MOD-W1790
1668,MOD-G7872
1669,MOD-O5683
1670,MOD-Y4462
1671,MOD-M6754
1672,MOD-E3377
1673,MOD-D6515
1674,MOD-Y8516
1675,MOD-C8532
1676,MOD-L5643
1677,MOD-R6959
1678,MOD-Z2317
1679,MOD-I2640
1680,MOD-G2680
1681,MOD-B6926
1682,MOD-J7390
1683,MOD-X8640
1684,MOD-H2897
1685,MOD-U1533
1686,MOD-H8536
1687,MOD-H9985
1688,MOD-A3848
1689,MOD-H5405
1690,MOD-Y7846
1691,MOD-Z9274
1692,MOD-K1276
1693,MOD-O8731
1694,MOD-M4990
1695,MOD-Z2909
1696,MOD-P4796
1697,MOD-E3445
1698,MOD-E7122
1699,MOD-F8126
1700,MOD-G7788
1701,MOD-R7396
1702,MOD-H1601
1703,MOD-N4014
1704,MOD-C4137
1705,MOD-Y9439
1706,MOD-Z8496
1707,MOD-T5623
1708,MOD-V5480
1709,MOD-I4899
1710,MOD-E7107
1711,MOD-M2670
1712,MOD-V9301
1713,MOD-V3963
1714,MOD-W9721
1715,MOD-J3570
1716,MOD-H1707
1717,MOD-R4290
1718,MOD-S1825
1719,MOD-D6902
1720,MOD-Y5511
1721,MOD-O7378
1722,MOD-A1398
1723,MOD-A9625
1724,MOD-X2871
1725,MOD-I3892
1726,MOD-M7524
1727,MOD-M6011
1728,MOD-L6076
1729,MOD-C1682
1730,MOD-D7249
1731,MOD-N1020
1732,MOD-V4584
1733,MOD-K1835
1734,MOD-U4985
1735,MOD-K3258
1736,MOD-E5290
1737,MOD-C3983
1738,MOD-Q6771
1739,MOD-K2796
1740,MOD-O2496
1741,MOD-E9340
1742,MOD-Z6448
1743,MOD-W9502
1744,MOD-P1262
1745,MOD-Z7050
1746,MOD-Q1034
1747,MOD-Q1323
1748,MOD-X5830
1749,MOD-B3647
1750,MOD-L2232
1751,MOD-M5068
1752,MOD-L5238
1753,MOD-T3330
1754,MOD-Y1562
1755,MOD-V8471
1756,MOD-G7107
1757,MOD-H6182
1758,MOD-C8599
1759,MOD-E9082
1760,MOD-L2603
1761,MOD-M8660
1762,MOD-K3831
1763,MOD-L1264
1764,MOD-S8863
1765,MOD-F1028
1766,MOD-R6189
1767,MOD-N9235
1768,MOD-H8631
1769,MOD-Q4433
1770,MOD-S8724
1771,MOD-C8927
1772,MOD-P7351
1773,MOD-N5005
1774,MOD-F4893
1775,MOD-J7243
1776,MOD-P5823
1777,MOD-B9293
1778,MOD-M6029
1779,MOD-R6801
1780,MOD-P5803
1781,MOD-E3888
1782,MOD-X8643
1783,MOD-L6215
1784,MOD-I3804
1785,MOD-S3797
1786,MOD-M4233
1787,MOD-B1379
1788,MOD-B8502
1789,MOD-F3514
1790,MOD-B5507
1791,MOD-P6136
1792,MOD-Y4769
1793,MOD-U4503
1794,MOD-Y1280
1795,MOD-G5672
1796,MOD-P2697
1797,MOD-M8237
1798,MOD-W8972
1799,MOD-V5009
1800,MOD-P4219
1801,MOD-X6696
1802,MOD-G5862
1803,MOD-J6480
1804,MOD-E7139
1805,MOD-O7104
1806,MOD-M7302
1807,MOD-V5921
1808,MOD-E8603
1809,MOD-F6132
1810,MOD-W4740
1811,MOD-T6136
1812,MOD-U5316
1813,MOD-C2396
1814,MOD-C7461
1815,MOD-C4572
1816,MOD-L3498
1817,MOD-V8059
1818,MOD-L4668
1819,MOD-U7030
1820,MOD-O1252
1821,MOD-H6770
1822,MOD-B9899
1823,MOD-U1610
1824,MOD-T6436
1825,MOD-G3640
1826,MOD-M2385
1827,MOD-K5388
1828,MOD-K3605
1829,MOD-O3329
1830,MOD-J9040
1831,MOD-K2889
1832,MOD-U3476
1833,MOD-E4042
1834,MOD-N2179
1835,MOD-R8746
1836,MOD-N2162
1837,MOD-O3429
1838,MOD-N5436
1839,MOD-T1046
1840,MOD-P8300
1841,MOD-C2801
1842,MOD-W2622
1843,MOD-R9448
1844,MOD-N5473
1845,MOD-K6650
1846,MOD-R2661
1847,MOD-Z5393
1848,MOD-Y1291
1849,MOD-Q4324
1850,MOD-T6522
1851,MOD-X2135
1852,MOD-H2137
1853,MOD-P1132
1854,MOD-R9192
1855,MOD-I1257
1856,MOD-B1031
1857,MOD-G9762
1858,MOD-D2462
1859,MOD-M9604
1860,MOD-B5799
1861,MOD-E1197
1862,MOD-P1131
1863,MOD-Q9299
1864,MOD-B1275
1865,MOD-G8732
1866,MOD-M2227
1867,MOD-D7328
1868,MOD-S3118
1869,MOD-Q5030
1870,MOD-X5220
1871,MOD-M2048
1872,MOD-O2167
1873,MOD-M1559
1874,MOD-L8204
1875,MOD-V1692
1876,MOD-B1216
1877,MOD-M7206
1878,MOD-R1207
1879,MOD-I1062
1880,MOD-B1748
1881,MOD-D6737
1882,MOD-H4009
1883,MOD-R2890
1884,MOD-E2984
1885,MOD-L6446
1886,MOD-T9148
1887,MOD-N3501
1888,MOD-B9331
1889,MOD-V6216
1890,MOD-F7608
1891,MOD-W8541
1892,MOD-Q8540
1893,MOD-N6059
1894,MOD-E7722
1895,MOD-I2397
1896,MOD-R8685
1897,MOD-H7545
1898,MOD-L7018
1899,MOD-J1565
1900,MOD-U7829
1901,MOD-J9115
1902,MOD-M5783
1903,MOD-G4966
1904,MOD-F2795
1905,MOD-P3449
1906,MOD-Y1511
1907,MOD-K6395
1908,MOD-A2922
1909,MOD-P6122
1910,MOD-Z8107
1911,MOD-B6500
1912,MOD-J9788
1913,MOD-M3043
1914,MOD-Y4757
1915,MOD-X9770
1916,MOD-O6549
1917,MOD-G8666
1918,MOD-F1291
1919,MOD-D7832
1920,MOD-H9001
1921,MOD-B8006
1922,MOD-K3456
1923,MOD-J7332
1924,MOD-R8589
1925,MOD-S3458
1926,MOD-L1972
1927,MOD-T3616
1928,MOD-N2519
1929,MOD-C8681
1930,MOD-C7217
1931,MOD-W7820
1932,MOD-N6852
1933,MOD-E3628
1934,MOD-D2803
1935,MOD-V5328
1936,MOD-G6368
1937,MOD-A9039
1938,MOD-I6823
1939,MOD-Q5365
1940,MOD-I8310
1941,MOD-T4282
1942,MOD-Y5411
1943,MOD-P9747
1944,MOD-B6670
1945,MOD-A6655
1946,MOD-R8870
1947,MOD-N8778
1948,MOD-P3971
1949,MOD-R6277
1950,MOD-W1806
1951,MOD-S8520
1952,MOD-V1522
1953,MOD-D3498
1954,MOD-J7169
1955,MOD-G6281
1956,MOD-S6164
1957,MOD-Y4287
1958,MOD-P4345
1959,MOD-L1160
1960,MOD-V1030
1961,MOD-P9154
1962,MOD-O4902
1963,MOD-A4722
1964,MOD-P5517
1965,MOD-B3861
1966,MOD-R4795
1967,MOD-G1009
1968,MOD-C8978
1969,MOD-H2699
1970,MOD-K1178
1971,MOD-L5861
1972,MOD-K3294
1973,MOD-D2725
1974,MOD-X9189
1975,MOD-S8784
1976,MOD-A6722
1977,MOD-F4160
1978,MOD-S6593
1979,MOD-U5901
1980,MOD-J3495
1981,MOD-W8209
1982,MOD-S2815
1983,MOD-C3579
1984,MOD-S8440
1985,MOD-T1491
1986,MOD-Z2430
1987,MOD-D3921
1988,MOD-Q9683
1989,MOD-D1199
1990,MOD-H8546
1991,MOD-L9523
1992,MOD-K9490
1993,MOD-P5028
1994,MOD-T7296
1995,MOD-H7657
1996,MOD-I5036
1997,MOD-H7950
1998,MOD-X6728
1999,MOD-K8937
2000,MOD-A7537
2001,MOD-Z4009
2002,MOD-J3936
2003,MOD-P7567
2004,MOD-A5230
2005,MOD-P2071
2006,MOD-N6942
2007,MOD-Y1260
2008,MOD-J8780
2009,MOD-K8228
2010,MOD-H5184
2011,MOD-N6662
2012,MOD-A3743
2013,MOD-Q2880
2014,MOD-B7916
2015,MOD-K5908
2016,MOD-X1448
2017,MOD-B3548
2018,MOD-T8154
2019,MOD-Z8918
2020,MOD-X3319
2021,MOD-O8049
2022,MOD-G2132
2023,MOD-N9237
2024,MOD-Q4444
2025,MOD-M9886
2026,MOD-I1859
2027,MOD-G7352
2028,MOD-N3811
2029,MOD-P6470
2030,MOD-K8382
2031,MOD-Z2757
2032,MOD-N1756
2033,MOD-K7772
2034,MOD-U2642
2035,MOD-L8208
2036,MOD-J5313
2037,MOD-V5265
2038,MOD-P1061
2039,MOD-Y3005
2040,MOD-V9942
2041,MOD-V6700
2042,MOD-I1416
2043,MOD-H6254
2044,MOD-F2526
2045,MOD-D8334
2046,MOD-Y1282
2047,MOD-M4723
2048,MOD-H9229
2049,MOD-K2355
2050,MOD-Z8289
2051,MOD-H4658
2052,MOD-A2398
2053,MOD-N2773
2054,MOD-S2514
2055,MOD-B9062
2056,MOD-N9430
2057,MOD-R3396
2058,MOD-I4236
2059,MOD-B6887
2060,MOD-D2412
2061,MOD-O7612
2062,MOD-X3091
2063,MOD-X1850
2064,MOD-I6863
2065,MOD-W5489
2066,MOD-S7967
2067,MOD-K7875
2068,MOD-F3899
2069,MOD-J1120
2070,MOD-P7879
2071,MOD-B5135
2072,MOD-Q1964
2073,MOD-E6763
2074,MOD-K3733
2075,MOD-H3125
2076,MOD-C5564
2077,MOD-T6384
2078,MOD-B9857
2079,MOD-G7939
2080,MOD-G3395
2081,MOD-I8875
2082,MOD-L3795
2083,MOD-R8479
2084,MOD-J2341
2085,MOD-I5482
2086,MOD-B8145
2087,MOD-T4447
2088,MOD-E3170
2089,MOD-Q6093
2090,MOD-S4660
2091,MOD-S3726
2092,MOD-O1333
2093,MOD-N2253
2094,MOD-L7071
2095,MOD-P8775
2096,MOD-T7668
2097,MOD-F1966
2098,MOD-E8323
2099,MOD-I8062
2100,MOD-K1509
2101,MOD-B1025
2102,MOD-D5312
2103,MOD-D6677
2104,MOD-C8934
2105,MOD-L4916
2106,MOD-J7108
2107,MOD-W2250
2108,MOD-I4496
2109,MOD-P1310
2110,MOD-N7123
2111,MOD-V2348
2112,MOD-B6182
2113,MOD-B4321
2114,MOD-Q4932
2115,MOD-F7959
2116,MOD-G5696
2117,MOD-H2940
2118,MOD-G8931
2119,MOD-W8180
2120,MOD-Y7600
2121,MOD-F9334
2122,MOD-E5962
2123,MOD-N5728
2124,MOD-Y9992
2125,MOD-L5607
2126,MOD-Z9751
2127,MOD-W7434
2128,MOD-K1767
2129,MOD-D3622
2130,MOD-X4398
2131,MOD-O1552
2132,MOD-P5463
2133,MOD-C6870
2134,MOD-P2184
2135,MOD-Q8468
2136,MOD-N4519
2137,MOD-R9857
2138,MOD-S2297
2139,MOD-N1968
2140,MOD-E2172
2141,MOD-X7260
2142,MOD-Z1175
2143,MOD-U4439
2144,MOD-K5325
2145,MOD-A6520
2146,MOD-H4505
2147,MOD-U6003
2148,MOD-O3971
2149,MOD-S3935
2150,MOD-A1135
2151,MOD-C2543
2152,MOD-Q1233
2153,MOD-E2773
2154,MOD-A4185
2155,MOD-L9098
2156,MOD-A5342
2157,MOD-D3773
2158,MOD-H9800
2159,MOD-M5720
2160,MOD-L4982
2161,MOD-U7584
2162,MOD-C8471
2163,MOD-N7714
2164,MOD-I1823
2165,MOD-O6271
2166,MOD-R7188
2167,MOD-M9998
2168,MOD-C5194
2169,MOD-I3988
2170,MOD-H2542
2171,MOD-B2938
2172,MOD-U2100
2173,MOD-S7216
2174,MOD-R1629
2175,MOD-N3651
2176,MOD-V2269
2177,MOD-N1611
2178,MOD-I6156
2179,MOD-W1867
2180,MOD-V2623
2181,MOD-Z5294
2182,MOD-P9244
2183,MOD-X9785
2184,MOD-H6748
2185,MOD-L1567
2186,MOD-I2170
2187,MOD-M2494
2188,MOD-S8344
2189,MOD-E7465
2190,MOD-Q4948
2191,MOD-T6917
2192,MOD-R7657
2193,MOD-W1122
2194,MOD-S4568
2195,MOD-C3142
2196,MOD-U1595
2197,MOD-L2075
2198,MOD-F5447
2199,MOD-H3683
2200,MOD-I8548
2201,MOD-S4192
2202,MOD-O6490
2203,MOD-L3021
2204,MOD-Q3238
2205,MOD-W8850
2206,MOD-H6345
2207,MOD-X7774
2208,MOD-X3628
2209,MOD-H1982
2210,MOD-G8130
2211,MOD-H8826
2212,MOD-D3729
2213,MOD-N3682
2214,MOD-C3710
2215,MOD-T7839
2216,MOD-I6600
2217,MOD-A5175
2218,MOD-E6702
2219,MOD-X3375
2220,MOD-Y8905
2221,MOD-C2774
2222,MOD-M4627
2223,MOD-O7846
2224,MOD-X1071
2225,MOD-P3246
2226,MOD-K6700
2227,MOD-W3736
2228,MOD-V4292
2229,MOD-A4223
2230,MOD-T3161
2231,MOD-H2218
2232,MOD-Y6243
2233,MOD-X7184
2234,MOD-H8274
2235,MOD-X6196
2236,MOD-E8392
2237,MOD-Q6775
2238,MOD-B9556
2239,MOD-Y7505
2240,MOD-V4185
2241,MOD-X4198
2242,MOD-I5262
2243,MOD-V1301
2244,MOD-E9987
2245,MOD-N2139
2246,MOD-V7730
2247,MOD-Q8328
2248,MOD-Q3431
2249,MOD-A8863
2250,MOD-U7750
2251,MOD-B8597
2252,MOD-F3362
2253,MOD-Q6206
2254,MOD-G8419
2255,MOD-M7905
2256,MOD-W7674
2257,MOD-Z1979
2258,MOD-I7637
2259,MOD-I2912
2260,MOD-U8590
2261,MOD-H2857
2262,MOD-Y2011
2263,MOD-U6677
2264,MOD-A3305
2265,MOD-O6291
2266,MOD-S8610
2267,MOD-Z7749
2268,MOD-P7787
2269,MOD-G8913
2270,MOD-K8650
2271,MOD-S8882
2272,MOD-M1085
2273,MOD-Y3423
2274,MOD-M5028
2275,MOD-K3147
2276,MOD-B3575
2277,MOD-R5142
2278,MOD-M2954
2279,MOD-U5652
2280,MOD-Z7419
2281,MOD-L3111
2282,MOD-G5137
2283,MOD-U2320
2284,MOD-H1766
2285,MOD-K9166
2286,MOD-H3916
2287,MOD-M9683
2288,MOD-G8837
2289,MOD-A2542
2290,MOD-Q4868
2291,MOD-A6376
2292,MOD-D4846
2293,MOD-A4071
2294,MOD-G5251
2295,MOD-X4832
2296,MOD-K9174
2297,MOD-C2271
2298,MOD-K1583
2299,MOD-U8718
2300,MOD-N5298
2301,MOD-Z9180
2302,MOD-E8799
2303,MOD-P8994
2304,MOD-F7445
2305,MOD-E8354
2306,MOD-A2747
2307,MOD-P4600
2308,MOD-M6523
2309,MOD-I5021
2310,MOD-U4693
2311,MOD-D7557
2312,MOD-Q6153
2313,MOD-X4861
2314,MOD-U4548
2315,MOD-Y2657
2316,MOD-Z1458
2317,MOD-F8121
2318,MOD-G8572
2319,MOD-O2613
2320,MOD-N2433
2321,MOD-O1024
2322,MOD-Y3656
2323,MOD-Y4807
2324,MOD-N1477
2325,MOD-V8369
2326,MOD-Y2624
2327,MOD-W9255
2328,MOD-O4267
2329,MOD-B6107
2330,MOD-T7709
2331,MOD-A2757
2332,MOD-L1901
2333,MOD-H3730
2334,MOD-D5931
2335,MOD-G2694
2336,MOD-T6203
2337,MOD-D5142
2338,MOD-C3509
2339,MOD-A3891
2340,MOD-A6180
2341,MOD-W7206
2342,MOD-P3800
2343,MOD-C6468
2344,MOD-Q8502
2345,MOD-H9927
2346,MOD-Q7264
2347,MOD-P3820
2348,MOD-F4928
2349,MOD-N7406
2350,MOD-A1579
2351,MOD-S4540
2352,MOD-T6166
2353,MOD-H5493
2354,MOD-P5830
2355,MOD-Y6401
2356,MOD-F3202
2357,MOD-V3781
2358,MOD-K2559
2359,MOD-R3666
2360,MOD-L2679
2361,MOD-K1922
2362,MOD-H3795
2363,MOD-A8319
2364,MOD-M1783
2365,MOD-U8382
2366,MOD-T8617
2367,MOD-K9927
2368,MOD-O8916
2369,MOD-C6734
2370,MOD-F5488
2371,MOD-Z2014
2372,MOD-X7161
2373,MOD-Z6126
2374,MOD-O3762
2375,MOD-X5144
2376,MOD-O8873
2377,MOD-D8793
2378,MOD-X8247
2379,MOD-Z5000
2380,MOD-N2470
2381,MOD-L3758
2382,MOD-R6615
2383,MOD-M7769
2384,MOD-N6809
2385,MOD-E2555
2386,MOD-K9057
2387,MOD-U6211
2388,MOD-Y6995
2389,MOD-K8705
2390,MOD-G4750
2391,MOD-I9617
2392,MOD-S2795
2393,MOD-O2551
2394,MOD-P2224
2395,MOD-U6895
2396,MOD-N2544
2397,MOD-U6447
2398,MOD-P4154
2399,MOD-D7881
2400,MOD-W1457
2401,MOD-C4064
2402,MOD-C1819
2403,MOD-D9856
2404,MOD-Y7640
2405,MOD-G6681
2406,MOD-P5666
2407,MOD-C3313
2408,MOD-A2399
2409,MOD-V4290
2410,MOD-K6107
2411,MOD-X4919
2412,MOD-X4049
2413,MOD-R6112
2414,MOD-U3785
2415,MOD-I3323
2416,MOD-F9525
2417,MOD-E7285
2418,MOD-P7299
2419,MOD-B9774
2420,MOD-K2671
2421,MOD-H3686
2422,MOD-J2990
2423,MOD-J2779
2424,MOD-C1665
2425,MOD-W4735
2426,MOD-W1034
2427,MOD-S8157
2428,MOD-T6057
2429,MOD-C3857
2430,MOD-E8207
2431,MOD-Q8588
2432,MOD-N8025
2433,MOD-Y5567
2434,MOD-Y5967
2435,MOD-Z3447
2436,MOD-I5644
2437,MOD-R7359
2438,MOD-L8890
2439,MOD-E1765
2440,MOD-R4649
2441,MOD-J4205
2442,MOD-N8952
2443,MOD-Z9793
2444,MOD-Z3068
2445,MOD-Y7335
2446,MOD-E3104
2447,MOD-Q6932
2448,MOD-H7503
2449,MOD-B3168
2450,MOD-Y9003
2451,MOD-O1743
2452,MOD-G5292
2453,MOD-H9068
2454,MOD-X1885
2455,MOD-C9656
2456,MOD-S3772
2457,MOD-H2736
2458,MOD-C3600
2459,MOD-F1908
2460,MOD-J1381
2461,MOD-R5128
2462,MOD-Z3537
2463,MOD-X6050
2464,MOD-Z5200
2465,MOD-L5671
2466,MOD-Z3092
2467,MOD-Y4447
2468,MOD-W2408
2469,MOD-X2118
2470,MOD-F1468
2471,MOD-I7262
2472,MOD-F2022
2473,MOD-J9825
2474,MOD-M3025
2475,MOD-N5005
2476,MOD-H4819
2477,MOD-A7517
2478,MOD-C8467
2479,MOD-T5309
2480,MOD-C7175
2481,MOD-O4695
2482,MOD-D4434
2483,MOD-Y7600
2484,MOD-Q3566
2485,MOD-J2533
2486,MOD-J1677
2487,MOD-S5866
2488,MOD-Y3574
2489,MOD-J4699
2490,MOD-C7343
2491,MOD-X6567
2492,MOD-U3813
2493,MOD-J7090
2494,MOD-K5485
2495,MOD-Z8784
2496,MOD-R6156
2497,MOD-D4547
2498,MOD-E2815
2499,MOD-U5379
2500,MOD-D2056
2501,MOD-O5772
2502,MOD-K3273
2503,MOD-P8914
2504,MOD-X9019
2505,MOD-P2461
2506,MOD-Q9465
2507,MOD-F2783
2508,MOD-G3124
2509,MOD-E9012
2510,MOD-N4708
2511,MOD-D8007
2512,MOD-F6259
2513,MOD-Q6601
2514,MOD-M2153
2515,MOD-A2633
2516,MOD-S2190
2517,MOD-M1529
2518,MOD-C1865
2519,MOD-K8583
2520,MOD-I2818
2521,MOD-D6821
2522,MOD-V2349
2523,MOD-S1212
2524,MOD-O3017
2525,MOD-G2505
2526,MOD-O1852
2527,MOD-Q6283
2528,MOD-G6025
2529,MOD-X2895
2530,MOD-A3062
2531,MOD-J7548
2532,MOD-A8502
2533,MOD-N1654
2534,MOD-U8129
2535,MOD-H3387
2536,MOD-X3102
2537,MOD-E4357
2538,MOD-S4458
2539,MOD-O8469
2540,MOD-T2573
2541,MOD-Y2844
2542,MOD-A5166
2543,MOD-L5835
2544,MOD-A8392
2545,MOD-V5892
2546,MOD-J6232
2547,MOD-D5351
2548,MOD-L1533
2549,MOD-P2583
2550,MOD-D7961
2551,MOD-X1082
2552,MOD-I4312
2553,MOD-M9026
2554,MOD-J8192
2555,MOD-I7227
2556,MOD-N2359
2557,MOD-P7500
2558,MOD-F4229
2559,MOD-U2826
2560,MOD-J6170
2561,MOD-P9286
2562,MOD-V8823
2563,MOD-O7492
2564,MOD-M5898
2565,MOD-T1556
2566,MOD-J9760
2567,MOD-L7400
2568,MOD-T9735
2569,MOD-F8148
2570,MOD-H5015
2571,MOD-Z5549
2572,MOD-K9876
2573,MOD-B6568
2574,MOD-L8207
2575,MOD-K8862
2576,MOD-Y9321
2577,MOD-I3163
2578,MOD-D2805
2579,MOD-I8011
2580,MOD-V6970
2581,MOD-H8877
2582,MOD-C1179
2583,MOD-E3592
2584,MOD-D5149
2585,MOD-G6297
2586,MOD-H9116
2587,MOD-L9789
2588,MOD-Q7440
2589,MOD-C4826
2590,MOD-K5373
2591,MOD-W3820
2592,MOD-N2386
2593,MOD-K7749
2594,MOD-I7670
2595,MOD-D2060
2596,MOD-R5533
2597,MOD-T8127
2598,MOD-P2932
2599,MOD-Z3203
2600,MOD-P8832
2601,MOD-B2019
2602,MOD-G8260
2603,MOD-P9632
2604,MOD-T4442
2605,MOD-B4064
2606,MOD-H7549
2607,MOD-C3219
2608,MOD-N7410
2609,MOD-F9645
2610,MOD-O1487
2611,MOD-Q8862
2612,MOD-V6215
2613,MOD-G7509
2614,MOD-D2725
2615,MOD-A4401
2616,MOD-H6964
2617,MOD-Z4352
2618,MOD-F2690
2619,MOD-P8706
2620,MOD-T7096
2621,MOD-J8717
2622,MOD-Y6575
2623,MOD-X9516
2624,MOD-E2758
2625,MOD-H5014
2626,MOD-K9984
2627,MOD-R5696
2628,MOD-R9842
2629,MOD-Z7038
2630,MOD-H1597
2631,MOD-R3010
2632,MOD-I2203
2633,MOD-U2342
2634,MOD-D4489
2635,MOD-M2908
2636,MOD-C1768
2637,MOD-L3463
2638,MOD-S5076
2639,MOD-U7971
2640,MOD-O4577
2641,MOD-A2512
2642,MOD-Z9672
2643,MOD-K8469
2644,MOD-Y5353
2645,MOD-Q6542
2646,MOD-C8409
2647,MOD-J9475
2648,MOD-F1671
2649,MOD-O5518
2650,MOD-X1076
2651,MOD-F5776
2652,MOD-P2344
2653,MOD-S2025
2654,MOD-F3821
2655,MOD-T9207
2656,MOD-J8894
2657,MOD-Q4509
2658,MOD-E9941
2659,MOD-B8782
2660,MOD-K1424
2661,MOD-T9148
2662,MOD-P4876
2663,MOD-N8316
2664,MOD-Y6601
2665,MOD-P8083
2666,MOD-D1862
2667,MOD-W9073
2668,MOD-S9943
2669,MOD-W8522
2670,MOD-D7541
2671,MOD-U6201
2672,MOD-L2589
2673,MOD-R1353
2674,MOD-X6191
2675,MOD-L3575
2676,MOD-D2221
2677,MOD-G1166
2678,MOD-N1002
2679,MOD-P1841
2680,MOD-H9646
2681,MOD-F5862
2682,MOD-R8907
2683,MOD-G8223
2684,MOD-E5996
2685,MOD-U6209
2686,MOD-P2284
2687,MOD-B1652
2688,MOD-D8862
2689,MOD-O8643
2690,MOD-U3397
2691,MOD-D6894
2692,MOD-I1355
2693,MOD-J9103
2694,MOD-R3091
2695,MOD-K8172
2696,MOD-A2080
2697,MOD-F4924
2698,MOD-M8715
2699,MOD-N3634
2700,MOD-V9374
2701,MOD-K8723
2702,MOD-G1584
2703,MOD-L8000
2704,MOD-P4450
2705,MOD-S2951
2706,MOD-Z2214
2707,MOD-Q3656
2708,MOD-U2278
2709,MOD-G1535
2710,MOD-F7231
2711,MOD-G4998
2712,MOD-L3925
2713,MOD-Q1375
2714,MOD-F5942
2715,MOD-T4944
2716,MOD-Q7290
2717,MOD-N4789
2718,MOD-C3257
2719,MOD-R6347
2720,MOD-R4008
2721,MOD-G4748
2722,MOD-E2672
2723,MOD-I1728
2724,MOD-H8874
2725,MOD-S4412
2726,MOD-Q4936
2727,MOD-L5547
2728,MOD-Z3837
2729,MOD-H1367
2730,MOD-U7144
2731,MOD-L7938
2732,MOD-O1253
2733,MOD-K4362
2734,MOD-B5026
2735,MOD-B5787
2736,MOD-I3137
2737,MOD-E2398
2738,MOD-N6116
2739,MOD-N7761
2740,MOD-F1470
2741,MOD-W8107
2742,MOD-L6143
2743,MOD-R7532
2744,MOD-D4971
2745,MOD-B7485
2746,MOD-I1530
2747,MOD-P7219
2748,MOD-R8398
2749,MOD-X9251
2750,MOD-F8173
2751,MOD-L8038
2752,MOD-E9393
2753,MOD-P6072
2754,MOD-D6144
2755,MOD-C2530
2756,MOD-C1733
2757,MOD-J2670
2758,MOD-X8028
2759,MOD-S8796
2760,MOD-X4278
2761,MOD-J3190
2762,MOD-J7715
2763,MOD-Y2411
2764,MOD-E4955
2765,MOD-G6176
2766,MOD-Q4570
2767,MOD-C7019
2768,MOD-B8525
2769,MOD-J7639
2770,MOD-F1189
2771,MOD-R4745
2772,MOD-Q5641
2773,MOD-B1870
2774,MOD-R4267
2775,MOD-O6666
2776,MOD-Z4417
2777,MOD-O6378
2778,MOD-Y1326
2779,MOD-D8192
2780,MOD-F1442
2781,MOD-Y2290
2782,MOD-B5485
2783,MOD-Y8216
2784,MOD-Z2094
2785,MOD-D6432
2786,MOD-M8823
2787,MOD-U5256
2788,MOD-W3939
2789,MOD-W9059
2790,MOD-W2852
2791,MOD-G8280
2792,MOD-U9851
2793,MOD-Y5801
2794,MOD-A8457
2795,MOD-C1850
2796,MOD-J9701
2797,MOD-Q9679
2798,MOD-Q1237
2799,MOD-Y8266
2800,MOD-T8118
2801,MOD-P1528
2802,MOD-C2785
2803,MOD-M9685
2804,MOD-A5042
2805,MOD-K5166
2806,MOD-F5633
2807,MOD-X5239
2808,MOD-H5000
2809,MOD-S4924
2810,MOD-O9843
2811,MOD-T2132
2812,MOD-S9864
2813,MOD-A5496
2814,MOD-M6817
2815,MOD-N9592
2816,MOD-A2168
2817,MOD-B8102
2818,MOD-U6156
2819,MOD-T9779
2820,MOD-W2956
2821,MOD-U5849
2822,MOD-D9612
2823,MOD-F3047
2824,MOD-A4633
2825,MOD-F7818
2826,MOD-Z4345
2827,MOD-P7354
2828,MOD-X4556
2829,MOD-I9341
2830,MOD-A6217
2831,MOD-Q4582
2832,MOD-A9680
2833,MOD-F9948
2834,MOD-J9336
2835,MOD-H6568
2836,MOD-Y9827
2837,MOD-X9404
2838,MOD-E6970
2839,MOD-H7603
2840,MOD-J4527
2841,MOD-K4685
2842,MOD-O6897
2843,MOD-L2080
2844,MOD-V1764
2845,MOD-L6498
2846,MOD-W1540
2847,MOD-V9594
2848,MOD-B7320
2849,MOD-S4130
2850,MOD-R7883
2851,MOD-C8814
2852,MOD-F5460
2853,MOD-O5481
2854,MOD-R9707
2855,MOD-C8122
2856,MOD-N3846
2857,MOD-Q3241
2858,MOD-G1392
2859,MOD-E4582
2860,MOD-G2940
2861,MOD-I3474
2862,MOD-X2144
2863,MOD-I5262
2864,MOD-I5003
2865,MOD-M2820
2866,MOD-U1021
2867,MOD-X9574
2868,MOD-F3695
2869,MOD-L7462
2870,MOD-W1342
2871,MOD-G7832
2872,MOD-B8134
2873,MOD-D7957
2874,MOD-V9500
2875,MOD-W3762
2876,MOD-X4323
2877,MOD-I2912
2878,MOD-H9409
2879,MOD-H9151
2880,MOD-M4304
2881,MOD-O3541
2882,MOD-S4553
2883,MOD-T7199
2884,MOD-H1657
2885,MOD-O1387
2886,MOD-Q9490
2887,MOD-A6909
2888,MOD-D3904
2889,MOD-V9574
2890,MOD-U5953
2891,MOD-K2962
2892,MOD-O2712
2893,MOD-X1746
2894,MOD-G2373
2895,MOD-A2505
2896,MOD-F6630
2897,MOD-J8736
2898,MOD-J5895
2899,MOD-Z4918
2900,MOD-S4493
2901,MOD-S7048
2902,MOD-G1361
2903,MOD-N6705
2904,MOD-F1971
2905,MOD-F8422
2906,MOD-A5710
2907,MOD-D4010
2908,MOD-S1998
2909,MOD-Z2481
2910,MOD-Q4010
2911,MOD-F7946
2912,MOD-H3376
2913,MOD-S4136
2914,MOD-I9137
2915,MOD-L4923
2916,MOD-A2623
2917,MOD-A5075
2918,MOD-F7930
2919,MOD-X5685
2920,MOD-A9127
2921,MOD-C3026
2922,MOD-F1779
2923,MOD-D2483
2924,MOD-P8096
2925,MOD-L8741
2926,MOD-D6431
2927,MOD-R6639
2928,MOD-G5581
2929,MOD-E6678
2930,MOD-R7975
2931,MOD-M6079
2932,MOD-Q5221
2933,MOD-E6413
2934,MOD-T1537
2935,MOD-I9451
2936,MOD-V1259
2937,MOD-N5011
2938,MOD-O5009
2939,MOD-Q3013
2940,MOD-K8260
2941,MOD-B6219
2942,MOD-F9716
2943,MOD-Z4325
2944,MOD-E2421
2945,MOD-V8227
2946,MOD-D8749
2947,MOD-A3561
2948,MOD-D9403
2949,MOD-S9906
2950,MOD-D7981
2951,MOD-M3588
2952,MOD-C3963
2953,MOD-E4749
2954,MOD-X9817
2955,MOD-D5902
2956,MOD-N9275
2957,MOD-F2168
2958,MOD-X8340
2959,MOD-N5486
2960,MOD-T8121
2961,MOD-D5822
2962,MOD-D7630
2963,MOD-F6919
2964,MOD-Q9625
2965,MOD-G5653
2966,MOD-R9695
2967,MOD-N9054
2968,MOD-A3771
2969,MOD-H5234
2970,MOD-N2608
2971,MOD-M5266
2972,MOD-V6297
2973,MOD-E4756
2974,MOD-I6286
2975,MOD-O2600
2976,MOD-M7241
2977,MOD-U1627
2978,MOD-Z1585
2979,MOD-D4504
2980,MOD-K5409
2981,MOD-E2824
2982,MOD-I2582
2983,MOD-J5823
2984,MOD-E2819
2985,MOD-B1051
2986,MOD-B6984
2987,MOD-R1428
2988,MOD-P4493
2989,MOD-Z1040
2990,MOD-R2841
2991,MOD-I1296
2992,MOD-T4219
2993,MOD-L5186
2994,MOD-V3321
2995,MOD-L5855
2996,MOD-Z9985
2997,MOD-Q6787
2998,MOD-U7808
2999,MOD-K4346
3000,MOD-D6730
3001,MOD-J3483
3002,MOD-A9786
3003,MOD-K3774
3004,MOD-J8065
3005,MOD-A3134
3006,MOD-D4194
3007,MOD-F8972
3008,MOD-C1394
3009,MOD-E1493
3010,MOD-O5547
3011,MOD-S3892
3012,MOD-K2928
3013,MOD-R3670
3014,MOD-K4762
3015,MOD-U1152
3016,MOD-X9025
3017,MOD-R3850
3018,MOD-O3832
3019,MOD-M7931
3020,MOD-H2251
3021,MOD-J1962
3022,MOD-C5485
3023,MOD-J6750
3024,MOD-Y8329
3025,MOD-H9381
3026,MOD-E8083
3027,MOD-O7828
3028,MOD-U6411
3029,MOD-W1274
3030,MOD-D8583
3031,MOD-A8179
3032,MOD-O8407
3033,MOD-D5548
3034,MOD-E7578
3035,MOD-G6287
3036,MOD-L1385
3037,MOD-Z2153
3038,MOD-Z4616
3039,MOD-P8018
3040,MOD-C7678
3041,MOD-K3078
3042,MOD-P5533
3043,MOD-X7722
3044,MOD-F2713
3045,MOD-M3996
3046,MOD-B1107
3047,MOD-A4319
3048,MOD-W6459
3049,MOD-G8859
3050,MOD-P9120
3051,MOD-X8097
3052,MOD-U2679
3053,MOD-A8981
3054,MOD-G5560
3055,MOD-E3653
3056,MOD-N7475
3057,MOD-S3479
3058,MOD-H2655
3059,MOD-C7307
3060,MOD-X1876
3061,MOD-G6312
3062,MOD-V7474
3063,MOD-X9382
3064,MOD-X6171
3065,MOD-P6120
3066,MOD-J7547
3067,MOD-S8907
3068,MOD-O1342
3069,MOD-Z4812
3070,MOD-K1129
3071,MOD-L9977
3072,MOD-V9544
3073,MOD-E2990
3074,MOD-B3361
3075,MOD-X4285
3076,MOD-B3623
3077,MOD-N5359
3078,MOD-U3021
3079,MOD-S5046
3080,MOD-O8886
3081,MOD-G1615
3082,MOD-L5755
3083,MOD-V2440
3084,MOD-C7919
3085,MOD-I3796
3086,MOD-B6472
3087,MOD-D9704
3088,MOD-G8724
3089,MOD-Q1608
3090,MOD-T9530
3091,MOD-Z1254
3092,MOD-B2666
3093,MOD-J1939
3094,MOD-J5522
3095,MOD-E1562
3096,MOD-M3509
3097,MOD-C3524
3098,MOD-I1366
3099,MOD-C8560
3100,MOD-D5662
3101,MOD-K4775
3102,MOD-L4479
3103,MOD-P2519
3104,MOD-Y5087
3105,MOD-W7957
3106,MOD-J2525
3107,MOD-Z9902
3108,MOD-W3810
3109,MOD-J5671
3110,MOD-T9403
3111,MOD-C5340
3112,MOD-E1598
3113,MOD-R2528
3114,MOD-G2911
3115,MOD-X5155
3116,MOD-Z7004
3117,MOD-H2152
3118,MOD-C5860
3119,MOD-O3841
3120,MOD-S8299
3121,MOD-K1284
3122,MOD-U1071
3123,MOD-K5733
3124,MOD-P8777
3125,MOD-H2041
3126,MOD-R9381
3127,MOD-M4307
3128,MOD-R9975
3129,MOD-W6541
3130,MOD-J3212
3131,MOD-W3286
3132,MOD-X5790
3133,MOD-Q8745
3134,MOD-U2932
3135,MOD-B9709
3136,MOD-H9703
3137,MOD-N4996
3138,MOD-T5786
3139,MOD-R3363
3140,MOD-H3781
3141,MOD-H7449
3142,MOD-C5909
3143,MOD-F7918
3144,MOD-O7361
3145,MOD-F9772
3146,MOD-S3872
3147,MOD-I8317
3148,MOD-C6652
3149,MOD-H1797
3150,MOD-Q3608
3151,MOD-C6528
3152,MOD-O6010
3153,MOD-K9502
3154,MOD-D3800
3155,MOD-H7816
3156,MOD-W8169
3157,MOD-M7253
3158,MOD-K9732
3159,MOD-N7417
3160,MOD-D7416
3161,MOD-P8098
3162,MOD-P3471
3163,MOD-B4529
3164,MOD-N9243
3165,MOD-B4594
3166,MOD-R1344
3167,MOD-M4930
3168,MOD-R2445
3169,MOD-K9643
3170,MOD-Q2431
3171,MOD-Q7417
3172,MOD-L3767
3173,MOD-Y6848
3174,MOD-E1891
3175,MOD-R9166
3176,MOD-Y3452
3177,MOD-D6738
3178,MOD-W9103
3179,MOD-G5152
3180,MOD-O6763
3181,MOD-P2023
3182,MOD-G5832
3183,MOD-Y6114
3184,MOD-J8401
3185,MOD-N4840
3186,MOD-X8742
3187,MOD-D6271
3188,MOD-K7978
3189,MOD-Y5074
3190,MOD-F5009
3191,MOD-A8904
3192,MOD-G8927
3193,MOD-B3593
3194,MOD-N4234
3195,MOD-I1166
3196,MOD-J2043
3197,MOD-E1857
3198,MOD-Z3985
3199,MOD-N1096
3200,MOD-K3653
3201,MOD-X5433
3202,MOD-Q8101
3203,MOD-W8455
3204,MOD-I3510
3205,MOD-V3930
3206,MOD-S1173
3207,MOD-W6090
3208,MOD-F6915
3209,MOD-F6465
3210,MOD-V2323
3211,MOD-F4907
3212,MOD-Q7788
3213,MOD-R5127
3214,MOD-D8629
3215,MOD-B5619
3216,MOD-D1467
3217,MOD-P6347
3218,MOD-I7794
3219,MOD-R3267
3220,MOD-N5330
3221,MOD-Q3832
3222,MOD-I3519
3223,MOD-H4855
3224,MOD-H3661
3225,MOD-M6593
3226,MOD-I9993
3227,MOD-H6886
3228,MOD-D2896
3229,MOD-L8690
3230,MOD-Z7624
3231,MOD-W4453
3232,MOD-O9891
3233,MOD-J7911
3234,MOD-H2264
3235,MOD-M4450
3236,MOD-Y3627
3237,MOD-E9820
3238,MOD-E1892
3239,MOD-E1019
3240,MOD-J7215
3241,MOD-R9283
3242,MOD-X8471
3243,MOD-A8041
3244,MOD-B7797
3245,MOD-Z5014
3246,MOD-R7017
3247,MOD-H3220
3248,MOD-V3821
3249,MOD-U2639
3250,MOD-G4226
3251,MOD-A8367
3252,MOD-N6090
3253,MOD-U9309
3254,MOD-C9784
3255,MOD-V4406
3256,MOD-Y9173
3257,MOD-B6310
3258,MOD-R2440
3259,MOD-N9670
3260,MOD-A5005
3261,MOD-Y7009
3262,MOD-Z1916
3263,MOD-U6670
3264,MOD-A5292
3265,MOD-W7540
3266,MOD-O7182
3267,MOD-U4871
3268,MOD-M2921
3269,MOD-A9503
3270,MOD-B3629
3271,MOD-Y3672
3272,MOD-N9116
3273,MOD-R7496
3274,MOD-X1643
3275,MOD-D5271
3276,MOD-H4029
3277,MOD-Y2932
3278,MOD-Q9413
3279,MOD-Z3338
3280,MOD-Q3956
3281,MOD-U8105
3282,MOD-G3006
3283,MOD-T6139
3284,MOD-X4024
3285,MOD-E6954
3286,MOD-X9307
3287,MOD-E8587
3288,MOD-B6963
3289,MOD-N8865
3290,MOD-D6222
3291,MOD-H7235
3292,MOD-G3131
3293,MOD-Q4221
3294,MOD-X5682
3295,MOD-Z8649
3296,MOD-M1899
3297,MOD-U1106
3298,MOD-S5154
3299,MOD-Z6700
3300,MOD-X8146
3301,MOD-M6813
3302,MOD-D4302
3303,MOD-M2473
3304,MOD-Q9231
3305,MOD-V4014
3306,MOD-T2809
3307,MOD-Z4190
3308,MOD-J9298
3309,MOD-E3507
3310,MOD-E8822
3311,MOD-N6320
3312,MOD-T2670
3313,MOD-Q1576
3314,MOD-S8459
3315,MOD-L7089
3316,MOD-U8158
3317,MOD-U4901
3318,MOD-Q8642
3319,MOD-X9115
3320,MOD-H9026
3321,MOD-M5753
3322,MOD-Q9169
3323,MOD-G4071
3324,MOD-U7083
3325,MOD-N9087
3326,MOD-K2967
3327,MOD-L6738
3328,MOD-G5891
3329,MOD-C8803
3330,MOD-A7750
3331,MOD-T9069
3332,MOD-Q1649
3333,MOD-J2989
3334,MOD-A5908
3335,MOD-N3240
3336,MOD-F6460
3337,MOD-C9359
3338,MOD-T6779
3339,MOD-A4847
3340,MOD-A8602
3341,MOD-K9723
3342,MOD-S1708
3343,MOD-Y2718
3344,MOD-S5905
3345,MOD-L6341
3346,MOD-Y6096
3347,MOD-B4932
3348,MOD-O1707
3349,MOD-G3664
3350,MOD-K7366
3351,MOD-W5576
3352,MOD-B5295
3353,MOD-G6248
3354,MOD-C8724
3355,MOD-G3394
3356,MOD-C5925
3357,MOD-M7748
3358,MOD-U5035
3359,MOD-A6310
3360,MOD-F2215
3361,MOD-Z4522
3362,MOD-K9866
3363,MOD-O5255
3364,MOD-T9570
3365,MOD-W4008
3366,MOD-L5817
3367,MOD-K5235
3368,MOD-C2944
3369,MOD-H5202
3370,MOD-W6937
3371,MOD-G2726
3372,MOD-E3887
3373,MOD-U5422
3374,MOD-J8082
3375,MOD-S5212
3376,MOD-E2573
3377,MOD-R5325
3378,MOD-Q7541
3379,MOD-L5876
3380,MOD-Z5874
3381,MOD-C1576
3382,MOD-F9244
3383,MOD-Y6128
3384,MOD-Z3910
3385,MOD-M3240
3386,MOD-Z4545
3387,MOD-X3703
3388,MOD-I6845
3389,MOD-Z1455
3390,MOD-D5524
3391,MOD-Y2336
3392,MOD-N9314
3393,MOD-P6187
3394,MOD-Z8484
3395,MOD-Y3752
3396,MOD-X1043
3397,MOD-G5825
3398,MOD-K7462
3399,MOD-Y8586
3400,MOD-I6423
3401,MOD-B2297
3402,MOD-E1544
3403,MOD-I2512
3404,MOD-U6579
3405,MOD-N3456
3406,MOD-M6667
3407,MOD-Y9604
3408,MOD-S9075
3409,MOD-R9030
3410,MOD-F9498
3411,MOD-J3087
3412,MOD-R8537
3413,MOD-X7779
3414,MOD-V7911
3415,MOD-P9733
3416,MOD-K3992
3417,MOD-L5570
3418,MOD-M5887
3419,MOD-Q5072
3420,MOD-O3305
3421,MOD-X6748
3422,MOD-E7178
3423,MOD-S2717
3424,MOD-Q4564
3425,MOD-D4555
3426,MOD-I9040
3427,MOD-S6806
3428,MOD-W4564
3429,MOD-R7529
3430,MOD-Z6219
3431,MOD-Z1095
3432,MOD-G1478
3433,MOD-O4565
3434,MOD-T2525
3435,MOD-D3067
3436,MOD-E5559
3437,MOD-Y1944
3438,MOD-R7936
3439,MOD-T8094
3440,MOD-C4070
3441,MOD-P5640
3442,MOD-C9383
3443,MOD-P9530
3444,MOD-U7248
3445,MOD-I2452
3446,MOD-W1926
3447,MOD-V5349
3448,MOD-U9524
3449,MOD-A7619
3450,MOD-R6040
3451,MOD-C3615
3452,MOD-F3899
3453,MOD-V6106
3454,MOD-J1848
3455,MOD-I7244
3456,MOD-T1775
3457,MOD-V2442
3458,MOD-X9394
3459,MOD-D9478
3460,MOD-N1821
3461,MOD-C8621
3462,MOD-C1119
3463,MOD-F6560
3464,MOD-A6377
3465,MOD-P4204
3466,MOD-J4707
3467,MOD-G2776
3468,MOD-W6812
3469,MOD-K5444
3470,MOD-G9642
3471,MOD-R3030
3472,MOD-G4881
3473,MOD-O3967
3474,MOD-F3208
3475,MOD-E5036
3476,MOD-L7723
3477,MOD-X7788
3478,MOD-Y7452
3479,MOD-G7701
3480,MOD-A2297
3481,MOD-I6692
3482,MOD-C5158
3483,MOD-M7553
3484,MOD-T4284
3485,MOD-N6070
3486,MOD-Z6732
3487,MOD-S7224
3488,MOD-S2523
3489,MOD-B4002
3490,MOD-V4270
3491,MOD-A8411
3492,MOD-V9198
3493,MOD-B9480
3494,MOD-Z1250
3495,MOD-D2767
3496,MOD-R7973
3497,MOD-F1623
3498,MOD-M7013
3499,MOD-W7923
3500,MOD-S7803
3501,MOD-F1199
3502,MOD-C7925
3503,MOD-V4893
3504,MOD-N1971
3505,MOD-Z7243
3506,MOD-E3496
3507,MOD-D2803
3508,MOD-R5140
3509,MOD-W5526
3510,MOD-R3976
3511,MOD-X3464
3512,MOD-N8090
3513,MOD-S5069
3514,MOD-J8013
3515,MOD-A7174
3516,MOD-K1068
3517,MOD-B3348
3518,MOD-O1757
3519,MOD-N1776
3520,MOD-H1010
3521,MOD-Z2981
3522,MOD-P9164
3523,MOD-H8117
3524,MOD-M2908
3525,MOD-M5664
3526,MOD-O3085
3527,MOD-B2190
3528,MOD-Z2305
3529,MOD-J7203
3530,MOD-R7986
3531,MOD-O6397
3532,MOD-G5629
3533,MOD-Y8530
3534,MOD-U1643
3535,MOD-D9535
3536,MOD-L4962
3537,MOD-Y5882
3538,MOD-B3072
3539,MOD-D1249
3540,MOD-W8468
3541,MOD-G2607
3542,MOD-B6213
3543,MOD-H3864
3544,MOD-B6829
3545,MOD-D3951
3546,MOD-G4788
3547,MOD-Z5085
3548,MOD-B1174
3549,MOD-Y6554
3550,MOD-Z5776
3551,MOD-M8541
3552,MOD-P6818
3553,MOD-B7206
3554,MOD-W8933
3555,MOD-A9952
3556,MOD-P6594
3557,MOD-M8807
3558,MOD-P6294
3559,MOD-W7164
3560,MOD-Z4614
3561,MOD-D5185
3562,MOD-W9295
3563,MOD-X5023
3564,MOD-U3188
3565,MOD-Z1395
3566,MOD-K3261
3567,MOD-B8863
3568,MOD-O1182
3569,MOD-P7458
3570,MOD-A8942
3571,MOD-F7939
3572,MOD-V9835
3573,MOD-L7047
3574,MOD-W2230
3575,MOD-M4605
3576,MOD-W7306
3577,MOD-D4103
3578,MOD-N7691
3579,MOD-U5804
3580,MOD-J8341
3581,MOD-K1849
3582,MOD-S8349
3583,MOD-I2657
3584,MOD-Z8963
3585,MOD-E9535
3586,MOD-T1746
3587,MOD-O2969
3588,MOD-B9137
3589,MOD-C6041
3590,MOD-B6697
3591,MOD-A4417
3592,MOD-U6026
3593,MOD-K5491
3594,MOD-S4867
3595,MOD-L7962
3596,MOD-V3123
3597,MOD-X3217
3598,MOD-U4673
3599,MOD-A5124
3600,MOD-P7325
3601,MOD-Q4896
3602,MOD-M6556
3603,MOD-Q3549
3604,MOD-W2634
3605,MOD-D3724
3606,MOD-D2385
3607,MOD-S7062
3608,MOD-C1084
3609,MOD-W4919
3610,MOD-H5402
3611,MOD-N5219
3612,MOD-P8001
3613,MOD-C1514
3614,MOD-A9124
3615,MOD-K6617
3616,MOD-P4803
3617,MOD-O5526
3618,MOD-H3982
3619,MOD-V9604
3620,MOD-R8413
3621,MOD-V9278
3622,MOD-U8140
3623,MOD-K3391
3624,MOD-H4730
3625,MOD-C9619
3626,MOD-E4633
3627,MOD-U9794
3628,MOD-U3895
3629,MOD-S4257
3630,MOD-U2893
3631,MOD-W7053
3632,MOD-U4789
3633,MOD-M7802
3634,MOD-Z9408
3635,MOD-T8133
3636,MOD-G3365
3637,MOD-W9689
3638,MOD-E8547
3639,MOD-O8006
3640,MOD-L4978
3641,MOD-I8034
3642,MOD-D6854
3643,MOD-O5474
3644,MOD-B9194
3645,MOD-U8502
3646,MOD-Q9415
3647,MOD-L2059
3648,MOD-J8132
3649,MOD-P7139
3650,MOD-C7750
3651,MOD-A5118
3652,MOD-T1353
3653,MOD-Z1812
3654,MOD-T7905
3655,MOD-M1920
3656,MOD-X9929
3657,MOD-X5919
3658,MOD-L6750
3659,MOD-J5273
3660,MOD-Q4767
3661,MOD-N3175
3662,MOD-Z7469
3663,MOD-B7819
3664,MOD-A1847
3665,MOD-S1664
3666,MOD-W5133
3667,MOD-F3156
3668,MOD-V7663
3669,MOD-L6520
3670,MOD-F9406
3671,MOD-E2440
3672,MOD-Y2631
3673,MOD-P2242
3674,MOD-I2394
3675,MOD-M8100
3676,MOD-Y9640
3677,MOD-N2451
3678,MOD-Q6701
3679,MOD-Y8853
3680,MOD-M1762
3681,MOD-D4101
3682,MOD-T7800
3683,MOD-M1999
3684,MOD-C1251
3685,MOD-X8402
3686,MOD-X4902
3687,MOD-E6850
3688,MOD-Z9106
3689,MOD-Q5512
3690,MOD-R9859
3691,MOD-E6263
3692,MOD-J9830
3693,MOD-P3700
3694,MOD-H7015
3695,MOD-G1317
3696,MOD-E4798
3697,MOD-X3319
3698,MOD-X2081
3699,MOD-R3360
3700,MOD-A1819
3701,MOD-Y5501
3702,MOD-C5385
3703,MOD-E5519
3704,MOD-Y2402
3705,MOD-Z6230
3706,MOD-C9249
3707,MOD-J5789
3708,MOD-T4245
3709,MOD-P3847
3710,MOD-C9029
3711,MOD-U7320
3712,MOD-V9377
3713,MOD-A7652
3714,MOD-S9733
3715,MOD-W1280
3716,MOD-F2978
3717,MOD-A5916
3718,MOD-P2720
3719,MOD-G7985
3720,MOD-F5850
3721,MOD-T6119
3722,MOD-L1426
3723,MOD-T2245
3724,MOD-Y3726
3725,MOD-R4913
3726,MOD-F9134
3727,MOD-X9032
3728,MOD-Z4091
3729,MOD-A7167
3730,MOD-R2041
3731,MOD-D7839
3732,MOD-I6935
3733,MOD-Y8297
3734,MOD-N6890
3735,MOD-F6040
3736,MOD-C2412
3737,MOD-Q2646
3738,MOD-T5706
3739,MOD-L3880
3740,MOD-I4854
3741,MOD-F4529
3742,MOD-F7365
3743,MOD-Q9931
3744,MOD-W7158
3745,MOD-S8003
3746,MOD-B8965
3747,MOD-D3643
3748,MOD-B5483
3749,MOD-N6501
3750,MOD-C5580
3751,MOD-R1185
3752,MOD-J8230
3753,MOD-O3653
3754,MOD-E6830
3755,MOD-E5851
3756,MOD-D9876
3757,MOD-A3878
3758,MOD-T7274
3759,MOD-I4010
3760,MOD-O2148
3761,MOD-K8252
3762,MOD-R2970
3763,MOD-H3358
3764,MOD-U6168
3765,MOD-F6542
3766,MOD-R3943
3767,MOD-V6444
3768,MOD-D2984
3769,MOD-E3825
3770,MOD-M2876
3771,MOD-I1219
3772,MOD-N1066
3773,MOD-L9996
3774,MOD-M5345
3775,MOD-P1319
3776,MOD-S4617
3777,MOD-Q5176
3778,MOD-G9713
3779,MOD-B8918
3780,MOD-O9869
3781,MOD-Q8850
3782,MOD-N5383
3783,MOD-L3213
3784,MOD-G8703
3785,MOD-Z7260
3786,MOD-Q9326
3787,MOD-R9239
3788,MOD-M2678
3789,MOD-Y8161
3790,MOD-K7989
3791,MOD-V6800
3792,MOD-S9323
3793,MOD-J8116
3794,MOD-I7294
3795,MOD-Y5223
3796,MOD-F1538
3797,MOD-H2679
3798,MOD-F1341
3799,MOD-P7129
3800,MOD-Z1659
3801,MOD-O4472
3802,MOD-Z2852
3803,MOD-K8860
3804,MOD-N2974
3805,MOD-S3686
3806,MOD-H3800
3807,MOD-P9030
3808,MOD-J2793
3809,MOD-N1154
3810,MOD-G1843
3811,MOD-S6987
3812,MOD-N1168
3813,MOD-I8727
3814,MOD-Q7384
3815,MOD-C7345
3816,MOD-O9846
3817,MOD-G4011
3818,MOD-K2846
3819,MOD-V7226
3820,MOD-U2705
3821,MOD-B1749
3822,MOD-U4100
3823,MOD-O9649
3824,MOD-L8412
3825,MOD-K4202
3826,MOD-A3427
3827,MOD-N4116
3828,MOD-S7269
3829,MOD-S1097
3830,MOD-V4060
3831,MOD-M8537
3832,MOD-H5624
3833,MOD-A9564
3834,MOD-X3963
3835,MOD-J6359
3836,MOD-S8138
3837,MOD-S5522
3838,MOD-H7139
3839,MOD-A6894
3840,MOD-M6237
3841,MOD-I3288
3842,MOD-N7500
3843,MOD-S5185
3844,MOD-E9293
3845,MOD-D5436
3846,MOD-Q7711
3847,MOD-P8905
3848,MOD-U2135
3849,MOD-J6791
3850,MOD-L9764
3851,MOD-Q9866
3852,MOD-J7252
3853,MOD-J8979
3854,MOD-U9329
3855,MOD-V3494
3856,MOD-T3448
3857,MOD-H2950
3858,MOD-R2623
3859,MOD-O1346
3860,MOD-V4893
3861,MOD-C2902
3862,MOD-K5376
3863,MOD-Z9595
3864,MOD-H1972
3865,MOD-I2988
3866,MOD-C5602
3867,MOD-M7230
3868,MOD-Y1008
3869,MOD-C7448
3870,MOD-R8379
3871,MOD-P2287
3872,MOD-S7698
3873,MOD-E3713
3874,MOD-B7500
3875,MOD-Q2718
3876,MOD-U9916
3877,MOD-O1877
3878,MOD-U1182
3879,MOD-H9258
3880,MOD-K5206
3881,MOD-L1802
3882,MOD-A7533
3883,MOD-G8708
3884,MOD-A7303
3885,MOD-R3338
3886,MOD-A4416
3887,MOD-S3677
3888,MOD-L1848
3889,MOD-V3720
3890,MOD-O3411
3891,MOD-Z9317
3892,MOD-G5511
3893,MOD-G1191
3894,MOD-T6151
3895,MOD-Q4728
3896,MOD-A1083
3897,MOD-W2530
3898,MOD-M3288
3899,MOD-X5222
3900,MOD-T7483
3901,MOD-G3449
3902,MOD-Q5234
3903,MOD-E2881
3904,MOD-X9301
3905,MOD-E2068
3906,MOD-J2645
3907,MOD-N3533
3908,MOD-J6697
3909,MOD-M4386
3910,MOD-F8335
3911,MOD-P6659
3912,MOD-G1646
3913,MOD-Z6596
3914,MOD-V4798
3915,MOD-Q8510
3916,MOD-Z2932
3917,MOD-Z8669
3918,MOD-A2778
3919,MOD-R3699
3920,MOD-N6764
3921,MOD-J8915
3922,MOD-V2286
3923,MOD-F2966
3924,MOD-E5915
3925,MOD-S3401
3926,MOD-W6596
3927,MOD-K7899
3928,MOD-T9370
3929,MOD-Q6442
3930,MOD-H1851
3931,MOD-D9251
3932,MOD-I1175
3933,MOD-P6695
3934,MOD-D2538
3935,MOD-A1178
3936,MOD-H5245
3937,MOD-V7240
3938,MOD-Q8156
3939,MOD-X1430
3940,MOD-N4893
3941,MOD-G7773
3942,MOD-A3793
3943,MOD-Q8657
3944,MOD-K7901
3945,MOD-A2249
3946,MOD-E9666
3947,MOD-Y5447
3948,MOD-V6521
3949,MOD-D6462
3950,MOD-F6428
3951,MOD-T5997
3952,MOD-P5515
3953,MOD-C6307
3954,MOD-I8885
3955,MOD-G5507
3956,MOD-V3534
3957,MOD-X4917
3958,MOD-Y2495
3959,MOD-O2274
3960,MOD-H3277
3961,MOD-J5462
3962,MOD-W7842
3963,MOD-O6115
3964,MOD-C9347
3965,MOD-V5163
3966,MOD-L3259
3967,MOD-O6484
3968,MOD-N2634
3969,MOD-J1154
3970,MOD-D9171
3971,MOD-Z8592
3972,MOD-H4928
3973,MOD-R8841
3974,MOD-P2569
3975,MOD-I1039
3976,MOD-N6859
3977,MOD-P9088
3978,MOD-E3336
3979,MOD-J1531
3980,MOD-L1859
3981,MOD-G7328
3982,MOD-H5950
3983,MOD-M5509
3984,MOD-Z1908
3985,MOD-I7831
3986,MOD-D7987
3987,MOD-X7688
3988,MOD-I5525
3989,MOD-D7141
3990,MOD-W9454
3991,MOD-M5644
3992,MOD-G5275
3993,MOD-H8312
3994,MOD-G6515
3995,MOD-M3117
3996,MOD-H8312
3997,MOD-W2402
3998,MOD-R6146
3999,MOD-S4037
4000,MOD-X8119
4001,MOD-B7807
4002,MOD-T6000
4003,MOD-B1981
4004,MOD-A8221
4005,MOD-O7039
4006,MOD-B3004
4007,MOD-J1470
4008,MOD-N5531
4009,MOD-E3854
4010,MOD-Z1653
4011,MOD-P5859
4012,MOD-K7078
4013,MOD-C6130
4014,MOD-J9356
4015,MOD-U3129
4016,MOD-J3383
4017,MOD-N4823
4018,MOD-I7054
4019,MOD-U4907
4020,MOD-L8356
4021,MOD-F7724
4022,MOD-T9946
4023,MOD-R9562
4024,MOD-S8969
4025,MOD-S8591
4026,MOD-R9258
4027,MOD-D3492
4028,MOD-D8796
4029,MOD-T4866
4030,MOD-L5200
4031,MOD-H6477
4032,MOD-O5300
4033,MOD-D9494
4034,MOD-T4333
4035,MOD-B4921
4036,MOD-Q8480
4037,MOD-M5714
4038,MOD-P7890
4039,MOD-P8655
4040,MOD-G7714
4041,MOD-Q8914
4042,MOD-P4350
4043,MOD-U6742
4044,MOD-F7036
4045,MOD-L2877
4046,MOD-I2066
4047,MOD-K2503
4048,MOD-L6064
4049,MOD-U5532
4050,MOD-O1589
4051,MOD-M4564
4052,MOD-E3876
4053,MOD-Z2360
4054,MOD-E1630
4055,MOD-W3273
4056,MOD-S8422
4057,MOD-Y2999
4058,MOD-B4270
4059,MOD-B9651
4060,MOD-U5790
4061,MOD-W5636
4062,MOD-B7014
4063,MOD-R3681
4064,MOD-P7022
4065,MOD-I9023
4066,MOD-B9899
4067,MOD-X7078
4068,MOD-L8349
4069,MOD-K9556
4070,MOD-L6160
4071,MOD-I4994
4072,MOD-A4148
4073,MOD-P5914
4074,MOD-D7123
4075,MOD-D8246
4076,MOD-J3789
4077,MOD-Y2050
4078,MOD-Q1710
4079,MOD-C2754
4080,MOD-W6040
4081,MOD-V6212
4082,MOD-B6965
4083,MOD-E4693
4084,MOD-U8350
4085,MOD-X2453
4086,MOD-F7377
4087,MOD-X8299
4088,MOD-X5976
4089,MOD-P3346
4090,MOD-V6764
4091,MOD-O7488
4092,MOD-B7427
4093,MOD-U8185
4094,MOD-R1662
4095,MOD-E1391
4096,MOD-F1263
4097,MOD-D7040
4098,MOD-N5661
4099,MOD-G8982
4100,MOD-Z8252
4101,MOD-A1113
4102,MOD-X4428
4103,MOD-L7341
4104,MOD-A3340
4105,MOD-Q9123
4106,MOD-V9183
4107,MOD-C1620
4108,MOD-D3228
4109,MOD-E4191
4110,MOD-F8044
4111,MOD-J1094
4112,MOD-G7397
4113,MOD-K9386
4114,MOD-P3605
4115,MOD-W1889
4116,MOD-S7326
4117,MOD-W9682
4118,MOD-A5514
4119,MOD-N2446
4120,MOD-G3695
4121,MOD-V5382
4122,MOD-C8005
4123,MOD-C8329
4124,MOD-L7095
4125,MOD-S8710
4126,MOD-R4524
4127,MOD-W9062
4128,MOD-P7718
4129,MOD-V4687
4130,MOD-B6922
4131,MOD-F9317
4132,MOD-K6023
4133,MOD-S5989
4134,MOD-N3937
4135,MOD-D2875
4136,MOD-N7913
4137,MOD-D5803
4138,MOD-S3977
4139,MOD-Y7597
4140,MOD-T3970
4141,MOD-R6850
4142,MOD-O1940
4143,MOD-B4804
4144,MOD-E1172
4145,MOD-V2384
4146,MOD-M6737
4147,MOD-N4696
4148,MOD-M2304
4149,MOD-M8739
4150,MOD-H2866
4151,MOD-Q8974
4152,MOD-Q2045
4153,MOD-B2323
4154,MOD-F1365
4155,MOD-W4180
4156,MOD-H4728
4157,MOD-X2631
4158,MOD-U3722
4159,MOD-I1345
4160,MOD-T3712
4161,MOD-O5637
4162,MOD-R1394
4163,MOD-U3045
4164,MOD-A8225
4165,MOD-M8699
4166,MOD-U4626
4167,MOD-S5871
4168,MOD-N2135
4169,MOD-D2103
4170,MOD-Q4165
4171,MOD-Z3649
4172,MOD-T5886
4173,MOD-I5539
4174,MOD-K5401
4175,MOD-M9614
4176,MOD-I5568
4177,MOD-I9608
4178,MOD-I9107
4179,MOD-Z3809
4180,MOD-P6032
4181,MOD-X9686
4182,MOD-A8226
4183,MOD-P2114
4184,MOD-V2498
4185,MOD-V5918
4186,MOD-D3674
4187,MOD-L3620
4188,MOD-O2407
4189,MOD-J6150
4190,MOD-K2139
4191,MOD-C5817
4192,MOD-T8577
4193,MOD-V5710
4194,MOD-N1783
4195,MOD-L8414
4196,MOD-F4963
4197,MOD-O4416
4198,MOD-B8078
4199,MOD-G6267
4200,MOD-N4723
4201,MOD-S1996
4202,MOD-J8072
4203,MOD-S1428
4204,MOD-O4972
4205,MOD-W7026
4206,MOD-W2087
4207,MOD-R2003
4208,MOD-D9065
4209,MOD-M6290
4210,MOD-J3219
4211,MOD-H6440
4212,MOD-P8367
4213,MOD-H3341
4214,MOD-D1492
4215,MOD-V8968
4216,MOD-O7960
4217,MOD-S7260
4218,MOD-J5136
4219,MOD-A7353
4220,MOD-Y4644
4221,MOD-P1664
4222,MOD-F8429
4223,MOD-D5069
4224,MOD-H7873
4225,MOD-F7549
4226,MOD-W8389
4227,MOD-T5366
4228,MOD-Z4791
4229,MOD-E9898
4230,MOD-V6520
4231,MOD-P9502
4232,MOD-U7279
4233,MOD-S7864
4234,MOD-V7998
4235,MOD-A4521
4236,MOD-A2448
4237,MOD-W7019
4238,MOD-I8053
4239,MOD-M4226
4240,MOD-H3176
4241,MOD-C6223
4242,MOD-Y1626
4243,MOD-H3148
4244,MOD-O7661
4245,MOD-Z5518
4246,MOD-T1262
4247,MOD-P6336
4248,MOD-A1888
4249,MOD-T3521
4250,MOD-J4843
4251,MOD-A5920
4252,MOD-J4142
4253,MOD-E7004
4254,MOD-G9865
4255,MOD-H7118
4256,MOD-B8241
4257,MOD-Y3305
4258,MOD-P5577
4259,MOD-Z3111
4260,MOD-L6271
4261,MOD-O4822
4262,MOD-N6403
4263,MOD-K8030
4264,MOD-U3818
4265,MOD-M3565
4266,MOD-T7596
4267,MOD-B7441
4268,MOD-M6264
4269,MOD-N5517
4270,MOD-A7960
4271,MOD-X3195
4272,MOD-K2928
4273,MOD-B5393
4274,MOD-O2229
4275,MOD-X5543
4276,MOD-J5069
4277,MOD-U1878
4278,MOD-U8503
4279,MOD-F4608
4280,MOD-X2467
4281,MOD-L3210
4282,MOD-L8235
4283,MOD-K9245
4284,MOD-R1651
4285,MOD-N4736
4286,MOD-M5879
4287,MOD-R5767
4288,MOD-Y4978
4289,MOD-N1782
4290,MOD-C4694
4291,MOD-B2326
4292,MOD-M6003
4293,MOD-B8858
4294,MOD-L3160
4295,MOD-I5048
4296,MOD-U2655
4297,MOD-C3466
4298,MOD-M4880
4299,MOD-X4758
4300,MOD-S2056
4301,MOD-H5440
4302,MOD-I3864
4303,MOD-I2472
4304,MOD-K4591
4305,MOD-P4920
4306,MOD-P4423
4307,MOD-V9859
4308,MOD-Z7575
4309,MOD-K1962
4310,MOD-F6171
4311,MOD-W2988
4312,MOD-R7081
4313,MOD-I2722
4314,MOD-P2831
4315,MOD-Q7869
4316,MOD-D9474
4317,MOD-P5773
4318,MOD-M4588
4319,MOD-J1676
4320,MOD-D4053
4321,MOD-B7832
4322,MOD-B9620
4323,MOD-Y6040
4324,MOD-Z8982
4325,MOD-I4539
4326,MOD-E3635
4327,MOD-N2140
4328,MOD-D6959
4329,MOD-T4845
4330,MOD-R9558
4331,MOD-I8342
4332,MOD-O2228
4333,MOD-O3638
4334,MOD-Y6983
4335,MOD-F6823
4336,MOD-Q7550
4337,MOD-R5245
4338,MOD-X8618
4339,MOD-R2200
4340,MOD-N1187
4341,MOD-C5085
4342,MOD-V8993
4343,MOD-R2495
4344,MOD-M1600
4345,MOD-Q5207
4346,MOD-Y6177
4347,MOD-J1164
4348,MOD-L4194
4349,MOD-I2543
4350,MOD-E2067
4351,MOD-B6766
4352,MOD-Z4872
4353,MOD-O7941
4354,MOD-K5164
4355,MOD-T2139
4356,MOD-B9180
4357,MOD-E7576
4358,MOD-H3626
4359,MOD-N1916
4360,MOD-N5167
4361,MOD-X3405
4362,MOD-O9971
4363,MOD-V4663
4364,MOD-X9335
4365,MOD-L2798
4366,MOD-T6457
4367,MOD-G6761
4368,MOD-E2802
4369,MOD-Y4375
4370,MOD-D3583
4371,MOD-M5538
4372,MOD-S5369
4373,MOD-Y4951
4374,MOD-C3635
4375,MOD-H3527
4376,MOD-D6223
4377,MOD-W8592
4378,MOD-M2492
4379,MOD-M2517
4380,MOD-F7279
4381,MOD-H9144
4382,MOD-C6029
4383,MOD-A9929
4384,MOD-W4681
4385,MOD-J5761
4386,MOD-R8796
4387,MOD-R8846
4388,MOD-S7523
4389,MOD-Y4334
4390,MOD-Y9764
4391,MOD-M1850
4392,MOD-G7685
4393,MOD-N4184
4394,MOD-A9261
4395,MOD-G4831
4396,MOD-G9119
4397,MOD-F7407
4398,MOD-I3877
4399,MOD-Y2661
4400,MOD-S4010
4401,MOD-G9114
4402,MOD-A1331
4403,MOD-C9111
4404,MOD-D2391
4405,MOD-U9988
4406,MOD-D1065
4407,MOD-J4589
4408,MOD-K8735
4409,MOD-Y8307
4410,MOD-E4347
4411,MOD-X3661
4412,MOD-F9211
4413,MOD-Y3621
4414,MOD-Y9942
4415,MOD-V3809
4416,MOD-Q1793
4417,MOD-Q2329
4418,MOD-U5175
4419,MOD-T1458
4420,MOD-I1599
4421,MOD-D2440
4422,MOD-P4417
4423,MOD-U2658
4424,MOD-Z8929
4425,MOD-M9815
4426,MOD-T5901
4427,MOD-H5485
4428,MOD-I1134
4429,MOD-W2294
4430,MOD-L7715
4431,MOD-Z5411
4432,MOD-B2250
4433,MOD-E5803
4434,MOD-N1353
4435,MOD-Z7489
4436,MOD-W2549
4437,MOD-E9785
4438,MOD-N2431
4439,MOD-O8482
4440,MOD-A7855
4441,MOD-V6151
4442,MOD-K3897
4443,MOD-Z4051
4444,MOD-S8903
4445,MOD-J5064
4446,MOD-T9521
4447,MOD-N4694
4448,MOD-X7759
4449,MOD-S1042
4450,MOD-U7294
4451,MOD-A7575
4452,MOD-X8477
4453,MOD-Z6347
4454,MOD-T5959
4455,MOD-K3023
4456,MOD-K9619
4457,MOD-V3000
4458,MOD-Q8685
4459,MOD-G6240
4460,MOD-P3516
4461,MOD-W2254
4462,MOD-Q5427
4463,MOD-K3967
4464,MOD-J2678
4465,MOD-T3727
4466,MOD-J6451
4467,MOD-D4154
4468,MOD-K1694
4469,MOD-P7005
4470,MOD-U9391
4471,MOD-R1890
4472,MOD-C8660
4473,MOD-B8227
4474,MOD-A3472
4475,MOD-Q3698
4476,MOD-D4804
4477,MOD-J2122
4478,MOD-S2460
4479,MOD-B4018
4480,MOD-R9895
4481,MOD-B5485
4482,MOD-A6063
4483,MOD-C1287
4484,MOD-O5711
4485,MOD-T2670
4486,MOD-I4718
4487,MOD-K3560
4488,MOD-R3881
4489,MOD-S6613
4490,MOD-P9862
4491,MOD-D3309
4492,MOD-E1920
4493,MOD-K6350
4494,MOD-H4457
4495,MOD-T8527
4496,MOD-M9270
4497,MOD-C3792
4498,MOD-K7220
4499,MOD-U7758
4500,MOD-D5203
4501,MOD-V7707
4502,MOD-F7790
4503,MOD-O3908
4504,MOD-T9881
4505,MOD-O9715
4506,MOD-F6239
4507,MOD-I3567
4508,MOD-W1037
4509,MOD-M5242
4510,MOD-V6809
4511,MOD-N6469
4512,MOD-H3766
4513,MOD-L3839
4514,MOD-K6111
4515,MOD-P7612
4516,MOD-U3098
4517,MOD-J1603
4518,MOD-Y8071
4519,MOD-Z3705
4520,MOD-Q1888
4521,MOD-A6472
4522,MOD-D9051
4523,MOD-Q8137
4524,MOD-O8191
4525,MOD-X5300
4526,MOD-J1934
4527,MOD-G8108
4528,MOD-G6447
4529,MOD-Z7345
4530,MOD-W4700
4531,MOD-L8904
4532,MOD-R2065
4533,MOD-B3641
4534,MOD-G9063
4535,MOD-I8049
4536,MOD-C9656
4537,MOD-C3189
4538,MOD-J3920
4539,MOD-C5874
4540,MOD-V1083
4541,MOD-B7895
4542,MOD-L9972
4543,MOD-L4973
4544,MOD-Y2113
4545,MOD-K6852
4546,MOD-K9878
4547,MOD-Z2769
4548,MOD-K8266
4549,MOD-Y4052
4550,MOD-L7408
4551,MOD-F7720
4552,MOD-X1517
4553,MOD-Y4022
4554,MOD-P3856
4555,MOD-Y8624
4556,MOD-F8073
4557,MOD-I5771
4558,MOD-U9457
4559,MOD-M7578
4560,MOD-Q6323
4561,MOD-O5134
4562,MOD-A2187
4563,MOD-B7160
4564,MOD-M1377
4565,MOD-Z6051
4566,MOD-X1290
4567,MOD-I1068
4568,MOD-L7202
4569,MOD-T6293
4570,MOD-V8313
4571,MOD-Z9230
4572,MOD-G2239
4573,MOD-Q6067
4574,MOD-I6324
4575,MOD-O3019
4576,MOD-G9903
4577,MOD-T3248
4578,MOD-R9817
4579,MOD-G9172
4580,MOD-N8314
4581,MOD-E3675
4582,MOD-L2689
4583,MOD-S9935
4584,MOD-O1331
4585,MOD-T3414
4586,MOD-R5603
4587,MOD-N6859
4588,MOD-X7775
4589,MOD-K2808
4590,MOD-O1271
4591,MOD-G4016
4592,MOD-H4093
4593,MOD-M9473
4594,MOD-C2216
4595,MOD-Z7150
4596,MOD-P3193
4597,MOD-R9738
4598,MOD-N5691
4599,MOD-F3414
4600,MOD-U4120
4601,MOD-L4086
4602,MOD-C2176
4603,MOD-A5228
4604,MOD-N4047
4605,MOD-D3128
4606,MOD-C2028
4607,MOD-O2376
4608,MOD-B9351
4609,MOD-S2811
4610,MOD-M2459
4611,MOD-V5766
4612,MOD-Q9958
4613,MOD-B8029
4614,MOD-J9631
4615,MOD-Q5149
4616,MOD-V5860
4617,MOD-W3390
4618,MOD-Z2005
4619,MOD-U1377
4620,MOD-E6808
4621,MOD-T2302
4622,MOD-B5889
4623,MOD-W8679
4624,MOD-G7674
4625,MOD-P8738
4626,MOD-Z3207
4627,MOD-Y3130
4628,MOD-R2652
4629,MOD-N7901
4630,MOD-D4001
4631,MOD-L9408
4632,MOD-W5519
4633,MOD-G9326
4634,MOD-Z4847
4635,MOD-T5229
4636,MOD-K3987
4637,MOD-Q9184
4638,MOD-M8702
4639,MOD-S3284
4640,MOD-R3388
4641,MOD-K5168
4642,MOD-U7531
4643,MOD-H2144
4644,MOD-A6938
4645,MOD-T1243
4646,MOD-A2214
4647,MOD-W6243
4648,MOD-J7955
4649,MOD-E4044
4650,MOD-B7844
4651,MOD-J1438
4652,MOD-P9338
4653,MOD-H1047
4654,MOD-R6313
4655,MOD-K6667
4656,MOD-M4623
4657,MOD-T4984
4658,MOD-K4773
4659,MOD-C4670
4660,MOD-N9779
4661,MOD-A2981
4662,MOD-Q5438
4663,MOD-E9351
4664,MOD-N4056
4665,MOD-O5682
4666,MOD-Q4280
4667,MOD-F2300
4668,MOD-Y7762
4669,MOD-Q7870
4670,MOD-X7274
4671,MOD-E4474
4672,MOD-E6154
4673,MOD-N7468
4674,MOD-D5021
4675,MOD-Z5133
4676,MOD-R8104
4677,MOD-D6816
4678,MOD-K7575
4679,MOD-E7390
4680,MOD-B1060
4681,MOD-E5806
4682,MOD-A2809
4683,MOD-E2327
4684,MOD-Y7125
4685,MOD-E8500
4686,MOD-Z9703
4687,MOD-X6237
4688,MOD-O6178
4689,MOD-A9211
4690,MOD-C6335
4691,MOD-S7183
4692,MOD-E6477
4693,MOD-Y8235
4694,MOD-O3033
4695,MOD-U7948
4696,MOD-V3486
4697,MOD-G8622
4698,MOD-C4203
4699,MOD-X6138
4700,MOD-Z4026
4701,MOD-N5350
4702,MOD-V8856
4703,MOD-Z4355
4704,MOD-F4588
4705,MOD-J1770
4706,MOD-L5118
4707,MOD-Z8493
4708,MOD-R9084
4709,MOD-X4952
4710,MOD-N4922
4711,MOD-P7643
4712,MOD-D3657
4713,MOD-X2998
4714,MOD-Y3458
4715,MOD-J5417
4716,MOD-O3693
4717,MOD-C8610
4718,MOD-H5132
4719,MOD-Y1813
4720,MOD-G2109
4721,MOD-I2455
4722,MOD-H1070
4723,MOD-E2010
4724,MOD-Y3712
4725,MOD-K3325
4726,MOD-A7491
4727,MOD-S5129
4728,MOD-I4205
4729,MOD-S6043
4730,MOD-V4140
4731,MOD-T2257
4732,MOD-K8636
4733,MOD-O8849
4734,MOD-G7974
4735,MOD-B7975
4736,MOD-M6272
4737,MOD-L3177
4738,MOD-D8448
4739,MOD-F9603
4740,MOD-I1686
4741,MOD-H3772
4742,MOD-A2925
4743,MOD-T4445
4744,MOD-C4165
4745,MOD-U8585
4746,MOD-T8621
4747,MOD-V7804
4748,MOD-O6551
4749,MOD-Z6655
4750,MOD-X3974
4751,MOD-S5590
4752,MOD-E3937
4753,MOD-Q7108
4754,MOD-K8619
4755,MOD-R6378
4756,MOD-V4622
4757,MOD-K6272
4758,MOD-E4734
4759,MOD-C5543
4760,MOD-K6584
4761,MOD-G7804
4762,MOD-F3876
4763,MOD-K4116
4764,MOD-T9030
4765,MOD-A6832
4766,MOD-W8102
4767,MOD-K5411
4768,MOD-X5899
4769,MOD-J6105
4770,MOD-E2013
4771,MOD-C7589
4772,MOD-U9371
4773,MOD-E4486
4774,MOD-P7985
4775,MOD-O1940
4776,MOD-B4294
4777,MOD-D7038
4778,MOD-G4387
4779,MOD-J5976
4780,MOD-W7943
4781,MOD-S6746
4782,MOD-D7677
4783,MOD-K7540
4784,MOD-P6300
4785,MOD-Z3428
4786,MOD-B4838
4787,MOD-A8723
4788,MOD-K1703
4789,MOD-M4690
4790,MOD-B4550
4791,MOD-Y7416
4792,MOD-W5623
4793,MOD-W2306
4794,MOD-F9954
4795,MOD-L2786
4796,MOD-U4802
4797,MOD-C9448
4798,MOD-H2830
4799,MOD-O3364
4800,MOD-P5462
4801,MOD-B6749
4802,MOD-S3753
4803,MOD-Z3443
4804,MOD-K9806
4805,MOD-K3002
4806,MOD-D5393
4807,MOD-Q7248
4808,MOD-P9960
4809,MOD-G6645
4810,MOD-K1348
4811,MOD-P7891
4812,MOD-Q2693
4813,MOD-D3728
4814,MOD-G5928
4815,MOD-A9037
4816,MOD-O7866
4817,MOD-S4277
4818,MOD-D7193
4819,MOD-V2473
4820,MOD-W1454
4821,MOD-A9647
4822,MOD-X7969
4823,MOD-O5783
4824,MOD-U8681
4825,MOD-C7326
4826,MOD-H1909
4827,MOD-V9889
4828,MOD-H5171
4829,MOD-I5640
4830,MOD-J6360
4831,MOD-R7099
4832,MOD-Q3070
4833,MOD-G5776
4834,MOD-N6377
4835,MOD-A5380
4836,MOD-L4030
4837,MOD-X3549
4838,MOD-R4500
4839,MOD-Q8995
4840,MOD-Y8142
4841,MOD-Y6734
4842,MOD-Y7445
4843,MOD-J4884
4844,MOD-P9271
4845,MOD-X9446
4846,MOD-A5504
4847,MOD-J3988
4848,MOD-P7647
4849,MOD-R6684
4850,MOD-D1737
4851,MOD-V6820
4852,MOD-A2486
4853,MOD-D7235
4854,MOD-C5706
4855,MOD-O8254
4856,MOD-E9389
4857,MOD-U3903
4858,MOD-D5075
4859,MOD-C7798
4860,MOD-A6563
4861,MOD-K3084
4862,MOD-I3128
4863,MOD-D1576
4864,MOD-U4464
4865,MOD-H7154
4866,MOD-Y5208
4867,MOD-F7660
4868,MOD-R4383
4869,MOD-V1193
4870,MOD-T3164
4871,MOD-F7516
4872,MOD-I6650
4873,MOD-A1681
4874,MOD-N3425
4875,MOD-D9456
4876,MOD-V8335
4877,MOD-I2872
4878,MOD-Q5711
4879,MOD-M5141
4880,MOD-H2223
4881,MOD-R7148
4882,MOD-O3786
4883,MOD-L9947
4884,MOD-H3194
4885,MOD-U5353
4886,MOD-J7994
4887,MOD-O7367
4888,MOD-H8536
4889,MOD-H6668
4890,MOD-L4908
4891,MOD-F7336
4892,MOD-D9604
4893,MOD-K3356
4894,MOD-B7048
4895,MOD-I2060
4896,MOD-F9043
4897,MOD-W9263
4898,MOD-Z4715
4899,MOD-C1683
4900,MOD-O7912
4901,MOD-F5494
4902,MOD-G9277
4903,MOD-E9750
4904,MOD-L3377
4905,MOD-W9133
4906,MOD-I8317
4907,MOD-W5539
4908,MOD-R1629
4909,MOD-E3406
4910,MOD-Z4398
4911,MOD-K9904
4912,MOD-X5358
4913,MOD-L6965
4914,MOD-H8294
4915,MOD-F5229
4916,MOD-M9127
4917,MOD-K7607
4918,MOD-D4713
4919,MOD-M4167
4920,MOD-T9510
4921,MOD-A2611
4922,MOD-A9951
4923,MOD-Q1001
4924,MOD-G6728
4925,MOD-M6198
4926,MOD-I4931
4927,MOD-U4895
4928,MOD-B8750
4929,MOD-J9782
4930,MOD-Z1946
4931,MOD-E9347
4932,MOD-T4232
4933,MOD-P3534
4934,MOD-F2164
4935,MOD-M2677
4936,MOD-M4013
4937,MOD-H5431
4938,MOD-U8093
4939,MOD-N4769
4940,MOD-N1240
4941,MOD-H8026
4942,MOD-Z2965
4943,MOD-I8579
4944,MOD-Z8232
4945,MOD-K5749
4946,MOD-C6368
4947,MOD-V8306
4948,MOD-S8088
4949,MOD-S2744
4950,MOD-L3186
4951,MOD-M5912
4952,MOD-R9865
4953,MOD-B9395
4954,MOD-O9209
4955,MOD-L9882
4956,MOD-D8570
4957,MOD-C1694
4958,MOD-I3633
4959,MOD-V7764
4960,MOD-A2753
4961,MOD-Q1857
4962,MOD-Z9265
4963,MOD-C5216
4964,MOD-I6133
4965,MOD-H5349
4966,MOD-F8216
4967,MOD-O7571
4968,MOD-F5731
4969,MOD-R4561
4970,MOD-G6386
4971,MOD-P8731
4972,MOD-T2135
4973,MOD-V4480
4974,MOD-J5364
4975,MOD-V2562
4976,MOD-A3122
4977,MOD-O3958
4978,MOD-P8752
4979,MOD-K6512
4980,MOD-J2597
4981,MOD-Y3787
4982,MOD-X9261
4983,MOD-H9730
4984,MOD-O7153
4985,MOD-D3055
4986,MOD-W5281
4987,MOD-A3913
4988,MOD-P2841
4989,MOD-L3330
4990,MOD-M3756
4991,MOD-J5574
4992,MOD-C5790
4993,MOD-V2300
4994,MOD-I3034
4995,MOD-C2251
4996,MOD-S2912
4997,MOD-Q5542
4998,MOD-K2502
4999,MOD-G6989
5000,MOD-G8333
