IdOrdre,IdO
1,4560
2,1148
3,3472
4,1472
5,2526
6,4612
7,4821
8,3175
9,3362
10,2935
11,4140
12,4089
13,992
14,4450
15,2200
16,75
17,2515
18,4803
19,394
20,424
21,3150
22,637
23,4999
24,2345
25,4031
26,488
27,1981
28,2204
29,815
30,2815
31,2654
32,2300
33,1688
34,2312
35,4955
36,212
37,4788
38,3154
39,1801
40,2001
41,2853
42,883
43,3983
44,4453
45,1010
46,2420
47,2969
48,1945
49,4561
50,1169
51,1812
52,2606
53,962
54,3936
55,249
56,1412
57,1408
58,3241
59,3632
60,2413
61,2688
62,107
63,29
64,2808
65,95
66,1467
67,4918
68,2213
69,3845
70,2168
71,3225
72,4261
73,3611
74,2125
75,4595
76,357
77,4782
78,3042
79,476
80,4749
81,2551
82,4378
83,3197
84,3060
85,4772
86,8
87,3117
88,4381
89,2846
90,2308
91,2492
92,4656
93,1676
94,4435
95,4901
96,2754
97,3442
98,4304
99,825
100,2612
101,1840
102,1198
103,3980
104,4285
105,2287
106,1842
107,3872
108,130
109,2123
110,4315
111,2338
112,2450
113,473
114,1301
115,4492
116,2455
117,3029
118,2424
119,3338
120,4886
121,4000
122,2717
123,2553
124,4933
125,2362
126,458
127,3658
128,1437
129,806
130,4923
131,1899
132,214
133,3289
134,2561
135,3601
136,4235
137,4498
138,4014
139,2311
140,3557
141,4871
142,2076
143,2002
144,3452
145,3927
146,3331
147,1940
148,4313
149,1877
150,1569
151,4940
152,1345
153,3733
154,3436
155,276
156,3533
157,4039
158,711
159,3736
160,1006
161,3502
162,4535
163,975
164,247
165,2812
166,4280
167,935
168,3914
169,3512
170,275
171,1649
172,2247
173,743
174,3187
175,2326
176,128
177,1043
178,2821
179,955
180,2201
181,1860
182,911
183,3082
184,314
185,4737
186,4800
187,1776
188,3339
189,3750
190,2785
191,3269
192,3608
193,2192
194,2865
195,4171
196,2264
197,241
198,715
199,2133
200,4049
201,3616
202,3518
203,2187
204,1901
205,2223
206,1334
207,1519
208,1633
209,2745
210,2053
211,3480
212,274
213,3793
214,826
215,984
216,1800
217,4883
218,260
219,2452
220,4676
221,489
222,1949
223,2061
224,3457
225,4305
226,364
227,1624
228,360
229,4237
230,3781
231,4881
232,1255
233,2787
234,3569
235,448
236,1729
237,710
238,2269
239,4136
240,124
241,2172
242,3231
243,4537
244,1121
245,4329
246,210
247,942
248,2692
249,1711
250,2722
251,2043
252,1508
253,1374
254,2968
255,866
256,1392
257,2535
258,3721
259,533
260,512
261,3423
262,1240
263,781
264,4716
265,2468
266,2101
267,4830
268,1913
269,2457
270,3776
271,4807
272,4185
273,3636
274,2574
275,3962
276,4211
277,1973
278,3785
279,3043
280,4935
281,803
282,2638
283,3752
284,4017
285,3056
286,116
287,335
288,4417
289,1617
290,1359
291,3387
292,2907
293,2029
294,1552
295,4034
296,1281
297,494
298,1118
299,2982
300,685
301,4518
302,2660
303,1017
304,3374
305,3664
306,739
307,3499
308,3047
309,3379
310,611
311,3960
312,3810
313,1636
314,2233
315,3679
316,106
317,3699
318,812
319,393
320,430
321,1879
322,4018
323,2636
324,306
325,1592
326,2943
327,587
328,3886
329,1539
330,324
331,4981
332,3928
333,3058
334,1108
335,1591
336,3657
337,4582
338,1457
339,148
340,3617
341,1504
342,2920
343,4375
344,2240
345,4321
346,3677
347,2995
348,870
349,2164
350,2464
351,658
352,3924
353,1329
354,4115
355,798
356,4890
357,4765
358,1604
359,3581
360,2685
361,1646
362,1091
363,4528
364,1619
365,1331
366,4219
367,2769
368,162
369,1426
370,3030
371,3498
372,1705
373,3912
374,369
375,3932
376,3670
377,1205
378,4339
379,4877
380,431
381,4506
382,2248
383,1397
384,4113
385,4727
386,4162
387,221
388,3207
389,954
390,1246
391,2532
392,3459
393,1608
394,3950
395,1153
396,3771
397,421
398,4069
399,4359
400,4513
401,931
402,1554
403,566
404,63
405,1559
406,82
407,4331
408,3603
409,3587
410,2626
411,670
412,2189
413,2006
414,1883
415,2257
416,4836
417,4221
418,2414
419,4798
420,2547
421,2017
422,155
423,3675
424,1581
425,1350
426,3806
427,4133
428,3440
429,3273
430,2944
431,400
432,4054
433,3720
434,4667
435,3232
436,4121
437,4579
438,4678
439,1647
440,738
441,1211
442,4738
443,3010
444,1668
445,4067
446,2758
447,4112
448,1454
449,2543
450,778
451,2940
452,3625
453,736
454,4898
455,2330
456,1139
457,3465
458,1298
459,2664
460,3479
461,25
462,3199
463,383
464,4491
465,3476
466,2433
467,1637
468,3163
469,4176
470,1544
471,907
472,1229
473,1717
474,1342
475,689
476,591
477,1719
478,4254
479,4978
480,3016
481,4042
482,2529
483,2662
484,3994
485,4294
486,567
487,3419
488,2962
489,4206
490,1401
491,2236
492,3495
493,2337
494,1009
495,516
496,669
497,2100
498,4100
499,2696
500,4899
501,4207
502,4639
503,36
504,3504
505,3531
506,2083
507,1456
508,259
509,271
510,709
511,4931
512,1376
513,4563
514,2183
515,3013
516,1944
517,2512
518,4545
519,140
520,4986
521,4970
522,2849
523,750
524,3324
525,4322
526,2921
527,4701
528,861
529,988
530,1651
531,3621
532,994
533,1514
534,793
535,4216
536,1738
537,1090
538,2704
539,2613
540,3895
541,4618
542,338
543,188
544,1599
545,2963
546,1721
547,4480
548,4777
549,599
550,687
551,3905
552,152
553,2566
554,1522
555,3866
556,4421
557,2892
558,1811
559,3236
560,581
561,4037
562,1239
563,4441
564,4178
565,2922
566,2977
567,3710
568,2004
569,143
570,295
571,2072
572,1734
573,284
574,4437
575,1056
576,2344
577,510
578,204
579,748
580,1358
581,379
582,3788
583,4637
584,1874
585,317
586,1788
587,650
588,674
589,2932
590,3275
591,1483
592,35
593,3391
594,1547
595,3085
596,2434
597,3278
598,3451
599,622
600,2953
601,3792
602,1008
603,2251
604,4124
605,1078
606,2830
607,3101
608,3725
609,3655
610,3934
611,4531
612,4514
613,4030
614,4396
615,65
616,1208
617,889
618,4588
619,1295
620,2409
621,2361
622,1902
623,2218
624,2710
625,4756
626,2633
627,4055
628,2641
629,2239
630,4020
631,4123
632,4448
633,62
634,1938
635,272
636,3543
637,1464
638,1865
639,3943
640,3582
641,3640
642,1545
643,3933
644,1136
645,4349
646,2757
647,1752
648,3728
649,2190
650,4139
651,4818
652,3754
653,463
654,4739
655,897
656,950
657,4567
658,4114
659,4966
660,3133
661,1248
662,1076
663,3787
664,1686
665,1473
666,123
667,4741
668,586
669,786
670,2128
671,237
672,590
673,2766
674,2098
675,4473
676,4846
677,417
678,990
679,2421
680,874
681,4662
682,3515
683,3565
684,4972
685,1654
686,3367
687,4105
688,3190
689,362
690,2107
691,441
692,3682
693,4022
694,1549
695,727
696,2181
697,3098
698,3970
699,1407
700,4181
701,2331
702,4814
703,457
704,3126
705,3062
706,99
707,1110
708,1487
709,1059
710,4043
711,4710
712,2734
713,1263
714,4913
715,3782
716,4720
717,899
718,2567
719,4583
720,4917
721,3856
722,2539
723,2369
724,3660
725,1126
726,2671
727,1648
728,4348
729,3874
730,4921
731,1324
732,3439
733,2987
734,4127
735,3189
736,4274
737,4165
738,3170
739,1338
740,4845
741,1667
742,2134
743,4977
744,4191
745,1300
746,2259
747,4624
748,194
749,4794
750,3447
751,4214
752,4616
753,1429
754,3984
755,1112
756,2105
757,1923
758,2323
759,4841
760,4679
761,2069
762,3272
763,1551
764,1336
765,154
766,4229
767,2605
768,755
769,2494
770,2642
771,701
772,3089
773,2569
774,26
775,3140
776,4007
777,2537
778,499
779,2733
780,4626
781,3977
782,4392
783,3631
784,3004
785,3240
786,2965
787,864
788,2078
789,2462
790,4529
791,720
792,1089
793,1839
794,1653
795,3701
796,2388
797,4399
798,4099
799,239
800,3218
801,3706
802,2165
803,2868
804,78
805,2518
806,4159
807,1416
808,2546
809,526
810,185
811,2761
812,4147
813,1444
814,4522
815,811
816,1040
817,948
818,3237
819,1816
820,4169
821,3087
822,3796
823,2473
824,1188
825,2351
826,4604
827,3877
828,3684
829,2444
830,298
831,1897
832,4538
833,2399
834,2798
835,2520
836,3293
837,1375
838,4432
839,547
840,2124
841,1369
842,915
843,251
844,334
845,1580
846,2350
847,4758
848,1918
849,2929
850,2540
851,2394
852,2158
853,3477
854,4634
855,4353
856,44
857,1975
858,2678
859,3310
860,345
861,4723
862,3326
863,2054
864,1994
865,427
866,754
867,2533
868,4683
869,4292
870,452
871,2051
872,4459
873,1469
874,4736
875,818
876,2328
877,3314
878,3630
879,3955
880,40
881,2499
882,2449
883,112
884,168
885,4714
886,4629
887,5
888,2015
889,1114
890,3410
891,1107
892,594
893,2836
894,2132
895,728
896,2094
897,759
898,4546
899,1789
900,4861
901,1924
902,3335
903,10
904,2668
905,1012
906,1146
907,1769
908,4587
909,1185
910,2893
911,4295
912,643
913,4051
914,2359
915,2507
916,2440
917,3138
918,4648
919,1432
920,213
921,3562
922,3593
923,4574
924,220
925,2113
926,2994
927,1370
928,1891
929,3848
930,3323
931,3963
932,2318
933,2765
934,2041
935,286
936,1015
937,1546
938,4927
939,621
940,3167
941,4857
942,887
943,2211
944,4700
945,1950
946,1892
947,747
948,559
949,500
950,542
951,767
952,1164
953,3558
954,2176
955,2822
956,3993
957,2465
958,3035
959,574
960,1756
961,2531
962,2744
963,2583
964,925
965,3641
966,3571
967,2222
968,3322
969,3959
970,3299
971,3650
972,1567
973,4174
974,3973
975,3610
976,4598
977,4850
978,1207
979,3821
980,1236
981,3622
982,191
983,1138
984,3922
985,3453
986,819
987,3130
988,1339
989,792
990,2381
991,4158
992,2565
993,3351
994,2901
995,374
996,3254
997,1977
998,3249
999,4499
1000,4774
