IdP,IdL
1,3539
2,2233
3,938
4,4162
5,1580
6,1207
7,103
8,2610
9,1835
10,372
11,2828
12,221
13,2843
14,2672
15,1313
16,4441
17,776
18,2115
19,
20,2393
21,498
22,1486
23,3490
24,1655
25,2404
26,
27,2511
28,
29,3998
30,
31,781
32,1489
33,2709
34,1078
35,2977
36,3383
37,2291
38,4967
39,
40,2995
41,
42,2743
43,1886
44,2125
45,2507
46,4160
47,3339
48,
49,2050
50,544
51,4964
52,278
53,542
54,2719
55,3164
56,1189
57,1474
58,1397
59,2784
60,4655
61,2849
62,3297
63,3962
64,
65,2506
66,2013
67,619
68,321
69,1205
70,2507
71,4151
72,1264
73,
74,4125
75,2785
76,4120
77,3577
78,614
79,2065
80,472
81,
82,
83,98
84,
85,
86,3532
87,4016
88,4011
89,1260
90,3467
91,2422
92,901
93,431
94,4033
95,3621
96,2874
97,
98,4310
99,493
100,2128
101,4099
102,4236
103,935
104,4044
105,1098
106,3892
107,164
108,4618
109,4199
110,1188
111,1585
112,4727
113,3355
114,4244
115,2951
116,236
117,3122
118,4240
119,
120,4905
121,1439
122,3306
123,
124,1553
125,1303
126,529
127,
128,3366
129,1481
130,137
131,
132,
133,727
134,3448
135,1284
136,1833
137,1330
138,2540
139,
140,678
141,
142,
143,3203
144,1223
145,2120
146,68
147,2539
148,4903
149,323
150,2882
151,337
152,
153,4376
154,464
155,3175
156,3949
157,4948
158,4172
159,4269
160,
161,1591
162,
163,2459
164,3844
165,990
166,
167,1973
168,
169,4853
170,3723
171,4097
172,1535
173,1444
174,3999
175,229
176,3813
177,4228
178,2380
179,2369
180,4445
181,623
182,
183,3351
184,375
185,3853
186,3188
187,418
188,212
189,2508
190,3747
191,2291
192,4118
193,31
194,4946
195,1961
196,
197,525
198,567
199,4435
200,2146
201,1113
202,4418
203,
204,1779
205,
206,
207,1332
208,1780
209,
210,364
211,
212,2382
213,675
214,3999
215,4748
216,3427
217,883
218,3408
219,
220,944
221,1407
222,518
223,2381
224,4504
225,1505
226,48
227,
228,3081
229,4357
230,1765
231,3412
232,3358
233,4000
234,2820
235,1058
236,2413
237,
238,989
239,4149
240,4666
241,3700
242,4781
243,533
244,1597
245,357
246,4162
247,2418
248,
249,1148
250,2316
251,2404
252,3182
253,3107
254,555
255,3745
256,121
257,4987
258,2404
259,4187
260,3480
261,
262,1237
263,4297
264,2228
265,3823
266,366
267,2314
268,3429
269,4641
270,3854
271,3784
272,890
273,3572
274,1806
275,4732
276,4074
277,369
278,1211
279,1378
280,
281,2507
282,
283,3481
284,3406
285,2376
286,2703
287,2539
288,1051
289,1998
290,4443
291,3549
292,2263
293,2894
294,3509
295,
296,2847
297,162
298,
299,2586
300,2149
301,756
302,3772
303,3860
304,4511
305,277
306,
307,1579
308,2022
309,2189
310,2128
311,24
312,4530
313,1481
314,826
315,308
316,3767
317,423
318,821
319,4049
320,2937
321,519
322,3539
323,
324,
325,494
326,3531
327,189
328,
329,619
330,4455
331,4893
332,
333,
334,
335,464
336,3307
337,2224
338,239
339,2582
340,
341,2253
342,2481
343,4551
344,1722
345,1518
346,
347,2091
348,4933
349,4296
350,2994
351,
352,3815
353,3956
354,678
355,4836
356,
357,1151
358,2226
359,
360,2733
361,1758
362,
363,2853
364,428
365,2732
366,2964
367,3969
368,4477
369,193
370,1852
371,2319
372,955
373,3168
374,4451
375,33
376,3933
377,3295
378,4262
379,2161
380,2078
381,1238
382,2656
383,4252
384,3129
385,
386,3769
387,4032
388,4797
389,1351
390,
391,3352
392,4820
393,1303
394,3649
395,3656
396,3765
397,2238
398,1810
399,851
400,
401,
402,2401
403,1226
404,3159
405,4198
406,803
407,344
408,4053
409,
410,3795
411,1220
412,2261
413,
414,3794
415,3659
416,808
417,2390
418,4624
419,513
420,1704
421,1833
422,3331
423,3813
424,
425,
426,1504
427,1243
428,3947
429,
430,1755
431,3538
432,1749
433,4060
434,4519
435,2435
436,628
437,4716
438,2572
439,1189
440,2753
441,170
442,4325
443,2940
444,4524
445,3898
446,1014
447,582
448,2956
449,1909
450,2746
451,1053
452,4950
453,1633
454,626
455,2308
456,3372
457,2348
458,1455
459,61
460,1936
461,
462,4374
463,2967
464,2965
465,3511
466,817
467,2940
468,4661
469,1892
470,577
471,2560
472,362
473,1754
474,3818
475,1620
476,2715
477,1803
478,1131
479,2405
480,41
481,
482,1432
483,3010
484,2345
485,1048
486,88
487,2820
488,2782
489,1288
490,
491,2451
492,1916
493,3198
494,1222
495,3769
496,3770
497,4334
498,
499,3846
500,
501,4753
502,2303
503,2392
504,895
505,4406
506,4826
507,3527
508,2856
509,
510,4076
511,351
512,905
513,1961
514,186
515,344
516,2355
517,4596
518,1953
519,2813
520,1743
521,
522,2702
523,2454
524,
525,1405
526,757
527,994
528,527
529,1174
530,1241
531,1556
532,1371
533,1706
534,3207
535,
536,
537,1439
538,5000
539,103
540,1319
541,3375
542,3039
543,
544,3555
545,4722
546,2679
547,2911
548,3655
549,1062
550,
551,4669
552,2644
553,
554,2040
555,418
556,998
557,3708
558,1513
559,1798
560,2483
561,1940
562,3797
563,
564,1933
565,56
566,
567,3289
568,1948
569,3705
570,3629
571,
572,2094
573,2959
574,1653
575,4215
576,482
577,
578,1397
579,
580,1404
581,4251
582,
583,
584,2335
585,1658
586,4138
587,4781
588,
589,4134
590,2657
591,4269
592,2351
593,4602
594,567
595,1787
596,
597,4622
598,4589
599,2188
600,
601,4272
602,2148
603,
604,4237
605,2741
606,4341
607,3796
608,3975
609,2015
610,1263
611,1289
612,1500
613,3295
614,1512
615,
616,
617,4048
618,4856
619,540
620,3462
621,4936
622,694
623,2700
624,4958
625,3664
626,2111
627,167
628,972
629,617
630,3742
631,1671
632,2590
633,3907
634,968
635,4704
636,
637,1366
638,4039
639,2978
640,
641,975
642,3199
643,2806
644,4301
645,1529
646,1525
647,1856
648,4842
649,2585
650,2523
651,1475
652,1991
653,4802
654,415
655,4550
656,1030
657,3398
658,1655
659,13
660,3864
661,827
662,262
663,872
664,1000
665,474
666,4311
667,2506
668,
669,1189
670,357
671,1221
672,4555
673,3881
674,517
675,
676,4977
677,1933
678,3072
679,
680,2968
681,2233
682,3238
683,
684,4649
685,2135
686,
687,2379
688,4953
689,3353
690,3118
691,519
692,4636
693,432
694,802
695,
696,1140
697,4122
698,
699,724
700,4379
701,39
702,3411
703,3750
704,4097
705,3030
706,4254
707,2296
708,677
709,3187
710,1507
711,3597
712,1843
713,1721
714,4120
715,1513
716,2356
717,3236
718,1103
719,
720,1555
721,
722,4479
723,4156
724,
725,1773
726,1952
727,1224
728,2657
729,1550
730,
731,1156
732,4427
733,184
734,153
735,3769
736,4771
737,1179
738,1402
739,3577
740,
741,3664
742,1550
743,4418
744,1451
745,401
746,1661
747,
748,880
749,2552
750,2497
751,
752,1723
753,214
754,3674
755,1030
756,
757,
758,4283
759,1161
760,4410
761,2173
762,
763,3521
764,2171
765,
766,2748
767,1092
768,3685
769,
770,1275
771,3002
772,2465
773,1694
774,4962
775,171
776,2154
777,
778,3341
779,987
780,4487
781,
782,4460
783,2999
784,4706
785,1747
786,2835
787,79
788,3880
789,
790,3087
791,592
792,3399
793,4365
794,1321
795,757
796,4911
797,3918
798,623
799,2357
800,2204
801,2704
802,252
803,2651
804,93
805,4349
806,1692
807,3559
808,792
809,1022
810,3177
811,4296
812,2863
813,124
814,1223
815,1077
816,
817,2544
818,4419
819,1377
820,
821,1909
822,4575
823,1358
824,2040
825,270
826,1448
827,939
828,2306
829,443
830,223
831,3946
832,2023
833,204
834,4499
835,4506
836,
837,2758
838,2139
839,2388
840,920
841,4073
842,1609
843,3093
844,3328
845,2323
846,
847,2437
848,3782
849,3239
850,4744
851,
852,
853,3576
854,3309
855,3784
856,2631
857,2688
858,24
859,2167
860,3264
861,2460
862,3441
863,62
864,2275
865,1417
866,4549
867,3214
868,1040
869,37
870,2659
871,453
872,2485
873,1806
874,1297
875,
876,938
877,572
878,3983
879,4389
880,4609
881,3655
882,584
883,3869
884,2317
885,1284
886,
887,4320
888,1168
889,1059
890,4685
891,1436
892,1206
893,1344
894,215
895,735
896,1472
897,4141
898,798
899,3036
900,967
901,943
902,4707
903,2770
904,
905,4022
906,668
907,1064
908,4905
909,
910,1157
911,2558
912,357
913,3218
914,1467
915,4657
916,4076
917,2501
918,3699
919,4029
920,
921,2951
922,
923,2489
924,2603
925,4045
926,457
927,4301
928,67
929,1135
930,2129
931,2598
932,1393
933,
934,2142
935,1076
936,4790
937,2793
938,1191
939,4696
940,1075
941,
942,1269
943,3367
944,270
945,2335
946,
947,136
948,1471
949,2724
950,3761
951,1185
952,
953,2121
954,
955,4945
956,4565
957,3560
958,4495
959,
960,2068
961,4867
962,4361
963,862
964,3153
965,783
966,2257
967,
968,1812
969,4826
970,4946
971,1513
972,790
973,
974,1187
975,3456
976,2553
977,4168
978,3844
979,4528
980,3193
981,1929
982,1783
983,672
984,2546
985,2033
986,2247
987,1158
988,3516
989,1322
990,2721
991,1687
992,4414
993,
994,817
995,4615
996,4402
997,
998,1951
999,4401
1000,884
1001,4899
1002,2647
1003,1174
1004,2594
1005,1340
1006,3030
1007,3194
1008,3633
1009,4417
1010,
1011,4948
1012,
1013,1065
1014,3513
1015,1227
1016,3352
1017,3232
1018,
1019,3361
1020,407
1021,
1022,2586
1023,4103
1024,1835
1025,2903
1026,4726
1027,978
1028,433
1029,1913
1030,436
1031,
1032,3499
1033,4669
1034,
1035,
1036,702
1037,4437
1038,3572
1039,2690
1040,1128
1041,2841
1042,
1043,3804
1044,377
1045,4560
1046,2276
1047,1083
1048,4374
1049,1575
1050,1975
1051,3036
1052,945
1053,3253
1054,2082
1055,2952
1056,2449
1057,1650
1058,83
1059,
1060,603
1061,181
1062,235
1063,
1064,898
1065,4522
1066,
1067,2340
1068,2832
1069,1211
1070,1113
1071,1661
1072,3555
1073,4498
1074,3075
1075,4342
1076,46
1077,1435
1078,
1079,
1080,2944
1081,2805
1082,1497
1083,375
1084,522
1085,4786
1086,2481
1087,
1088,
1089,2953
1090,3775
1091,2585
1092,1364
1093,
1094,3334
1095,1397
1096,3923
1097,447
1098,4423
1099,4793
1100,2716
1101,3561
1102,939
1103,1936
1104,1760
1105,3762
1106,3351
1107,2264
1108,3573
1109,1401
1110,81
1111,617
1112,1780
1113,
1114,4822
1115,
1116,4173
1117,298
1118,1082
1119,4315
1120,4273
1121,3645
1122,
1123,1160
1124,3924
1125,1910
1126,3643
1127,1567
1128,3350
1129,3414
1130,4536
1131,
1132,3430
1133,2514
1134,2066
1135,1049
1136,2344
1137,481
1138,2571
1139,3417
1140,1720
1141,4593
1142,1895
1143,3003
1144,721
1145,2370
1146,3668
1147,4025
1148,2334
1149,
1150,3687
1151,48
1152,2848
1153,4860
1154,4089
1155,
1156,3668
1157,
1158,308
1159,2844
1160,3136
1161,4500
1162,4606
1163,1549
1164,3103
1165,3027
1166,4295
1167,
1168,2493
1169,3050
1170,
1171,4411
1172,4086
1173,370
1174,4605
1175,1035
1176,947
1177,1794
1178,248
1179,
1180,2242
1181,2355
1182,4478
1183,1011
1184,1218
1185,1493
1186,4238
1187,2827
1188,3743
1189,2581
1190,
1191,2475
1192,2585
1193,2336
1194,4035
1195,82
1196,
1197,910
1198,
1199,324
1200,2098
1201,1810
1202,2006
1203,3608
1204,2138
1205,
1206,
1207,
1208,607
1209,4244
1210,941
1211,4228
1212,433
1213,645
1214,
1215,728
1216,1068
1217,4557
1218,731
1219,3833
1220,1657
1221,571
1222,3126
1223,612
1224,4909
1225,
1226,3840
1227,48
1228,3261
1229,1545
1230,3199
1231,885
1232,2946
1233,3642
1234,4287
1235,4338
1236,4926
1237,1107
1238,617
1239,3858
1240,2025
1241,4490
1242,
1243,3321
1244,1922
1245,1278
1246,1900
1247,3332
1248,
1249,2954
1250,2126
1251,4707
1252,2771
1253,
1254,3298
1255,4626
1256,4202
1257,
1258,4833
1259,
1260,2952
1261,
1262,2016
1263,532
1264,4263
1265,2691
1266,3182
1267,
1268,921
1269,4048
1270,3691
1271,1402
1272,1339
1273,3622
1274,
1275,187
1276,1626
1277,1138
1278,4157
1279,4418
1280,4065
1281,987
1282,2700
1283,1874
1284,3256
1285,3353
1286,3080
1287,1543
1288,4054
1289,1234
1290,5000
1291,4532
1292,
1293,
1294,2497
1295,4389
1296,2284
1297,2513
1298,
1299,
1300,3446
1301,4384
1302,526
1303,
1304,138
1305,2754
1306,120
1307,1601
1308,3631
1309,2512
1310,2689
1311,449
1312,4297
1313,2616
1314,2271
1315,
1316,4824
1317,2079
1318,2112
1319,1789
1320,442
1321,848
1322,2550
1323,2339
1324,4029
1325,2073
1326,3205
1327,1680
1328,4766
1329,738
1330,3569
1331,
1332,1867
1333,942
1334,
1335,1864
1336,
1337,3443
1338,4442
1339,2801
1340,56
1341,4584
1342,
1343,920
1344,4959
1345,
1346,2558
1347,390
1348,203
1349,3984
1350,
1351,3822
1352,1778
1353,3913
1354,1491
1355,599
1356,1717
1357,1036
1358,3511
1359,2512
1360,4498
1361,1298
1362,2627
1363,1291
1364,
1365,4864
1366,1503
1367,1755
1368,4275
1369,2268
1370,1775
1371,2149
1372,3115
1373,4999
1374,1530
1375,3815
1376,
1377,2705
1378,2391
1379,4322
1380,4292
1381,
1382,3415
1383,3382
1384,
1385,4772
1386,3250
1387,4510
1388,
1389,960
1390,3911
1391,3312
1392,2792
1393,2051
1394,747
1395,1552
1396,1412
1397,1319
1398,
1399,3083
1400,1574
1401,4381
1402,3684
1403,
1404,1445
1405,4614
1406,1950
1407,843
1408,192
1409,289
1410,3118
1411,3363
1412,
1413,2807
1414,3813
1415,3992
1416,4111
1417,
1418,3162
1419,
1420,1955
1421,
1422,914
1423,
1424,4091
1425,4025
1426,
1427,1927
1428,3418
1429,617
1430,2695
1431,
1432,2734
1433,
1434,2932
1435,2889
1436,3251
1437,
1438,1699
1439,705
1440,3041
1441,1403
1442,3217
1443,
1444,103
1445,2260
1446,4226
1447,4202
1448,
1449,680
1450,897
1451,2585
1452,4499
1453,2913
1454,1511
1455,3190
1456,
1457,1539
1458,4938
1459,1714
1460,2294
1461,1288
1462,2432
1463,
1464,
1465,
1466,
1467,
1468,2368
1469,112
1470,4860
1471,1944
1472,1807
1473,3926
1474,4178
1475,4391
1476,4692
1477,
1478,
1479,3670
1480,2050
1481,2903
1482,4023
1483,1892
1484,1649
1485,3261
1486,944
1487,1683
1488,4131
1489,2822
1490,581
1491,4672
1492,4363
1493,
1494,1540
1495,3048
1496,2787
1497,4067
1498,1054
1499,
1500,1550
1501,4072
1502,1817
1503,369
1504,503
1505,3661
1506,3053
1507,1708
1508,3109
1509,
1510,4605
1511,3110
1512,3483
1513,530
1514,718
1515,285
1516,2723
1517,493
1518,3201
1519,4580
1520,2070
1521,1785
1522,2325
1523,4058
1524,647
1525,622
1526,2477
1527,
1528,305
1529,3883
1530,3319
1531,
1532,243
1533,3006
1534,4739
1535,1180
1536,4003
1537,176
1538,1895
1539,
1540,4755
1541,2387
1542,472
1543,2350
1544,1760
1545,2313
1546,2113
1547,271
1548,1476
1549,2364
1550,423
1551,4500
1552,4998
1553,3696
1554,1410
1555,1792
1556,4618
1557,679
1558,4211
1559,
1560,2979
1561,1186
1562,1595
1563,
1564,1914
1565,2951
1566,
1567,2124
1568,2597
1569,131
1570,72
1571,1535
1572,2711
1573,4771
1574,829
1575,2264
1576,
1577,3605
1578,3136
1579,4770
1580,62
1581,2203
1582,390
1583,1046
1584,
1585,3336
1586,2789
1587,1528
1588,4135
1589,980
1590,4788
1591,1113
1592,3078
1593,1060
1594,
1595,596
1596,871
1597,2500
1598,1716
1599,271
1600,
1601,684
1602,2394
1603,1615
1604,2535
1605,2970
1606,3973
1607,1482
1608,2629
1609,2504
1610,3744
1611,463
1612,3028
1613,4202
1614,
1615,2348
1616,1658
1617,2875
1618,3858
1619,2303
1620,4094
1621,
1622,3624
1623,4595
1624,1874
1625,1972
1626,4667
1627,2541
1628,4674
1629,177
1630,
1631,4713
1632,
1633,4812
1634,2265
1635,2195
1636,4111
1637,2701
1638,4990
1639,4149
1640,459
1641,4165
1642,775
1643,1530
1644,4888
1645,676
1646,3709
1647,3390
1648,2976
1649,4264
1650,
1651,2605
1652,2959
1653,1734
1654,
1655,1446
1656,1493
1657,1187
1658,81
1659,2868
1660,2766
1661,2606
1662,1190
1663,2785
1664,4082
1665,
1666,3279
1667,4399
1668,2432
1669,4395
1670,1277
1671,150
1672,1468
1673,2811
1674,4638
1675,451
1676,254
1677,2274
1678,1167
1679,4839
1680,3002
1681,1606
1682,981
1683,2040
1684,
1685,4218
1686,1575
1687,4157
1688,1959
1689,2814
1690,2960
1691,
1692,865
1693,3333
1694,1587
1695,
1696,
1697,1090
1698,4285
1699,2832
1700,3907
1701,3733
1702,546
1703,
1704,716
1705,3475
1706,3966
1707,929
1708,3715
1709,2627
1710,1721
1711,1216
1712,
1713,2339
1714,2703
1715,601
1716,3371
1717,2832
1718,957
1719,1174
1720,3007
1721,3310
1722,3710
1723,4369
1724,2594
1725,3611
1726,439
1727,277
1728,1651
1729,437
1730,
1731,1651
1732,3168
1733,2307
1734,
1735,1883
1736,4579
1737,4167
1738,87
1739,1560
1740,725
1741,2041
1742,68
1743,2994
1744,4543
1745,534
1746,3777
1747,3626
1748,56
1749,1084
1750,
1751,
1752,3013
1753,4453
1754,2495
1755,4866
1756,
1757,3959
1758,
1759,
1760,772
1761,1788
1762,
1763,2122
1764,1130
1765,2016
1766,4278
1767,1685
1768,4061
1769,59
1770,1307
1771,3563
1772,1480
1773,2475
1774,4924
1775,82
1776,4059
1777,525
1778,1879
1779,4692
1780,4333
1781,4317
1782,4322
1783,3859
1784,4471
1785,2001
1786,2384
1787,1228
1788,165
1789,2623
1790,3215
1791,734
1792,4681
1793,
1794,3255
1795,3563
1796,2408
1797,
1798,3877
1799,108
1800,3156
1801,2492
1802,3622
1803,3343
1804,
1805,1053
1806,1340
1807,4555
1808,78
1809,1105
1810,3375
1811,2854
1812,
1813,1027
1814,3103
1815,
1816,4122
1817,4933
1818,1395
1819,3512
1820,3198
1821,
1822,1167
1823,3354
1824,4533
1825,3609
1826,4506
1827,
1828,3335
1829,2647
1830,1302
1831,687
1832,
1833,
1834,1331
1835,3072
1836,1356
1837,1756
1838,4169
1839,1301
1840,2857
1841,2193
1842,
1843,4084
1844,3022
1845,
1846,3066
1847,3291
1848,
1849,97
1850,99
1851,2166
1852,1275
1853,3865
1854,1475
1855,3445
1856,1131
1857,3676
1858,
1859,
1860,4492
1861,3894
1862,289
1863,
1864,
1865,3971
1866,
1867,589
1868,401
1869,1574
1870,2643
1871,4301
1872,4984
1873,
1874,796
1875,4242
1876,2209
1877,2121
1878,3539
1879,4912
1880,
1881,4514
1882,2597
1883,
1884,1228
1885,2828
1886,2898
1887,
1888,3179
1889,3896
1890,3044
1891,4390
1892,1501
1893,2360
1894,
1895,1983
1896,2204
1897,2818
1898,4475
1899,241
1900,3643
1901,
1902,1841
1903,1411
1904,3817
1905,118
1906,4672
1907,1542
1908,
1909,
1910,3255
1911,1545
1912,
1913,130
1914,3959
1915,2502
1916,3249
1917,657
1918,4031
1919,4983
1920,1666
1921,
1922,
1923,331
1924,1933
1925,4834
1926,3362
1927,912
1928,4224
1929,2157
1930,2501
1931,1780
1932,
1933,
1934,3988
1935,2418
1936,3618
1937,687
1938,1578
1939,803
1940,1189
1941,4904
1942,
1943,2439
1944,3438
1945,4605
1946,4631
1947,571
1948,2584
1949,4545
1950,4069
1951,3917
1952,2602
1953,1439
1954,4022
1955,2036
1956,3238
1957,2435
1958,4835
1959,226
1960,4123
1961,
1962,4684
1963,1194
1964,2483
1965,4337
1966,
1967,2820
1968,3504
1969,804
1970,
1971,
1972,2960
1973,1591
1974,2255
1975,3941
1976,1604
1977,4239
1978,
1979,
1980,2496
1981,4955
1982,3843
1983,2136
1984,2324
1985,3824
1986,2278
1987,
1988,2866
1989,2937
1990,3587
1991,983
1992,315
1993,2224
1994,4448
1995,4778
1996,4509
1997,3227
1998,589
1999,2506
2000,4306
2001,1371
2002,195
2003,193
2004,4789
2005,3560
2006,70
2007,2089
2008,4539
2009,4470
2010,4555
2011,153
2012,2078
2013,4111
2014,
2015,2749
2016,1791
2017,4828
2018,969
2019,850
2020,803
2021,4645
2022,1432
2023,646
2024,2726
2025,3500
2026,2101
2027,4115
2028,3708
2029,3699
2030,4268
2031,2181
2032,2464
2033,
2034,2070
2035,2727
2036,879
2037,2934
2038,4341
2039,1788
2040,2371
2041,1146
2042,557
2043,
2044,1275
2045,1960
2046,
2047,1092
2048,2699
2049,2688
2050,4935
2051,2367
2052,3561
2053,3978
2054,3586
2055,3170
2056,3462
2057,1304
2058,873
2059,1585
2060,
2061,4851
2062,4326
2063,233
2064,
2065,1729
2066,
2067,2480
2068,3597
2069,4683
2070,512
2071,2071
2072,2735
2073,1439
2074,
2075,
2076,3071
2077,885
2078,
2079,997
2080,2883
2081,4468
2082,3567
2083,2231
2084,4752
2085,1477
2086,1781
2087,1643
2088,4577
2089,
2090,4929
2091,
2092,1999
2093,1583
2094,1010
2095,1163
2096,2281
2097,2656
2098,4026
2099,3241
2100,4852
2101,3626
2102,2820
2103,618
2104,
2105,935
2106,2752
2107,2321
2108,1263
2109,4513
2110,4105
2111,280
2112,1660
2113,2799
2114,1996
2115,2877
2116,179
2117,1216
2118,2236
2119,2985
2120,
2121,2377
2122,4028
2123,92
2124,1163
2125,
2126,768
2127,1870
2128,4120
2129,3629
2130,4355
2131,
2132,4624
2133,4678
2134,3825
2135,224
2136,
2137,
2138,1154
2139,1921
2140,3921
2141,1261
2142,2518
2143,1554
2144,720
2145,3264
2146,4144
2147,1923
2148,1583
2149,4995
2150,4277
2151,
2152,4767
2153,7
2154,2600
2155,2517
2156,1885
2157,3651
2158,3582
2159,4322
2160,4791
2161,835
2162,74
2163,155
2164,2566
2165,4563
2166,4583
2167,1405
2168,1384
2169,224
2170,3116
2171,3212
2172,843
2173,566
2174,475
2175,2808
2176,472
2177,1196
2178,1973
2179,905
2180,2129
2181,3728
2182,1105
2183,3111
2184,4698
2185,4516
2186,3298
2187,2479
2188,
2189,2850
2190,683
2191,739
2192,3742
2193,210
2194,
2195,
2196,2446
2197,4003
2198,
2199,182
2200,1308
2201,
2202,
2203,
2204,1129
2205,
2206,
2207,2873
2208,1851
2209,
2210,4284
2211,3163
2212,558
2213,644
2214,3932
2215,1021
2216,4249
2217,2823
2218,
2219,2722
2220,3230
2221,1068
2222,811
2223,400
2224,1559
2225,4052
2226,3762
2227,2019
2228,
2229,963
2230,4604
2231,2528
2232,
2233,
2234,
2235,3509
2236,4550
2237,2423
2238,2909
2239,497
2240,3163
2241,906
2242,
2243,39
2244,
2245,3563
2246,1353
2247,2334
2248,1908
2249,3528
2250,2777
2251,4829
2252,4933
2253,1748
2254,3749
2255,
2256,1466
2257,
2258,
2259,3169
2260,
2261,2355
2262,473
2263,3111
2264,3222
2265,3664
2266,1005
2267,
2268,427
2269,3094
2270,3904
2271,780
2272,4227
2273,3345
2274,4884
2275,3979
2276,3526
2277,3562
2278,560
2279,1653
2280,
2281,2845
2282,2491
2283,1546
2284,4011
2285,4431
2286,2562
2287,
2288,1010
2289,2999
2290,
2291,3875
2292,1341
2293,141
2294,866
2295,4903
2296,1221
2297,3194
2298,1509
2299,803
2300,2387
2301,2633
2302,2930
2303,
2304,321
2305,2348
2306,4678
2307,3766
2308,3168
2309,810
2310,1798
2311,365
2312,
2313,4957
2314,4030
2315,4729
2316,3606
2317,4076
2318,3264
2319,3769
2320,
2321,1599
2322,1258
2323,2680
2324,2109
2325,3260
2326,4700
2327,240
2328,
2329,3375
2330,3097
2331,231
2332,4182
2333,441
2334,1294
2335,
2336,4738
2337,3966
2338,351
2339,4034
2340,3721
2341,1874
2342,
2343,1226
2344,2758
2345,3216
2346,636
2347,
2348,1761
2349,1501
2350,4766
2351,3909
2352,139
2353,382
2354,2916
2355,
2356,
2357,634
2358,4799
2359,1930
2360,3814
2361,315
2362,837
2363,2910
2364,2215
2365,
2366,4609
2367,2853
2368,727
2369,
2370,4667
2371,4580
2372,3737
2373,634
2374,1623
2375,4582
2376,2769
2377,970
2378,
2379,2526
2380,
2381,683
2382,3010
2383,
2384,4851
2385,943
2386,2507
2387,3498
2388,1099
2389,1626
2390,821
2391,
2392,
2393,3983
2394,4523
2395,4086
2396,
2397,3501
2398,
2399,
2400,
2401,4302
2402,3859
2403,
2404,1756
2405,3503
2406,4814
2407,1114
2408,2424
2409,4379
2410,240
2411,2207
2412,2204
2413,3808
2414,
2415,2200
2416,
2417,2528
2418,4769
2419,1954
2420,3585
2421,
2422,4425
2423,4348
2424,
2425,1204
2426,384
2427,4123
2428,
2429,4263
2430,2603
2431,4309
2432,3623
2433,4062
2434,3708
2435,2791
2436,1255
2437,1291
2438,
2439,2631
2440,4438
2441,3076
2442,3586
2443,3949
2444,4982
2445,
2446,2918
2447,469
2448,2024
2449,4849
2450,
2451,1820
2452,3673
2453,2246
2454,2405
2455,
2456,1322
2457,778
2458,
2459,
2460,4149
2461,3781
2462,4038
2463,2775
2464,4878
2465,1062
2466,4288
2467,168
2468,3347
2469,1168
2470,562
2471,
2472,1096
2473,1065
2474,740
2475,
2476,908
2477,1434
2478,
2479,
2480,27
2481,
2482,1938
2483,2693
2484,3037
2485,
2486,1107
2487,4250
2488,1583
2489,1149
2490,2914
2491,1527
2492,2368
2493,4212
2494,4741
2495,4955
2496,1743
2497,1846
2498,3423
2499,3464
2500,1088
2501,2924
2502,3519
2503,2462
2504,383
2505,
2506,4095
2507,3375
2508,227
2509,2984
2510,
2511,4265
2512,4976
2513,3614
2514,1642
2515,358
2516,4242
2517,3009
2518,
2519,464
2520,2284
2521,2687
2522,2103
2523,4678
2524,3779
2525,2754
2526,2630
2527,2010
2528,2197
2529,3502
2530,502
2531,2677
2532,3308
2533,1906
2534,
2535,
2536,3351
2537,3452
2538,2089
2539,2395
2540,4589
2541,2153
2542,1638
2543,3903
2544,68
2545,560
2546,1932
2547,1618
2548,4729
2549,
2550,91
2551,2632
2552,
2553,932
2554,3464
2555,1020
2556,253
2557,1732
2558,4344
2559,
2560,2034
2561,3654
2562,4947
2563,1894
2564,2248
2565,2382
2566,147
2567,3558
2568,4611
2569,1787
2570,
2571,3686
2572,2333
2573,3112
2574,1222
2575,994
2576,1606
2577,2168
2578,1162
2579,4042
2580,
2581,273
2582,1240
2583,1437
2584,3032
2585,2459
2586,2324
2587,
2588,555
2589,1743
2590,
2591,3678
2592,1390
2593,540
2594,3335
2595,4343
2596,1033
2597,4802
2598,3619
2599,3109
2600,
2601,3705
2602,394
2603,2226
2604,3636
2605,3548
2606,224
2607,
2608,1010
2609,4754
2610,4367
2611,
2612,
2613,
2614,343
2615,
2616,1278
2617,3096
2618,414
2619,1533
2620,
2621,4140
2622,2530
2623,999
2624,2942
2625,3023
2626,3201
2627,3673
2628,204
2629,825
2630,135
2631,177
2632,996
2633,1605
2634,2866
2635,1935
2636,2442
2637,4178
2638,297
2639,1579
2640,2614
2641,888
2642,
2643,1844
2644,4543
2645,2942
2646,3022
2647,326
2648,868
2649,1717
2650,3021
2651,2429
2652,2222
2653,3389
2654,
2655,
2656,2237
2657,735
2658,4250
2659,4439
2660,
2661,3681
2662,836
2663,1922
2664,4389
2665,492
2666,4925
2667,1745
2668,3160
2669,3444
2670,2985
2671,4537
2672,
2673,
2674,532
2675,
2676,
2677,2542
2678,4630
2679,4883
2680,4924
2681,772
2682,1386
2683,2259
2684,1748
2685,3190
2686,
2687,4189
2688,
2689,412
2690,2687
2691,2898
2692,
2693,350
2694,2637
2695,1338
2696,2365
2697,4713
2698,4825
2699,707
2700,4340
2701,2587
2702,2925
2703,1748
2704,1400
2705,4210
2706,1983
2707,2871
2708,1184
2709,520
2710,
2711,288
2712,2261
2713,804
2714,2816
2715,1292
2716,2949
2717,3971
2718,1141
2719,2390
2720,3181
2721,740
2722,
2723,
2724,1346
2725,3880
2726,3398
2727,3207
2728,4056
2729,1260
2730,71
2731,1821
2732,827
2733,
2734,10
2735,2598
2736,3381
2737,263
2738,594
2739,3796
2740,1870
2741,3093
2742,
2743,
2744,1989
2745,4558
2746,4302
2747,
2748,3606
2749,2768
2750,2957
2751,1415
2752,133
2753,1931
2754,2875
2755,516
2756,2780
2757,1104
2758,
2759,4066
2760,1731
2761,1562
2762,1859
2763,
2764,1089
2765,1429
2766,
2767,4734
2768,4335
2769,
2770,541
2771,118
2772,4810
2773,4596
2774,1754
2775,1642
2776,2758
2777,2108
2778,727
2779,1783
2780,3545
2781,17
2782,2063
2783,4613
2784,
2785,4659
2786,14
2787,1699
2788,1844
2789,
2790,189
2791,1277
2792,1306
2793,2888
2794,3636
2795,
2796,2686
2797,4577
2798,3078
2799,2978
2800,282
2801,615
2802,
2803,2828
2804,4337
2805,2495
2806,
2807,2753
2808,2080
2809,1269
2810,1871
2811,
2812,919
2813,34
2814,1812
2815,2174
2816,1830
2817,1644
2818,3568
2819,
2820,
2821,
2822,2480
2823,3156
2824,4966
2825,511
2826,2873
2827,2525
2828,1959
2829,861
2830,3431
2831,2826
2832,4332
2833,459
2834,2933
2835,2515
2836,466
2837,1174
2838,2797
2839,158
2840,1235
2841,4798
2842,2721
2843,
2844,1981
2845,
2846,
2847,1707
2848,4638
2849,1471
2850,1850
2851,148
2852,4678
2853,3837
2854,4208
2855,1353
2856,2300
2857,681
2858,53
2859,2631
2860,2112
2861,2406
2862,3357
2863,4661
2864,
2865,2775
2866,
2867,3007
2868,
2869,
2870,1326
2871,2574
2872,2386
2873,1429
2874,1281
2875,1942
2876,1519
2877,
2878,
2879,1942
2880,2155
2881,796
2882,4798
2883,377
2884,3114
2885,3524
2886,1214
2887,1002
2888,
2889,2000
2890,1807
2891,1114
2892,3887
2893,
2894,
2895,4878
2896,14
2897,1346
2898,3743
2899,3454
2900,4494
2901,1713
2902,1825
2903,4724
2904,
2905,2530
2906,
2907,2363
2908,3585
2909,3241
2910,3332
2911,3246
2912,1845
2913,1232
2914,196
2915,2827
2916,4818
2917,
2918,
2919,4598
2920,1727
2921,1631
2922,2059
2923,4351
2924,350
2925,2304
2926,1129
2927,
2928,4855
2929,
2930,
2931,3796
2932,3206
2933,268
2934,1151
2935,3957
2936,2316
2937,1000
2938,1926
2939,
2940,
2941,4890
2942,
2943,1644
2944,2413
2945,1018
2946,4630
2947,4150
2948,3745
2949,1827
2950,3256
2951,
2952,869
2953,2802
2954,
2955,130
2956,2848
2957,3655
2958,2793
2959,3776
2960,666
2961,2120
2962,2258
2963,1936
2964,2158
2965,2277
2966,781
2967,1786
2968,442
2969,4625
2970,4375
2971,2463
2972,1081
2973,
2974,
2975,3068
2976,4190
2977,2969
2978,3757
2979,
2980,1318
2981,1627
2982,1352
2983,3772
2984,
2985,1816
2986,345
2987,1977
2988,
2989,2051
2990,
2991,3194
2992,3661
2993,4874
2994,4322
2995,2670
2996,2445
2997,1181
2998,2192
2999,1183
3000,353
3001,2082
3002,4680
3003,386
3004,3522
3005,1309
3006,1184
3007,1054
3008,756
3009,3771
3010,3716
3011,3057
3012,2473
3013,1322
3014,4508
3015,4978
3016,4791
3017,1163
3018,1719
3019,3715
3020,1133
3021,2818
3022,1858
3023,4276
3024,4382
3025,2464
3026,1341
3027,3806
3028,4539
3029,742
3030,1834
3031,3066
3032,501
3033,320
3034,
3035,2041
3036,3692
3037,1952
3038,
3039,1067
3040,3906
3041,2112
3042,
3043,3847
3044,2154
3045,1925
3046,97
3047,
3048,3737
3049,1736
3050,3941
3051,2407
3052,1305
3053,
3054,3738
3055,3801
3056,2687
3057,1236
3058,4416
3059,
3060,675
3061,2881
3062,1129
3063,
3064,
3065,3671
3066,783
3067,886
3068,2591
3069,1846
3070,
3071,3488
3072,1039
3073,
3074,2328
3075,70
3076,2423
3077,4876
3078,78
3079,3263
3080,2519
3081,3491
3082,
3083,582
3084,433
3085,2726
3086,1221
3087,53
3088,1763
3089,4256
3090,2088
3091,390
3092,4046
3093,3186
3094,1936
3095,1075
3096,3263
3097,847
3098,1524
3099,1924
3100,3562
3101,
3102,4476
3103,
3104,
3105,4284
3106,3591
3107,2511
3108,
3109,885
3110,989
3111,661
3112,6
3113,4876
3114,3877
3115,1864
3116,
3117,834
3118,4419
3119,2165
3120,2210
3121,3388
3122,2876
3123,4713
3124,
3125,488
3126,2156
3127,206
3128,3918
3129,3863
3130,476
3131,1242
3132,1429
3133,1231
3134,1517
3135,315
3136,1512
3137,592
3138,3028
3139,
3140,2851
3141,2160
3142,1468
3143,1705
3144,477
3145,1512
3146,938
3147,3795
3148,4273
3149,3342
3150,
3151,1477
3152,1091
3153,3107
3154,1655
3155,167
3156,1651
3157,3187
3158,3551
3159,4460
3160,4834
3161,
3162,434
3163,1980
3164,2141
3165,2020
3166,163
3167,2853
3168,
3169,1501
3170,1711
3171,
3172,3278
3173,3892
3174,2147
3175,4607
3176,106
3177,4565
3178,1512
3179,3929
3180,
3181,3143
3182,
3183,2509
3184,3585
3185,2890
3186,2937
3187,3647
3188,3927
3189,675
3190,
3191,
3192,
3193,2445
3194,2514
3195,2650
3196,2163
3197,1147
3198,3479
3199,4711
3200,2669
3201,
3202,3972
3203,2927
3204,1799
3205,3038
3206,559
3207,1416
3208,2720
3209,4415
3210,3868
3211,2158
3212,
3213,2712
3214,2703
3215,1971
3216,
3217,2708
3218,4005
3219,2922
3220,3404
3221,4608
3222,2451
3223,2809
3224,750
3225,2374
3226,2009
3227,3284
3228,3116
3229,3315
3230,1591
3231,1166
3232,1892
3233,3250
3234,3437
3235,3691
3236,3781
3237,1309
3238,1761
3239,3373
3240,
3241,455
3242,
3243,4287
3244,3976
3245,2031
3246,2679
3247,1373
3248,3672
3249,
3250,3317
3251,4155
3252,4996
3253,2697
3254,3198
3255,3555
3256,4215
3257,3964
3258,
3259,
3260,2094
3261,3664
3262,2447
3263,3240
3264,2128
3265,546
3266,3092
3267,2453
3268,4875
3269,4804
3270,109
3271,1659
3272,3798
3273,2203
3274,3265
3275,1243
3276,
3277,2113
3278,1673
3279,2805
3280,2697
3281,1855
3282,3987
3283,1168
3284,
3285,912
3286,3984
3287,1225
3288,4075
3289,127
3290,
3291,2950
3292,4183
3293,1887
3294,
3295,315
3296,2465
3297,1138
3298,3021
3299,492
3300,1587
3301,4595
3302,1620
3303,
3304,4067
3305,1511
3306,
3307,900
3308,2988
3309,3969
3310,4630
3311,2753
3312,1004
3313,4897
3314,2242
3315,2544
3316,4097
3317,3099
3318,437
3319,
3320,4294
3321,
3322,2116
3323,2605
3324,4353
3325,3175
3326,2607
3327,4887
3328,4805
3329,3500
3330,2961
3331,
3332,1209
3333,2250
3334,4799
3335,2606
3336,2764
3337,3747
3338,
3339,2733
3340,1021
3341,
3342,4810
3343,2017
3344,1380
3345,2889
3346,3136
3347,4266
3348,603
3349,1635
3350,
3351,3495
3352,4251
3353,4971
3354,2829
3355,
3356,
3357,4847
3358,1861
3359,204
3360,1988
3361,4172
3362,2364
3363,1195
3364,4691
3365,2531
3366,2665
3367,1726
3368,3836
3369,813
3370,1422
3371,
3372,
3373,4257
3374,3001
3375,
3376,
3377,3366
3378,3610
3379,3234
3380,3338
3381,793
3382,2958
3383,4309
3384,1941
3385,4150
3386,2208
3387,
3388,2661
3389,2190
3390,795
3391,3838
3392,3288
3393,424
3394,1209
3395,
3396,3917
3397,4232
3398,4861
3399,1914
3400,1923
3401,3434
3402,3066
3403,509
3404,
3405,330
3406,807
3407,3884
3408,1964
3409,1208
3410,3396
3411,1407
3412,1099
3413,1901
3414,2876
3415,2619
3416,
3417,3011
3418,846
3419,3112
3420,1060
3421,4596
3422,
3423,4363
3424,2408
3425,3565
3426,1649
3427,3402
3428,
3429,69
3430,
3431,405
3432,3162
3433,1881
3434,3362
3435,4135
3436,3569
3437,
3438,3496
3439,1765
3440,2816
3441,2403
3442,3108
3443,4761
3444,381
3445,1730
3446,4842
3447,4250
3448,2150
3449,925
3450,235
3451,2313
3452,1141
3453,192
3454,3324
3455,2343
3456,
3457,1666
3458,2589
3459,
3460,3106
3461,
3462,562
3463,3683
3464,3467
3465,3104
3466,670
3467,266
3468,
3469,
3470,3012
3471,4789
3472,704
3473,1620
3474,2836
3475,199
3476,3304
3477,1073
3478,1351
3479,2667
3480,
3481,3269
3482,1121
3483,4823
3484,
3485,4050
3486,1938
3487,4488
3488,1803
3489,4164
3490,
3491,3594
3492,3829
3493,1971
3494,501
3495,1455
3496,3614
3497,1848
3498,3390
3499,4077
3500,4792
3501,182
3502,
3503,4578
3504,
3505,
3506,2468
3507,1659
3508,3322
3509,
3510,647
3511,2300
3512,2158
3513,3977
3514,1021
3515,
3516,1064
3517,98
3518,1350
3519,4866
3520,1460
3521,2055
3522,394
3523,2366
3524,4111
3525,2268
3526,506
3527,2389
3528,3158
3529,3041
3530,4260
3531,3792
3532,1676
3533,1168
3534,1388
3535,4247
3536,1230
3537,619
3538,4342
3539,3462
3540,1712
3541,2168
3542,
3543,769
3544,
3545,1263
3546,2379
3547,2049
3548,54
3549,4921
3550,4188
3551,1665
3552,2704
3553,1547
3554,2034
3555,2338
3556,
3557,2885
3558,3477
3559,182
3560,
3561,2080
3562,
3563,309
3564,3747
3565,3595
3566,2725
3567,
3568,199
3569,1041
3570,3502
3571,66
3572,4416
3573,2875
3574,3143
3575,3756
3576,3476
3577,2855
3578,4151
3579,
3580,122
3581,4702
3582,3483
3583,946
3584,3356
3585,1048
3586,3748
3587,419
3588,
3589,344
3590,948
3591,2122
3592,3966
3593,4999
3594,338
3595,1474
3596,2575
3597,
3598,1133
3599,3180
3600,4469
3601,3459
3602,4476
3603,2076
3604,4896
3605,
3606,3716
3607,1779
3608,3460
3609,29
3610,3123
3611,3491
3612,1166
3613,4134
3614,358
3615,243
3616,3569
3617,3470
3618,
3619,2707
3620,4416
3621,4796
3622,4389
3623,2366
3624,1292
3625,1432
3626,3691
3627,1802
3628,
3629,290
3630,4663
3631,3059
3632,1806
3633,2354
3634,4208
3635,3141
3636,164
3637,
3638,3968
3639,3466
3640,213
3641,3998
3642,749
3643,390
3644,656
3645,2042
3646,8
3647,3169
3648,3308
3649,
3650,
3651,3386
3652,4804
3653,1973
3654,1403
3655,1404
3656,
3657,23
3658,3144
3659,
3660,
3661,4264
3662,1559
3663,334
3664,2088
3665,3384
3666,
3667,3085
3668,1187
3669,4931
3670,1498
3671,3331
3672,
3673,2270
3674,1827
3675,3941
3676,7
3677,3786
3678,4872
3679,2679
3680,3400
3681,1307
3682,4059
3683,2689
3684,4054
3685,2554
3686,145
3687,2454
3688,3585
3689,2275
3690,3795
3691,1224
3692,3137
3693,2786
3694,4060
3695,1294
3696,12
3697,461
3698,
3699,1898
3700,644
3701,213
3702,1137
3703,3030
3704,4949
3705,1257
3706,
3707,4904
3708,944
3709,2182
3710,462
3711,3729
3712,4789
3713,89
3714,84
3715,3042
3716,2540
3717,1650
3718,3730
3719,4495
3720,3669
3721,3609
3722,1359
3723,3003
3724,2705
3725,4220
3726,3430
3727,4480
3728,605
3729,
3730,530
3731,1054
3732,1236
3733,3098
3734,51
3735,4742
3736,1231
3737,4873
3738,4436
3739,
3740,4984
3741,3813
3742,4434
3743,3479
3744,1137
3745,2247
3746,59
3747,
3748,1955
3749,3903
3750,4002
3751,2026
3752,4059
3753,4185
3754,4288
3755,2840
3756,2388
3757,
3758,2266
3759,3921
3760,2080
3761,2561
3762,
3763,
3764,3651
3765,1280
3766,2447
3767,695
3768,4529
3769,775
3770,3285
3771,1767
3772,1974
3773,820
3774,242
3775,4064
3776,2182
3777,
3778,844
3779,422
3780,4024
3781,3812
3782,431
3783,1306
3784,2690
3785,2553
3786,312
3787,1013
3788,1845
3789,
3790,378
3791,4332
3792,3895
3793,
3794,3759
3795,4363
3796,
3797,4335
3798,2186
3799,4885
3800,3236
3801,2793
3802,4803
3803,
3804,4005
3805,3986
3806,2068
3807,4532
3808,
3809,203
3810,476
3811,4966
3812,2973
3813,3152
3814,436
3815,996
3816,2136
3817,2451
3818,25
3819,4945
3820,785
3821,
3822,3979
3823,3037
3824,3028
3825,4884
3826,2068
3827,
3828,358
3829,399
3830,
3831,
3832,4600
3833,4231
3834,3457
3835,63
3836,
3837,2273
3838,
3839,
3840,4648
3841,209
3842,227
3843,3040
3844,2329
3845,1359
3846,1614
3847,95
3848,2607
3849,3839
3850,4566
3851,4374
3852,1463
3853,1979
3854,3861
3855,
3856,
3857,2006
3858,2734
3859,2159
3860,3781
3861,
3862,727
3863,1470
3864,4155
3865,3305
3866,3455
3867,2756
3868,1278
3869,3747
3870,110
3871,
3872,1176
3873,1001
3874,2880
3875,3679
3876,
3877,448
3878,2221
3879,4344
3880,3251
3881,3354
3882,552
3883,3875
3884,46
3885,1165
3886,299
3887,3175
3888,757
3889,3235
3890,830
3891,660
3892,2587
3893,3466
3894,1160
3895,1547
3896,
3897,1546
3898,4677
3899,
3900,
3901,2593
3902,4953
3903,2027
3904,3080
3905,
3906,902
3907,3527
3908,4882
3909,1316
3910,3559
3911,4438
3912,4899
3913,
3914,2623
3915,3677
3916,
3917,
3918,1084
3919,1543
3920,4682
3921,
3922,3837
3923,4906
3924,1540
3925,2748
3926,4443
3927,3568
3928,
3929,631
3930,
3931,1838
3932,1852
3933,1953
3934,
3935,3126
3936,1158
3937,
3938,662
3939,2791
3940,4705
3941,3325
3942,2398
3943,302
3944,3453
3945,331
3946,497
3947,
3948,
3949,
3950,1822
3951,1395
3952,404
3953,
3954,635
3955,863
3956,
3957,
3958,
3959,2335
3960,
3961,4697
3962,
3963,3035
3964,
3965,
3966,
3967,3325
3968,2895
3969,
3970,4263
3971,47
3972,1213
3973,
3974,468
3975,3530
3976,4283
3977,2749
3978,2520
3979,
3980,3655
3981,2789
3982,4551
3983,146
3984,
3985,409
3986,
3987,918
3988,2937
3989,1535
3990,1154
3991,
3992,
3993,
3994,1042
3995,3215
3996,49
3997,1949
3998,1144
3999,969
4000,3434
4001,1898
4002,2939
4003,
4004,
4005,3018
4006,3480
4007,3859
4008,602
4009,
4010,
4011,3412
4012,3609
4013,4080
4014,
4015,887
4016,4397
4017,913
4018,3145
4019,2752
4020,3761
4021,944
4022,1290
4023,1522
4024,1195
4025,4401
4026,4128
4027,140
4028,
4029,3425
4030,2827
4031,3267
4032,
4033,2579
4034,1275
4035,672
4036,1363
4037,1263
4038,2208
4039,3068
4040,
4041,4019
4042,732
4043,4344
4044,537
4045,4704
4046,1763
4047,1165
4048,2880
4049,4678
4050,3281
4051,
4052,3617
4053,3231
4054,4857
4055,1782
4056,4099
4057,602
4058,2464
4059,781
4060,927
4061,1615
4062,301
4063,828
4064,
4065,4576
4066,385
4067,4569
4068,3127
4069,
4070,2038
4071,1813
4072,3191
4073,4621
4074,3402
4075,1211
4076,3032
4077,4526
4078,4313
4079,2895
4080,2802
4081,2148
4082,4948
4083,
4084,3187
4085,2890
4086,2052
4087,2018
4088,3340
4089,4508
4090,1454
4091,
4092,376
4093,
4094,3643
4095,1124
4096,2033
4097,
4098,3871
4099,3809
4100,536
4101,
4102,2754
4103,3874
4104,2889
4105,2108
4106,3298
4107,
4108,2536
4109,232
4110,
4111,2440
4112,2556
4113,2877
4114,3879
4115,4507
4116,1642
4117,2647
4118,3589
4119,3071
4120,3147
4121,3874
4122,686
4123,
4124,1872
4125,
4126,3566
4127,4851
4128,2961
4129,3954
4130,3106
4131,
4132,48
4133,71
4134,760
4135,4600
4136,
4137,128
4138,4901
4139,1558
4140,2595
4141,2390
4142,
4143,3175
4144,2249
4145,3749
4146,3608
4147,
4148,1914
4149,1941
4150,
4151,1253
4152,556
4153,266
4154,2503
4155,
4156,2683
4157,2162
4158,
4159,
4160,2538
4161,1869
4162,4489
4163,2259
4164,897
4165,4194
4166,4432
4167,269
4168,4226
4169,3298
4170,4489
4171,3159
4172,2412
4173,193
4174,3024
4175,2901
4176,2061
4177,
4178,4916
4179,332
4180,4876
4181,2164
4182,2972
4183,1901
4184,1185
4185,4496
4186,1581
4187,2765
4188,140
4189,
4190,4904
4191,3358
4192,
4193,2670
4194,1218
4195,
4196,
4197,2366
4198,2256
4199,149
4200,761
4201,2568
4202,1459
4203,
4204,3175
4205,3516
4206,
4207,3136
4208,3380
4209,543
4210,2878
4211,4482
4212,
4213,4578
4214,104
4215,371
4216,1286
4217,
4218,3635
4219,
4220,3246
4221,
4222,1571
4223,
4224,4460
4225,2542
4226,138
4227,7
4228,4596
4229,1679
4230,2114
4231,1193
4232,
4233,4196
4234,4014
4235,1988
4236,2404
4237,2289
4238,1956
4239,2422
4240,
4241,
4242,2898
4243,
4244,2047
4245,
4246,2864
4247,263
4248,922
4249,2650
4250,4857
4251,2683
4252,1892
4253,1979
4254,2288
4255,227
4256,4604
4257,2605
4258,4089
4259,2118
4260,
4261,1709
4262,3344
4263,701
4264,2006
4265,
4266,3342
4267,
4268,
4269,1562
4270,1084
4271,4477
4272,1547
4273,3771
4274,1251
4275,1979
4276,1719
4277,
4278,2965
4279,1599
4280,4365
4281,176
4282,192
4283,
4284,3750
4285,1036
4286,1019
4287,2104
4288,30
4289,97
4290,
4291,2275
4292,385
4293,1386
4294,
4295,3302
4296,3871
4297,
4298,4296
4299,4136
4300,198
4301,1044
4302,3645
4303,
4304,4034
4305,4996
4306,388
4307,1407
4308,4721
4309,458
4310,3085
4311,716
4312,3236
4313,1327
4314,4892
4315,698
4316,4573
4317,449
4318,448
4319,3745
4320,1929
4321,2077
4322,
4323,
4324,2041
4325,3912
4326,2090
4327,3604
4328,1833
4329,3687
4330,
4331,3813
4332,
4333,1936
4334,4128
4335,4875
4336,4945
4337,378
4338,681
4339,
4340,4344
4341,4509
4342,4976
4343,2431
4344,3204
4345,
4346,
4347,3030
4348,1599
4349,570
4350,4523
4351,2010
4352,4333
4353,
4354,4788
4355,3941
4356,4753
4357,3385
4358,1459
4359,
4360,3559
4361,2465
4362,2728
4363,3166
4364,210
4365,4914
4366,4144
4367,22
4368,2296
4369,276
4370,2971
4371,2405
4372,64
4373,1415
4374,2934
4375,4573
4376,
4377,3561
4378,
4379,1838
4380,1832
4381,384
4382,301
4383,4569
4384,1035
4385,4840
4386,3208
4387,72
4388,1118
4389,3625
4390,3873
4391,3963
4392,2541
4393,4486
4394,
4395,4599
4396,3350
4397,
4398,564
4399,4430
4400,244
4401,3044
4402,487
4403,420
4404,1431
4405,3762
4406,3530
4407,2010
4408,2924
4409,2569
4410,3678
4411,509
4412,1681
4413,1230
4414,1776
4415,4233
4416,3079
4417,3771
4418,1409
4419,3513
4420,2547
4421,1411
4422,524
4423,4620
4424,677
4425,194
4426,
4427,706
4428,3947
4429,
4430,2119
4431,1166
4432,4259
4433,2100
4434,4042
4435,1046
4436,4743
4437,
4438,2319
4439,1806
4440,931
4441,
4442,2496
4443,
4444,1352
4445,1088
4446,2614
4447,2814
4448,4459
4449,2927
4450,3536
4451,584
4452,4357
4453,
4454,
4455,
4456,3974
4457,601
4458,263
4459,1900
4460,2243
4461,1145
4462,1951
4463,4238
4464,3363
4465,
4466,
4467,2901
4468,3572
4469,1883
4470,3514
4471,1661
4472,1374
4473,1350
4474,2025
4475,3902
4476,617
4477,429
4478,3047
4479,1599
4480,1966
4481,4095
4482,3107
4483,4849
4484,4143
4485,480
4486,1740
4487,
4488,4896
4489,
4490,
4491,2475
4492,3723
4493,140
4494,2367
4495,3164
4496,
4497,597
4498,1431
4499,2212
4500,2652
4501,4371
4502,3516
4503,148
4504,4370
4505,2322
4506,322
4507,
4508,3320
4509,535
4510,2983
4511,4674
4512,
4513,2618
4514,4484
4515,625
4516,4391
4517,893
4518,2301
4519,
4520,782
4521,2811
4522,1820
4523,80
4524,2415
4525,185
4526,
4527,1194
4528,
4529,
4530,412
4531,
4532,1759
4533,4592
4534,603
4535,4229
4536,1856
4537,2059
4538,869
4539,4382
4540,1021
4541,1860
4542,4961
4543,2507
4544,649
4545,3222
4546,713
4547,2890
4548,4482
4549,431
4550,1695
4551,
4552,3481
4553,1132
4554,782
4555,
4556,4776
4557,1851
4558,19
4559,3473
4560,2454
4561,2061
4562,1451
4563,604
4564,887
4565,4797
4566,340
4567,2902
4568,
4569,
4570,401
4571,3441
4572,
4573,321
4574,2753
4575,759
4576,3385
4577,
4578,3401
4579,4016
4580,1095
4581,1136
4582,4129
4583,4103
4584,1656
4585,4844
4586,1333
4587,3419
4588,548
4589,4411
4590,4157
4591,499
4592,3763
4593,644
4594,1840
4595,2791
4596,
4597,847
4598,2289
4599,4088
4600,3463
4601,1217
4602,2591
4603,2156
4604,
4605,196
4606,3234
4607,2051
4608,3123
4609,358
4610,2475
4611,
4612,631
4613,2385
4614,2916
4615,4370
4616,2920
4617,1232
4618,1775
4619,1671
4620,
4621,3208
4622,1035
4623,467
4624,1085
4625,2900
4626,577
4627,1166
4628,4912
4629,1625
4630,4786
4631,2535
4632,1151
4633,4348
4634,1869
4635,4749
4636,
4637,2159
4638,
4639,641
4640,451
4641,4564
4642,1110
4643,577
4644,855
4645,4896
4646,2634
4647,1858
4648,3376
4649,290
4650,2976
4651,4350
4652,2773
4653,3057
4654,3579
4655,2685
4656,4997
4657,999
4658,2724
4659,1586
4660,3933
4661,233
4662,3106
4663,47
4664,1978
4665,87
4666,3204
4667,
4668,3564
4669,2705
4670,645
4671,2864
4672,701
4673,2025
4674,3879
4675,
4676,
4677,1106
4678,3776
4679,1163
4680,1908
4681,2255
4682,2713
4683,4137
4684,4905
4685,1691
4686,4652
4687,740
4688,752
4689,
4690,
4691,355
4692,422
4693,405
4694,3098
4695,2919
4696,3355
4697,3523
4698,4579
4699,3764
4700,2203
4701,3888
4702,2723
4703,
4704,
4705,1762
4706,1041
4707,3258
4708,2364
4709,1544
4710,2140
4711,4721
4712,2195
4713,2522
4714,1466
4715,3473
4716,3837
4717,4950
4718,2599
4719,2200
4720,3753
4721,3974
4722,725
4723,1735
4724,4183
4725,3838
4726,2608
4727,3799
4728,1266
4729,
4730,4633
4731,
4732,
4733,
4734,
4735,4400
4736,29
4737,
4738,3153
4739,3448
4740,1162
4741,1827
4742,4506
4743,4277
4744,
4745,2554
4746,4830
4747,1131
4748,4449
4749,2545
4750,4157
4751,1620
4752,2119
4753,2887
4754,4893
4755,
4756,4328
4757,
4758,1165
4759,2731
4760,3054
4761,
4762,
4763,289
4764,1946
4765,2810
4766,3799
4767,2562
4768,4720
4769,3972
4770,1045
4771,2680
4772,2837
4773,1181
4774,3141
4775,1843
4776,3457
4777,2298
4778,371
4779,850
4780,4097
4781,3049
4782,3050
4783,1204
4784,4649
4785,3872
4786,4765
4787,
4788,4951
4789,3725
4790,3368
4791,
4792,
4793,4704
4794,2863
4795,
4796,2648
4797,4339
4798,602
4799,1536
4800,1787
4801,4157
4802,1025
4803,4902
4804,4871
4805,4028
4806,2246
4807,4294
4808,2055
4809,3189
4810,2312
4811,100
4812,1906
4813,1062
4814,2177
4815,
4816,2218
4817,
4818,728
4819,4484
4820,915
4821,2109
4822,2141
4823,4680
4824,426
4825,2199
4826,4871
4827,2633
4828,1027
4829,872
4830,2342
4831,709
4832,1781
4833,885
4834,1431
4835,2181
4836,2767
4837,3597
4838,3903
4839,4060
4840,1826
4841,4655
4842,2135
4843,1193
4844,1366
4845,
4846,
4847,4335
4848,1082
4849,3004
4850,3819
4851,3563
4852,2803
4853,1443
4854,1400
4855,1092
4856,4464
4857,828
4858,483
4859,1161
4860,2547
4861,3778
4862,
4863,4698
4864,3797
4865,3152
4866,3426
4867,2127
4868,
4869,4164
4870,788
4871,630
4872,3492
4873,1111
4874,1046
4875,4576
4876,3131
4877,1705
4878,1232
4879,368
4880,1722
4881,3126
4882,321
4883,
4884,4161
4885,4393
4886,1760
4887,2198
4888,58
4889,3041
4890,
4891,3561
4892,4674
4893,1478
4894,353
4895,
4896,1757
4897,
4898,968
4899,4975
4900,1589
4901,
4902,4197
4903,1282
4904,1222
4905,2562
4906,2918
4907,3932
4908,1924
4909,4285
4910,3031
4911,4810
4912,3789
4913,1042
4914,271
4915,
4916,3494
4917,556
4918,3355
4919,
4920,3498
4921,
4922,3066
4923,1065
4924,4804
4925,4352
4926,3981
4927,998
4928,1964
4929,2261
4930,2918
4931,3788
4932,447
4933,483
4934,2401
4935,
4936,4929
4937,2470
4938,3630
4939,3284
4940,1844
4941,2142
4942,2948
4943,3086
4944,1057
4945,
4946,891
4947,621
4948,2971
4949,2371
4950,4940
4951,
4952,3576
4953,3064
4954,
4955,245
4956,2870
4957,
4958,
4959,1940
4960,4595
4961,
4962,554
4963,
4964,
4965,3501
4966,
4967,1913
4968,3566
4969,3815
4970,3754
4971,
4972,4904
4973,
4974,178
4975,4244
4976,2160
4977,
4978,2643
4979,1855
4980,3055
4981,4041
4982,
4983,4995
4984,1944
4985,4567
4986,
4987,2889
4988,2715
4989,2726
4990,2245
4991,4645
4992,
4993,1684
4994,4317
4995,2610
4996,3944
4997,3041
4998,
4999,
5000,3749
